ISO-10303-21;
HEADER;
/* Generated by software containing ST-Developer
 * from STEP Tools, Inc. (www.steptools.com) 
 */

FILE_DESCRIPTION(
/* description */ (''),
/* implementation_level */ '2;1');

FILE_NAME(
/* name */ 'ac921110-75da-4985-a1e9-49e592b58168.stp',
/* time_stamp */ '2026-04-22T01:05:39Z',
/* author */ (''),
/* organization */ (''),
/* preprocessor_version */ 'ST-DEVELOPER v20.1',
/* originating_system */ 'Autodesk Translation Framework v15.8.0.0',
/* authorisation */ '');

FILE_SCHEMA (('AUTOMOTIVE_DESIGN { 1 0 10303 214 3 1 1 }'));
ENDSEC;

DATA;
#10=MECHANICAL_DESIGN_GEOMETRIC_PRESENTATION_REPRESENTATION('',(#13),#16599);
#11=SHAPE_REPRESENTATION_RELATIONSHIP('SRR','None',#16606,#12);
#12=ADVANCED_BREP_SHAPE_REPRESENTATION('',(#14),#16598);
#13=STYLED_ITEM('',(#16615),#14);
#14=MANIFOLD_SOLID_BREP('Body1',#9753);
#15=FACE_BOUND('',#1711,.T.);
#16=FACE_BOUND('',#1733,.T.);
#17=FACE_BOUND('',#1919,.T.);
#18=FACE_BOUND('',#1984,.T.);
#19=FACE_BOUND('',#1985,.T.);
#20=FACE_BOUND('',#1986,.T.);
#21=FACE_BOUND('',#1987,.T.);
#22=B_SPLINE_SURFACE_WITH_KNOTS('',2,1,((#12935,#12936),(#12937,#12938),
(#12939,#12940)),.UNSPECIFIED.,.F.,.F.,.F.,(3,3),(2,2),(0.,1.),(0.,0.4),
 .UNSPECIFIED.);
#23=B_SPLINE_SURFACE_WITH_KNOTS('',2,1,((#12963,#12964),(#12965,#12966),
(#12967,#12968)),.UNSPECIFIED.,.F.,.F.,.F.,(3,3),(2,2),(0.,1.),(0.,0.4),
 .UNSPECIFIED.);
#24=B_SPLINE_SURFACE_WITH_KNOTS('',2,1,((#13000,#13001),(#13002,#13003),
(#13004,#13005)),.UNSPECIFIED.,.F.,.F.,.F.,(3,3),(2,2),(0.,0.476584696801361),
(0.,0.4),.UNSPECIFIED.);
#25=B_SPLINE_SURFACE_WITH_KNOTS('',2,1,((#13035,#13036),(#13037,#13038),
(#13039,#13040)),.UNSPECIFIED.,.F.,.F.,.F.,(3,3),(2,2),(0.,1.),(0.,0.4),
 .UNSPECIFIED.);
#26=B_SPLINE_SURFACE_WITH_KNOTS('',2,1,((#13069,#13070),(#13071,#13072),
(#13073,#13074)),.UNSPECIFIED.,.F.,.F.,.F.,(3,3),(2,2),(0.,1.),(0.,0.4),
 .UNSPECIFIED.);
#27=B_SPLINE_SURFACE_WITH_KNOTS('',2,1,((#13094,#13095),(#13096,#13097),
(#13098,#13099)),.UNSPECIFIED.,.F.,.F.,.F.,(3,3),(2,2),(0.,1.),(0.,0.4),
 .UNSPECIFIED.);
#28=B_SPLINE_SURFACE_WITH_KNOTS('',2,1,((#13112,#13113),(#13114,#13115),
(#13116,#13117)),.UNSPECIFIED.,.F.,.F.,.F.,(3,3),(2,2),(0.,1.),(0.,0.4),
 .UNSPECIFIED.);
#29=B_SPLINE_SURFACE_WITH_KNOTS('',2,1,((#13127,#13128),(#13129,#13130),
(#13131,#13132)),.UNSPECIFIED.,.F.,.F.,.F.,(3,3),(2,2),(0.,1.),(0.,0.4),
 .UNSPECIFIED.);
#30=B_SPLINE_SURFACE_WITH_KNOTS('',2,1,((#13142,#13143),(#13144,#13145),
(#13146,#13147)),.UNSPECIFIED.,.F.,.F.,.F.,(3,3),(2,2),(0.,1.),(0.,0.4),
 .UNSPECIFIED.);
#31=B_SPLINE_SURFACE_WITH_KNOTS('',2,1,((#13157,#13158),(#13159,#13160),
(#13161,#13162)),.UNSPECIFIED.,.F.,.F.,.F.,(3,3),(2,2),(0.,1.),(0.,0.4),
 .UNSPECIFIED.);
#32=B_SPLINE_SURFACE_WITH_KNOTS('',2,1,((#13172,#13173),(#13174,#13175),
(#13176,#13177)),.UNSPECIFIED.,.F.,.F.,.F.,(3,3),(2,2),(0.,1.),(0.,0.4),
 .UNSPECIFIED.);
#33=B_SPLINE_SURFACE_WITH_KNOTS('',2,1,((#13184,#13185),(#13186,#13187),
(#13188,#13189)),.UNSPECIFIED.,.F.,.F.,.F.,(3,3),(2,2),(-0.864234668161989,
-0.476584696805889),(0.,0.4),.UNSPECIFIED.);
#34=B_SPLINE_SURFACE_WITH_KNOTS('',2,1,((#13200,#13201),(#13202,#13203),
(#13204,#13205)),.UNSPECIFIED.,.F.,.F.,.F.,(3,3),(2,2),(0.,0.883368465360646),
(0.,0.4),.UNSPECIFIED.);
#35=B_SPLINE_SURFACE_WITH_KNOTS('',2,1,((#13216,#13217),(#13218,#13219),
(#13220,#13221)),.UNSPECIFIED.,.F.,.F.,.F.,(3,3),(2,2),(0.,1.),(0.,0.4),
 .UNSPECIFIED.);
#36=B_SPLINE_SURFACE_WITH_KNOTS('',2,1,((#13231,#13232),(#13233,#13234),
(#13235,#13236)),.UNSPECIFIED.,.F.,.F.,.F.,(3,3),(2,2),(0.,1.),(0.,0.4),
 .UNSPECIFIED.);
#37=B_SPLINE_SURFACE_WITH_KNOTS('',2,1,((#13246,#13247),(#13248,#13249),
(#13250,#13251)),.UNSPECIFIED.,.F.,.F.,.F.,(3,3),(2,2),(0.,1.),(0.,0.4),
 .UNSPECIFIED.);
#38=B_SPLINE_SURFACE_WITH_KNOTS('',2,1,((#13267,#13268),(#13269,#13270),
(#13271,#13272)),.UNSPECIFIED.,.F.,.F.,.F.,(3,3),(2,2),(0.,1.),(0.,0.4),
 .UNSPECIFIED.);
#39=B_SPLINE_SURFACE_WITH_KNOTS('',2,1,((#13282,#13283),(#13284,#13285),
(#13286,#13287)),.UNSPECIFIED.,.F.,.F.,.F.,(3,3),(2,2),(0.,1.),(0.,0.4),
 .UNSPECIFIED.);
#40=B_SPLINE_SURFACE_WITH_KNOTS('',2,1,((#13297,#13298),(#13299,#13300),
(#13301,#13302)),.UNSPECIFIED.,.F.,.F.,.F.,(3,3),(2,2),(0.,1.),(0.,0.4),
 .UNSPECIFIED.);
#41=B_SPLINE_SURFACE_WITH_KNOTS('',2,1,((#13312,#13313),(#13314,#13315),
(#13316,#13317)),.UNSPECIFIED.,.F.,.F.,.F.,(3,3),(2,2),(0.,1.),(0.,0.4),
 .UNSPECIFIED.);
#42=B_SPLINE_SURFACE_WITH_KNOTS('',2,1,((#13324,#13325),(#13326,#13327),
(#13328,#13329)),.UNSPECIFIED.,.F.,.F.,.F.,(3,3),(2,2),(0.,1.),(0.,0.4),
 .UNSPECIFIED.);
#43=B_SPLINE_SURFACE_WITH_KNOTS('',2,1,((#13351,#13352),(#13353,#13354),
(#13355,#13356)),.UNSPECIFIED.,.F.,.F.,.F.,(3,3),(2,2),(0.,1.),(0.,0.4),
 .UNSPECIFIED.);
#44=B_SPLINE_SURFACE_WITH_KNOTS('',2,1,((#13366,#13367),(#13368,#13369),
(#13370,#13371)),.UNSPECIFIED.,.F.,.F.,.F.,(3,3),(2,2),(0.,1.),(0.,0.4),
 .UNSPECIFIED.);
#45=B_SPLINE_SURFACE_WITH_KNOTS('',2,1,((#13381,#13382),(#13383,#13384),
(#13385,#13386)),.UNSPECIFIED.,.F.,.F.,.F.,(3,3),(2,2),(0.,1.),(0.,0.4),
 .UNSPECIFIED.);
#46=B_SPLINE_SURFACE_WITH_KNOTS('',2,1,((#13396,#13397),(#13398,#13399),
(#13400,#13401)),.UNSPECIFIED.,.F.,.F.,.F.,(3,3),(2,2),(0.,1.),(0.,0.4),
 .UNSPECIFIED.);
#47=B_SPLINE_SURFACE_WITH_KNOTS('',2,1,((#13411,#13412),(#13413,#13414),
(#13415,#13416)),.UNSPECIFIED.,.F.,.F.,.F.,(3,3),(2,2),(0.,1.),(0.,0.4),
 .UNSPECIFIED.);
#48=B_SPLINE_SURFACE_WITH_KNOTS('',2,1,((#13426,#13427),(#13428,#13429),
(#13430,#13431)),.UNSPECIFIED.,.F.,.F.,.F.,(3,3),(2,2),(0.,1.),(0.,0.4),
 .UNSPECIFIED.);
#49=B_SPLINE_SURFACE_WITH_KNOTS('',2,1,((#13441,#13442),(#13443,#13444),
(#13445,#13446)),.UNSPECIFIED.,.F.,.F.,.F.,(3,3),(2,2),(0.,1.),(0.,0.4),
 .UNSPECIFIED.);
#50=B_SPLINE_SURFACE_WITH_KNOTS('',2,1,((#13456,#13457),(#13458,#13459),
(#13460,#13461)),.UNSPECIFIED.,.F.,.F.,.F.,(3,3),(2,2),(0.217548805903116,
1.),(0.,0.4),.UNSPECIFIED.);
#51=B_SPLINE_SURFACE_WITH_KNOTS('',2,1,((#13469,#13470),(#13471,#13472),
(#13473,#13474)),.UNSPECIFIED.,.F.,.F.,.F.,(3,3),(2,2),(0.,1.),(0.,0.4),
 .UNSPECIFIED.);
#52=B_SPLINE_SURFACE_WITH_KNOTS('',2,1,((#13484,#13485),(#13486,#13487),
(#13488,#13489)),.UNSPECIFIED.,.F.,.F.,.F.,(3,3),(2,2),(0.,1.),(0.,0.4),
 .UNSPECIFIED.);
#53=B_SPLINE_SURFACE_WITH_KNOTS('',2,1,((#13500,#13501),(#13502,#13503),
(#13504,#13505)),.UNSPECIFIED.,.F.,.F.,.F.,(3,3),(2,2),(0.,1.),(0.,0.4),
 .UNSPECIFIED.);
#54=B_SPLINE_SURFACE_WITH_KNOTS('',2,1,((#13516,#13517),(#13518,#13519),
(#13520,#13521)),.UNSPECIFIED.,.F.,.F.,.F.,(3,3),(2,2),(0.,1.),(0.,0.4),
 .UNSPECIFIED.);
#55=B_SPLINE_SURFACE_WITH_KNOTS('',2,1,((#13540,#13541),(#13542,#13543),
(#13544,#13545)),.UNSPECIFIED.,.F.,.F.,.F.,(3,3),(2,2),(0.,0.762206092862735),
(0.,0.4),.UNSPECIFIED.);
#56=B_SPLINE_SURFACE_WITH_KNOTS('',2,1,((#13555,#13556),(#13557,#13558),
(#13559,#13560)),.UNSPECIFIED.,.F.,.F.,.F.,(3,3),(2,2),(0.,1.),(0.,0.4),
 .UNSPECIFIED.);
#57=B_SPLINE_SURFACE_WITH_KNOTS('',2,1,((#13580,#13581),(#13582,#13583),
(#13584,#13585)),.UNSPECIFIED.,.F.,.F.,.F.,(3,3),(2,2),(0.,1.),(0.,0.4),
 .UNSPECIFIED.);
#58=B_SPLINE_SURFACE_WITH_KNOTS('',2,1,((#13595,#13596),(#13597,#13598),
(#13599,#13600)),.UNSPECIFIED.,.F.,.F.,.F.,(3,3),(2,2),(0.864234668162029,
1.),(0.,0.4),.UNSPECIFIED.);
#59=B_SPLINE_SURFACE_WITH_KNOTS('',2,1,((#13607,#13608),(#13609,#13610),
(#13611,#13612)),.UNSPECIFIED.,.F.,.F.,.F.,(3,3),(2,2),(-1.,-0.883368465360649),
(0.,0.4),.UNSPECIFIED.);
#60=B_SPLINE_SURFACE_WITH_KNOTS('',2,1,((#13628,#13629),(#13630,#13631),
(#13632,#13633)),.UNSPECIFIED.,.F.,.F.,.F.,(3,3),(2,2),(-0.217548805903112,
0.),(0.,0.4),.UNSPECIFIED.);
#61=B_SPLINE_SURFACE_WITH_KNOTS('',2,1,((#13640,#13641),(#13642,#13643),
(#13644,#13645)),.UNSPECIFIED.,.F.,.F.,.F.,(3,3),(2,2),(0.,1.),(0.,0.4),
 .UNSPECIFIED.);
#62=B_SPLINE_SURFACE_WITH_KNOTS('',2,1,((#13656,#13657),(#13658,#13659),
(#13660,#13661)),.UNSPECIFIED.,.F.,.F.,.F.,(3,3),(2,2),(0.,1.),(0.,0.4),
 .UNSPECIFIED.);
#63=B_SPLINE_SURFACE_WITH_KNOTS('',2,1,((#13672,#13673),(#13674,#13675),
(#13676,#13677)),.UNSPECIFIED.,.F.,.F.,.F.,(3,3),(2,2),(0.,1.),(0.,0.4),
 .UNSPECIFIED.);
#64=B_SPLINE_SURFACE_WITH_KNOTS('',2,1,((#13692,#13693),(#13694,#13695),
(#13696,#13697)),.UNSPECIFIED.,.F.,.F.,.F.,(3,3),(2,2),(0.,1.),(0.,0.4),
 .UNSPECIFIED.);
#65=B_SPLINE_SURFACE_WITH_KNOTS('',2,1,((#13708,#13709),(#13710,#13711),
(#13712,#13713)),.UNSPECIFIED.,.F.,.F.,.F.,(3,3),(2,2),(0.,1.),(0.,0.4),
 .UNSPECIFIED.);
#66=B_SPLINE_SURFACE_WITH_KNOTS('',2,1,((#13733,#13734),(#13735,#13736),
(#13737,#13738)),.UNSPECIFIED.,.F.,.F.,.F.,(3,3),(2,2),(0.,1.),(0.,0.4),
 .UNSPECIFIED.);
#67=B_SPLINE_SURFACE_WITH_KNOTS('',2,1,((#13748,#13749),(#13750,#13751),
(#13752,#13753)),.UNSPECIFIED.,.F.,.F.,.F.,(3,3),(2,2),(0.,1.),(0.,0.4),
 .UNSPECIFIED.);
#68=B_SPLINE_SURFACE_WITH_KNOTS('',2,1,((#13763,#13764),(#13765,#13766),
(#13767,#13768)),.UNSPECIFIED.,.F.,.F.,.F.,(3,3),(2,2),(0.208345087866584,
1.),(0.,0.4),.UNSPECIFIED.);
#69=B_SPLINE_SURFACE_WITH_KNOTS('',2,1,((#13778,#13779),(#13780,#13781),
(#13782,#13783)),.UNSPECIFIED.,.F.,.F.,.F.,(3,3),(2,2),(-0.601263436910113,
-0.380119540593734),(0.,0.4),.UNSPECIFIED.);
#70=B_SPLINE_SURFACE_WITH_KNOTS('',2,1,((#13802,#13803),(#13804,#13805),
(#13806,#13807)),.UNSPECIFIED.,.F.,.F.,.F.,(3,3),(2,2),(-0.208345087864733,
0.),(0.,0.4),.UNSPECIFIED.);
#71=B_SPLINE_SURFACE_WITH_KNOTS('',2,1,((#13814,#13815),(#13816,#13817),
(#13818,#13819)),.UNSPECIFIED.,.F.,.F.,.F.,(3,3),(2,2),(0.,0.380119540593611),
(0.,0.4),.UNSPECIFIED.);
#72=B_SPLINE_SURFACE_WITH_KNOTS('',2,1,((#13829,#13830),(#13831,#13832),
(#13833,#13834)),.UNSPECIFIED.,.F.,.F.,.F.,(3,3),(2,2),(0.,1.),(0.,0.4),
 .UNSPECIFIED.);
#73=B_SPLINE_SURFACE_WITH_KNOTS('',2,1,((#13844,#13845),(#13846,#13847),
(#13848,#13849)),.UNSPECIFIED.,.F.,.F.,.F.,(3,3),(2,2),(0.,1.),(0.,0.4),
 .UNSPECIFIED.);
#74=B_SPLINE_SURFACE_WITH_KNOTS('',2,1,((#13859,#13860),(#13861,#13862),
(#13863,#13864)),.UNSPECIFIED.,.F.,.F.,.F.,(3,3),(2,2),(0.,1.),(0.,0.4),
 .UNSPECIFIED.);
#75=B_SPLINE_SURFACE_WITH_KNOTS('',2,1,((#13874,#13875),(#13876,#13877),
(#13878,#13879)),.UNSPECIFIED.,.F.,.F.,.F.,(3,3),(2,2),(0.,1.),(0.,0.4),
 .UNSPECIFIED.);
#76=B_SPLINE_SURFACE_WITH_KNOTS('',2,1,((#13889,#13890),(#13891,#13892),
(#13893,#13894)),.UNSPECIFIED.,.F.,.F.,.F.,(3,3),(2,2),(0.,1.),(0.,0.4),
 .UNSPECIFIED.);
#77=B_SPLINE_SURFACE_WITH_KNOTS('',2,1,((#13904,#13905),(#13906,#13907),
(#13908,#13909)),.UNSPECIFIED.,.F.,.F.,.F.,(3,3),(2,2),(0.,1.),(0.,0.4),
 .UNSPECIFIED.);
#78=B_SPLINE_SURFACE_WITH_KNOTS('',2,1,((#13919,#13920),(#13921,#13922),
(#13923,#13924)),.UNSPECIFIED.,.F.,.F.,.F.,(3,3),(2,2),(0.,1.),(0.,0.4),
 .UNSPECIFIED.);
#79=B_SPLINE_SURFACE_WITH_KNOTS('',2,1,((#13934,#13935),(#13936,#13937),
(#13938,#13939)),.UNSPECIFIED.,.F.,.F.,.F.,(3,3),(2,2),(0.,1.),(0.,0.4),
 .UNSPECIFIED.);
#80=B_SPLINE_SURFACE_WITH_KNOTS('',2,1,((#13949,#13950),(#13951,#13952),
(#13953,#13954)),.UNSPECIFIED.,.F.,.F.,.F.,(3,3),(2,2),(0.,1.),(0.,0.4),
 .UNSPECIFIED.);
#81=B_SPLINE_SURFACE_WITH_KNOTS('',2,1,((#13964,#13965),(#13966,#13967),
(#13968,#13969)),.UNSPECIFIED.,.F.,.F.,.F.,(3,3),(2,2),(0.,1.),(0.,0.4),
 .UNSPECIFIED.);
#82=B_SPLINE_SURFACE_WITH_KNOTS('',2,1,((#13979,#13980),(#13981,#13982),
(#13983,#13984)),.UNSPECIFIED.,.F.,.F.,.F.,(3,3),(2,2),(0.,1.),(0.,0.4),
 .UNSPECIFIED.);
#83=B_SPLINE_SURFACE_WITH_KNOTS('',2,1,((#13994,#13995),(#13996,#13997),
(#13998,#13999)),.UNSPECIFIED.,.F.,.F.,.F.,(3,3),(2,2),(0.,1.),(0.,0.4),
 .UNSPECIFIED.);
#84=B_SPLINE_SURFACE_WITH_KNOTS('',2,1,((#14009,#14010),(#14011,#14012),
(#14013,#14014)),.UNSPECIFIED.,.F.,.F.,.F.,(3,3),(2,2),(0.,1.),(0.,0.4),
 .UNSPECIFIED.);
#85=B_SPLINE_SURFACE_WITH_KNOTS('',2,1,((#14024,#14025),(#14026,#14027),
(#14028,#14029)),.UNSPECIFIED.,.F.,.F.,.F.,(3,3),(2,2),(0.,1.),(0.,0.4),
 .UNSPECIFIED.);
#86=B_SPLINE_SURFACE_WITH_KNOTS('',2,1,((#14039,#14040),(#14041,#14042),
(#14043,#14044)),.UNSPECIFIED.,.F.,.F.,.F.,(3,3),(2,2),(0.,1.),(0.,0.4),
 .UNSPECIFIED.);
#87=B_SPLINE_SURFACE_WITH_KNOTS('',2,1,((#14054,#14055),(#14056,#14057),
(#14058,#14059)),.UNSPECIFIED.,.F.,.F.,.F.,(3,3),(2,2),(0.601263436910129,
1.),(0.,0.4),.UNSPECIFIED.);
#88=B_SPLINE_SURFACE_WITH_KNOTS('',2,1,((#14066,#14067),(#14068,#14069),
(#14070,#14071)),.UNSPECIFIED.,.F.,.F.,.F.,(3,3),(2,2),(-1.,-0.76220609286274),
(0.,0.4),.UNSPECIFIED.);
#89=B_SPLINE_SURFACE_WITH_KNOTS('',2,1,((#14079,#14080),(#14081,#14082),
(#14083,#14084)),.UNSPECIFIED.,.F.,.F.,.F.,(3,3),(2,2),(0.,1.),(0.,0.4),
 .UNSPECIFIED.);
#90=B_SPLINE_SURFACE_WITH_KNOTS('',2,1,((#14098,#14099),(#14100,#14101),
(#14102,#14103)),.UNSPECIFIED.,.F.,.F.,.F.,(3,3),(2,2),(0.,1.),(0.,0.4),
 .UNSPECIFIED.);
#91=B_SPLINE_SURFACE_WITH_KNOTS('',2,1,((#14123,#14124),(#14125,#14126),
(#14127,#14128)),.UNSPECIFIED.,.F.,.F.,.F.,(3,3),(2,2),(0.,1.),(0.,0.4),
 .UNSPECIFIED.);
#92=B_SPLINE_SURFACE_WITH_KNOTS('',2,1,((#14151,#14152),(#14153,#14154),
(#14155,#14156)),.UNSPECIFIED.,.F.,.F.,.F.,(3,3),(2,2),(0.,1.),(0.,0.4),
 .UNSPECIFIED.);
#93=B_SPLINE_SURFACE_WITH_KNOTS('',2,1,((#14167,#14168),(#14169,#14170),
(#14171,#14172)),.UNSPECIFIED.,.F.,.F.,.F.,(3,3),(2,2),(0.,1.),(0.,0.4),
 .UNSPECIFIED.);
#94=B_SPLINE_SURFACE_WITH_KNOTS('',2,1,((#14183,#14184),(#14185,#14186),
(#14187,#14188)),.UNSPECIFIED.,.F.,.F.,.F.,(3,3),(2,2),(0.,1.),(0.,0.4),
 .UNSPECIFIED.);
#95=B_SPLINE_SURFACE_WITH_KNOTS('',2,1,((#14208,#14209),(#14210,#14211),
(#14212,#14213)),.UNSPECIFIED.,.F.,.F.,.F.,(3,3),(2,2),(0.,1.),(0.,0.4),
 .UNSPECIFIED.);
#96=B_SPLINE_SURFACE_WITH_KNOTS('',2,1,((#14226,#14227),(#14228,#14229),
(#14230,#14231)),.UNSPECIFIED.,.F.,.F.,.F.,(3,3),(2,2),(0.,1.),(0.,0.4),
 .UNSPECIFIED.);
#97=B_SPLINE_SURFACE_WITH_KNOTS('',2,1,((#14241,#14242),(#14243,#14244),
(#14245,#14246)),.UNSPECIFIED.,.F.,.F.,.F.,(3,3),(2,2),(0.,1.),(0.,0.4),
 .UNSPECIFIED.);
#98=B_SPLINE_SURFACE_WITH_KNOTS('',2,1,((#14253,#14254),(#14255,#14256),
(#14257,#14258)),.UNSPECIFIED.,.F.,.F.,.F.,(3,3),(2,2),(0.,1.),(0.,0.4),
 .UNSPECIFIED.);
#99=B_SPLINE_SURFACE_WITH_KNOTS('',2,1,((#14278,#14279),(#14280,#14281),
(#14282,#14283)),.UNSPECIFIED.,.F.,.F.,.F.,(3,3),(2,2),(0.,1.),(0.,0.4),
 .UNSPECIFIED.);
#100=B_SPLINE_SURFACE_WITH_KNOTS('',2,1,((#14293,#14294),(#14295,#14296),
(#14297,#14298)),.UNSPECIFIED.,.F.,.F.,.F.,(3,3),(2,2),(0.,1.),(0.,0.4),
 .UNSPECIFIED.);
#101=B_SPLINE_SURFACE_WITH_KNOTS('',2,1,((#14308,#14309),(#14310,#14311),
(#14312,#14313)),.UNSPECIFIED.,.F.,.F.,.F.,(3,3),(2,2),(0.,1.),(0.,0.4),
 .UNSPECIFIED.);
#102=B_SPLINE_SURFACE_WITH_KNOTS('',2,1,((#14323,#14324),(#14325,#14326),
(#14327,#14328)),.UNSPECIFIED.,.F.,.F.,.F.,(3,3),(2,2),(0.,1.),(0.,0.4),
 .UNSPECIFIED.);
#103=B_SPLINE_SURFACE_WITH_KNOTS('',2,1,((#14341,#14342),(#14343,#14344),
(#14345,#14346)),.UNSPECIFIED.,.F.,.F.,.F.,(3,3),(2,2),(0.,1.),(0.,0.4),
 .UNSPECIFIED.);
#104=B_SPLINE_SURFACE_WITH_KNOTS('',2,1,((#14356,#14357),(#14358,#14359),
(#14360,#14361)),.UNSPECIFIED.,.F.,.F.,.F.,(3,3),(2,2),(0.,1.),(0.,0.4),
 .UNSPECIFIED.);
#105=B_SPLINE_SURFACE_WITH_KNOTS('',2,1,((#14371,#14372),(#14373,#14374),
(#14375,#14376)),.UNSPECIFIED.,.F.,.F.,.F.,(3,3),(2,2),(0.,1.),(0.,0.4),
 .UNSPECIFIED.);
#106=B_SPLINE_SURFACE_WITH_KNOTS('',2,1,((#14386,#14387),(#14388,#14389),
(#14390,#14391)),.UNSPECIFIED.,.F.,.F.,.F.,(3,3),(2,2),(0.,1.),(0.,0.4),
 .UNSPECIFIED.);
#107=B_SPLINE_SURFACE_WITH_KNOTS('',2,1,((#14413,#14414),(#14415,#14416),
(#14417,#14418)),.UNSPECIFIED.,.F.,.F.,.F.,(3,3),(2,2),(0.,1.),(0.,0.4),
 .UNSPECIFIED.);
#108=B_SPLINE_SURFACE_WITH_KNOTS('',2,1,((#14438,#14439),(#14440,#14441),
(#14442,#14443)),.UNSPECIFIED.,.F.,.F.,.F.,(3,3),(2,2),(0.,1.),(0.,0.4),
 .UNSPECIFIED.);
#109=B_SPLINE_SURFACE_WITH_KNOTS('',2,1,((#14453,#14454),(#14455,#14456),
(#14457,#14458)),.UNSPECIFIED.,.F.,.F.,.F.,(3,3),(2,2),(0.,1.),(0.,0.4),
 .UNSPECIFIED.);
#110=B_SPLINE_SURFACE_WITH_KNOTS('',2,1,((#14492,#14493),(#14494,#14495),
(#14496,#14497)),.UNSPECIFIED.,.F.,.F.,.F.,(3,3),(2,2),(0.,1.),(0.,0.4),
 .UNSPECIFIED.);
#111=B_SPLINE_SURFACE_WITH_KNOTS('',2,1,((#14505,#14506),(#14507,#14508),
(#14509,#14510)),.UNSPECIFIED.,.F.,.F.,.F.,(3,3),(2,2),(0.,1.),(0.,0.4),
 .UNSPECIFIED.);
#112=B_SPLINE_SURFACE_WITH_KNOTS('',2,1,((#14533,#14534),(#14535,#14536),
(#14537,#14538)),.UNSPECIFIED.,.F.,.F.,.F.,(3,3),(2,2),(0.,1.),(0.,0.4),
 .UNSPECIFIED.);
#113=B_SPLINE_SURFACE_WITH_KNOTS('',2,1,((#14554,#14555),(#14556,#14557),
(#14558,#14559)),.UNSPECIFIED.,.F.,.F.,.F.,(3,3),(2,2),(0.,1.),(0.,0.4),
 .UNSPECIFIED.);
#114=B_SPLINE_SURFACE_WITH_KNOTS('',2,1,((#14570,#14571),(#14572,#14573),
(#14574,#14575)),.UNSPECIFIED.,.F.,.F.,.F.,(3,3),(2,2),(0.,1.),(0.,0.4),
 .UNSPECIFIED.);
#115=B_SPLINE_SURFACE_WITH_KNOTS('',2,1,((#14601,#14602),(#14603,#14604),
(#14605,#14606)),.UNSPECIFIED.,.F.,.F.,.F.,(3,3),(2,2),(0.,1.),(0.,0.4),
 .UNSPECIFIED.);
#116=B_SPLINE_SURFACE_WITH_KNOTS('',2,1,((#14616,#14617),(#14618,#14619),
(#14620,#14621)),.UNSPECIFIED.,.F.,.F.,.F.,(3,3),(2,2),(0.,1.),(0.,0.4),
 .UNSPECIFIED.);
#117=B_SPLINE_SURFACE_WITH_KNOTS('',2,1,((#14629,#14630),(#14631,#14632),
(#14633,#14634)),.UNSPECIFIED.,.F.,.F.,.F.,(3,3),(2,2),(0.,1.),(0.,0.4),
 .UNSPECIFIED.);
#118=B_SPLINE_SURFACE_WITH_KNOTS('',2,1,((#14659,#14660),(#14661,#14662),
(#14663,#14664)),.UNSPECIFIED.,.F.,.F.,.F.,(3,3),(2,2),(0.,1.),(0.,0.4),
 .UNSPECIFIED.);
#119=B_SPLINE_SURFACE_WITH_KNOTS('',2,1,((#14675,#14676),(#14677,#14678),
(#14679,#14680)),.UNSPECIFIED.,.F.,.F.,.F.,(3,3),(2,2),(0.,1.),(0.,0.4),
 .UNSPECIFIED.);
#120=B_SPLINE_SURFACE_WITH_KNOTS('',2,1,((#14700,#14701),(#14702,#14703),
(#14704,#14705)),.UNSPECIFIED.,.F.,.F.,.F.,(3,3),(2,2),(0.,1.),(0.,0.4),
 .UNSPECIFIED.);
#121=B_SPLINE_SURFACE_WITH_KNOTS('',2,1,((#14728,#14729),(#14730,#14731),
(#14732,#14733)),.UNSPECIFIED.,.F.,.F.,.F.,(3,3),(2,2),(0.,1.),(0.,0.4),
 .UNSPECIFIED.);
#122=B_SPLINE_SURFACE_WITH_KNOTS('',2,1,((#14756,#14757),(#14758,#14759),
(#14760,#14761)),.UNSPECIFIED.,.F.,.F.,.F.,(3,3),(2,2),(0.,0.923232243373764),
(0.,0.4),.UNSPECIFIED.);
#123=B_SPLINE_SURFACE_WITH_KNOTS('',2,1,((#14777,#14778),(#14779,#14780),
(#14781,#14782)),.UNSPECIFIED.,.F.,.F.,.F.,(3,3),(2,2),(0.,1.),(0.,0.4),
 .UNSPECIFIED.);
#124=B_SPLINE_SURFACE_WITH_KNOTS('',2,1,((#14792,#14793),(#14794,#14795),
(#14796,#14797)),.UNSPECIFIED.,.F.,.F.,.F.,(3,3),(2,2),(0.,1.),(0.,0.4),
 .UNSPECIFIED.);
#125=B_SPLINE_SURFACE_WITH_KNOTS('',2,1,((#14813,#14814),(#14815,#14816),
(#14817,#14818)),.UNSPECIFIED.,.F.,.F.,.F.,(3,3),(2,2),(0.,1.),(0.,0.4),
 .UNSPECIFIED.);
#126=B_SPLINE_SURFACE_WITH_KNOTS('',2,1,((#14828,#14829),(#14830,#14831),
(#14832,#14833)),.UNSPECIFIED.,.F.,.F.,.F.,(3,3),(2,2),(0.,1.),(0.,0.4),
 .UNSPECIFIED.);
#127=B_SPLINE_SURFACE_WITH_KNOTS('',2,1,((#14849,#14850),(#14851,#14852),
(#14853,#14854)),.UNSPECIFIED.,.F.,.F.,.F.,(3,3),(2,2),(0.,1.),(0.,0.4),
 .UNSPECIFIED.);
#128=B_SPLINE_SURFACE_WITH_KNOTS('',2,1,((#14864,#14865),(#14866,#14867),
(#14868,#14869)),.UNSPECIFIED.,.F.,.F.,.F.,(3,3),(2,2),(0.,1.),(0.,0.4),
 .UNSPECIFIED.);
#129=B_SPLINE_SURFACE_WITH_KNOTS('',2,1,((#14889,#14890),(#14891,#14892),
(#14893,#14894)),.UNSPECIFIED.,.F.,.F.,.F.,(3,3),(2,2),(0.,1.),(0.,0.4),
 .UNSPECIFIED.);
#130=B_SPLINE_SURFACE_WITH_KNOTS('',2,1,((#14905,#14906),(#14907,#14908),
(#14909,#14910)),.UNSPECIFIED.,.F.,.F.,.F.,(3,3),(2,2),(0.,1.),(0.,0.4),
 .UNSPECIFIED.);
#131=B_SPLINE_SURFACE_WITH_KNOTS('',2,1,((#14930,#14931),(#14932,#14933),
(#14934,#14935)),.UNSPECIFIED.,.F.,.F.,.F.,(3,3),(2,2),(0.38974879899485,
1.),(0.,0.4),.UNSPECIFIED.);
#132=B_SPLINE_SURFACE_WITH_KNOTS('',2,1,((#14945,#14946),(#14947,#14948),
(#14949,#14950)),.UNSPECIFIED.,.F.,.F.,.F.,(3,3),(2,2),(-0.888146994191031,
-0.0890726590609502),(0.,0.4),.UNSPECIFIED.);
#133=B_SPLINE_SURFACE_WITH_KNOTS('',2,1,((#14969,#14970),(#14971,#14972),
(#14973,#14974)),.UNSPECIFIED.,.F.,.F.,.F.,(3,3),(2,2),(-0.389748798994838,
0.),(0.,0.4),.UNSPECIFIED.);
#134=B_SPLINE_SURFACE_WITH_KNOTS('',2,1,((#14981,#14982),(#14983,#14984),
(#14985,#14986)),.UNSPECIFIED.,.F.,.F.,.F.,(3,3),(2,2),(0.,0.0890726590609498),
(0.,0.4),.UNSPECIFIED.);
#135=B_SPLINE_SURFACE_WITH_KNOTS('',2,1,((#15002,#15003),(#15004,#15005),
(#15006,#15007)),.UNSPECIFIED.,.F.,.F.,.F.,(3,3),(2,2),(0.,1.),(0.,0.4),
 .UNSPECIFIED.);
#136=B_SPLINE_SURFACE_WITH_KNOTS('',2,1,((#15017,#15018),(#15019,#15020),
(#15021,#15022)),.UNSPECIFIED.,.F.,.F.,.F.,(3,3),(2,2),(0.,1.),(0.,0.4),
 .UNSPECIFIED.);
#137=B_SPLINE_SURFACE_WITH_KNOTS('',2,1,((#15032,#15033),(#15034,#15035),
(#15036,#15037)),.UNSPECIFIED.,.F.,.F.,.F.,(3,3),(2,2),(0.,1.),(0.,0.4),
 .UNSPECIFIED.);
#138=B_SPLINE_SURFACE_WITH_KNOTS('',2,1,((#15047,#15048),(#15049,#15050),
(#15051,#15052)),.UNSPECIFIED.,.F.,.F.,.F.,(3,3),(2,2),(0.,1.),(0.,0.4),
 .UNSPECIFIED.);
#139=B_SPLINE_SURFACE_WITH_KNOTS('',2,1,((#15062,#15063),(#15064,#15065),
(#15066,#15067)),.UNSPECIFIED.,.F.,.F.,.F.,(3,3),(2,2),(0.49273740429338,
1.),(0.,0.4),.UNSPECIFIED.);
#140=B_SPLINE_SURFACE_WITH_KNOTS('',2,1,((#15077,#15078),(#15079,#15080),
(#15081,#15082)),.UNSPECIFIED.,.F.,.F.,.F.,(3,3),(2,2),(-0.730776452827341,
-0.267211545075229),(0.,0.4),.UNSPECIFIED.);
#141=B_SPLINE_SURFACE_WITH_KNOTS('',2,1,((#15093,#15094),(#15095,#15096),
(#15097,#15098)),.UNSPECIFIED.,.F.,.F.,.F.,(3,3),(2,2),(0.,0.758027137404607),
(0.,0.4),.UNSPECIFIED.);
#142=B_SPLINE_SURFACE_WITH_KNOTS('',2,1,((#15109,#15110),(#15111,#15112),
(#15113,#15114)),.UNSPECIFIED.,.F.,.F.,.F.,(3,3),(2,2),(0.,1.),(0.,0.4),
 .UNSPECIFIED.);
#143=B_SPLINE_SURFACE_WITH_KNOTS('',2,1,((#15124,#15125),(#15126,#15127),
(#15128,#15129)),.UNSPECIFIED.,.F.,.F.,.F.,(3,3),(2,2),(0.,1.),(0.,0.4),
 .UNSPECIFIED.);
#144=B_SPLINE_SURFACE_WITH_KNOTS('',2,1,((#15139,#15140),(#15141,#15142),
(#15143,#15144)),.UNSPECIFIED.,.F.,.F.,.F.,(3,3),(2,2),(0.,1.),(0.,0.4),
 .UNSPECIFIED.);
#145=B_SPLINE_SURFACE_WITH_KNOTS('',2,1,((#15160,#15161),(#15162,#15163),
(#15164,#15165)),.UNSPECIFIED.,.F.,.F.,.F.,(3,3),(2,2),(0.,1.),(0.,0.4),
 .UNSPECIFIED.);
#146=B_SPLINE_SURFACE_WITH_KNOTS('',2,1,((#15175,#15176),(#15177,#15178),
(#15179,#15180)),.UNSPECIFIED.,.F.,.F.,.F.,(3,3),(2,2),(0.,1.),(0.,0.4),
 .UNSPECIFIED.);
#147=B_SPLINE_SURFACE_WITH_KNOTS('',2,1,((#15187,#15188),(#15189,#15190),
(#15191,#15192)),.UNSPECIFIED.,.F.,.F.,.F.,(3,3),(2,2),(0.,1.),(0.,0.4),
 .UNSPECIFIED.);
#148=B_SPLINE_SURFACE_WITH_KNOTS('',2,1,((#15212,#15213),(#15214,#15215),
(#15216,#15217)),.UNSPECIFIED.,.F.,.F.,.F.,(3,3),(2,2),(0.888146994191031,
1.),(0.,0.4),.UNSPECIFIED.);
#149=B_SPLINE_SURFACE_WITH_KNOTS('',2,1,((#15224,#15225),(#15226,#15227),
(#15228,#15229)),.UNSPECIFIED.,.F.,.F.,.F.,(3,3),(2,2),(-1.,-0.923232243373765),
(0.,0.4),.UNSPECIFIED.);
#150=B_SPLINE_SURFACE_WITH_KNOTS('',2,1,((#15246,#15247),(#15248,#15249),
(#15250,#15251)),.UNSPECIFIED.,.F.,.F.,.F.,(3,3),(2,2),(-0.492737404293374,
0.),(0.,0.4),.UNSPECIFIED.);
#151=B_SPLINE_SURFACE_WITH_KNOTS('',2,1,((#15258,#15259),(#15260,#15261),
(#15262,#15263)),.UNSPECIFIED.,.F.,.F.,.F.,(3,3),(2,2),(0.,0.267211545075226),
(0.,0.4),.UNSPECIFIED.);
#152=B_SPLINE_SURFACE_WITH_KNOTS('',2,1,((#15273,#15274),(#15275,#15276),
(#15277,#15278)),.UNSPECIFIED.,.F.,.F.,.F.,(3,3),(2,2),(0.,1.),(0.,0.4),
 .UNSPECIFIED.);
#153=B_SPLINE_SURFACE_WITH_KNOTS('',2,1,((#15288,#15289),(#15290,#15291),
(#15292,#15293)),.UNSPECIFIED.,.F.,.F.,.F.,(3,3),(2,2),(0.,1.),(0.,0.4),
 .UNSPECIFIED.);
#154=B_SPLINE_SURFACE_WITH_KNOTS('',2,1,((#15300,#15301),(#15302,#15303),
(#15304,#15305)),.UNSPECIFIED.,.F.,.F.,.F.,(3,3),(2,2),(0.,1.),(0.,0.4),
 .UNSPECIFIED.);
#155=B_SPLINE_SURFACE_WITH_KNOTS('',2,1,((#15316,#15317),(#15318,#15319),
(#15320,#15321)),.UNSPECIFIED.,.F.,.F.,.F.,(3,3),(2,2),(0.,1.),(0.,0.4),
 .UNSPECIFIED.);
#156=B_SPLINE_SURFACE_WITH_KNOTS('',2,1,((#15341,#15342),(#15343,#15344),
(#15345,#15346)),.UNSPECIFIED.,.F.,.F.,.F.,(3,3),(2,2),(0.,1.),(0.,0.4),
 .UNSPECIFIED.);
#157=B_SPLINE_SURFACE_WITH_KNOTS('',2,1,((#15356,#15357),(#15358,#15359),
(#15360,#15361)),.UNSPECIFIED.,.F.,.F.,.F.,(3,3),(2,2),(0.,1.),(0.,0.4),
 .UNSPECIFIED.);
#158=B_SPLINE_SURFACE_WITH_KNOTS('',2,1,((#15371,#15372),(#15373,#15374),
(#15375,#15376)),.UNSPECIFIED.,.F.,.F.,.F.,(3,3),(2,2),(0.,1.),(0.,0.4),
 .UNSPECIFIED.);
#159=B_SPLINE_SURFACE_WITH_KNOTS('',2,1,((#15386,#15387),(#15388,#15389),
(#15390,#15391)),.UNSPECIFIED.,.F.,.F.,.F.,(3,3),(2,2),(0.,1.),(0.,0.4),
 .UNSPECIFIED.);
#160=B_SPLINE_SURFACE_WITH_KNOTS('',2,1,((#15401,#15402),(#15403,#15404),
(#15405,#15406)),.UNSPECIFIED.,.F.,.F.,.F.,(3,3),(2,2),(0.,1.),(0.,0.4),
 .UNSPECIFIED.);
#161=B_SPLINE_SURFACE_WITH_KNOTS('',2,1,((#15422,#15423),(#15424,#15425),
(#15426,#15427)),.UNSPECIFIED.,.F.,.F.,.F.,(3,3),(2,2),(0.,1.),(0.,0.4),
 .UNSPECIFIED.);
#162=B_SPLINE_SURFACE_WITH_KNOTS('',2,1,((#15437,#15438),(#15439,#15440),
(#15441,#15442)),.UNSPECIFIED.,.F.,.F.,.F.,(3,3),(2,2),(0.,1.),(0.,0.4),
 .UNSPECIFIED.);
#163=B_SPLINE_SURFACE_WITH_KNOTS('',2,1,((#15452,#15453),(#15454,#15455),
(#15456,#15457)),.UNSPECIFIED.,.F.,.F.,.F.,(3,3),(2,2),(0.,1.),(0.,0.4),
 .UNSPECIFIED.);
#164=B_SPLINE_SURFACE_WITH_KNOTS('',2,1,((#15473,#15474),(#15475,#15476),
(#15477,#15478)),.UNSPECIFIED.,.F.,.F.,.F.,(3,3),(2,2),(0.,1.),(0.,0.4),
 .UNSPECIFIED.);
#165=B_SPLINE_SURFACE_WITH_KNOTS('',2,1,((#15488,#15489),(#15490,#15491),
(#15492,#15493)),.UNSPECIFIED.,.F.,.F.,.F.,(3,3),(2,2),(0.,1.),(0.,0.4),
 .UNSPECIFIED.);
#166=B_SPLINE_SURFACE_WITH_KNOTS('',2,1,((#15503,#15504),(#15505,#15506),
(#15507,#15508)),.UNSPECIFIED.,.F.,.F.,.F.,(3,3),(2,2),(0.,1.),(0.,0.4),
 .UNSPECIFIED.);
#167=B_SPLINE_SURFACE_WITH_KNOTS('',2,1,((#15518,#15519),(#15520,#15521),
(#15522,#15523)),.UNSPECIFIED.,.F.,.F.,.F.,(3,3),(2,2),(0.,1.),(0.,0.4),
 .UNSPECIFIED.);
#168=B_SPLINE_SURFACE_WITH_KNOTS('',2,1,((#15545,#15546),(#15547,#15548),
(#15549,#15550)),.UNSPECIFIED.,.F.,.F.,.F.,(3,3),(2,2),(0.,1.),(0.,0.4),
 .UNSPECIFIED.);
#169=B_SPLINE_SURFACE_WITH_KNOTS('',2,1,((#15560,#15561),(#15562,#15563),
(#15564,#15565)),.UNSPECIFIED.,.F.,.F.,.F.,(3,3),(2,2),(0.,1.),(0.,0.4),
 .UNSPECIFIED.);
#170=B_SPLINE_SURFACE_WITH_KNOTS('',2,1,((#15575,#15576),(#15577,#15578),
(#15579,#15580)),.UNSPECIFIED.,.F.,.F.,.F.,(3,3),(2,2),(0.,1.),(0.,0.4),
 .UNSPECIFIED.);
#171=B_SPLINE_SURFACE_WITH_KNOTS('',2,1,((#15602,#15603),(#15604,#15605),
(#15606,#15607)),.UNSPECIFIED.,.F.,.F.,.F.,(3,3),(2,2),(0.73077645282776,
1.),(0.,0.4),.UNSPECIFIED.);
#172=B_SPLINE_SURFACE_WITH_KNOTS('',2,1,((#15614,#15615),(#15616,#15617),
(#15618,#15619)),.UNSPECIFIED.,.F.,.F.,.F.,(3,3),(2,2),(-1.,-0.758027137405037),
(0.,0.4),.UNSPECIFIED.);
#173=B_SPLINE_SURFACE_WITH_KNOTS('',2,1,((#15627,#15628),(#15629,#15630),
(#15631,#15632)),.UNSPECIFIED.,.F.,.F.,.F.,(3,3),(2,2),(0.,1.),(0.,0.4),
 .UNSPECIFIED.);
#174=B_SPLINE_SURFACE_WITH_KNOTS('',2,1,((#15660,#15661),(#15662,#15663),
(#15664,#15665)),.UNSPECIFIED.,.F.,.F.,.F.,(3,3),(2,2),(0.,1.),(0.,0.4),
 .UNSPECIFIED.);
#175=B_SPLINE_SURFACE_WITH_KNOTS('',2,1,((#15671,#15672),(#15673,#15674),
(#15675,#15676)),.UNSPECIFIED.,.F.,.F.,.F.,(3,3),(2,2),(0.,1.),(0.,0.4),
 .UNSPECIFIED.);
#176=B_SPLINE_SURFACE_WITH_KNOTS('',2,1,((#15680,#15681),(#15682,#15683),
(#15684,#15685)),.UNSPECIFIED.,.F.,.F.,.F.,(3,3),(2,2),(0.,1.),(0.,0.4),
 .UNSPECIFIED.);
#177=B_SPLINE_SURFACE_WITH_KNOTS('',2,1,((#15696,#15697),(#15698,#15699),
(#15700,#15701)),.UNSPECIFIED.,.F.,.F.,.F.,(3,3),(2,2),(0.,1.),(0.,0.4),
 .UNSPECIFIED.);
#178=B_SPLINE_SURFACE_WITH_KNOTS('',2,1,((#15712,#15713),(#15714,#15715),
(#15716,#15717)),.UNSPECIFIED.,.F.,.F.,.F.,(3,3),(2,2),(0.,1.),(0.,0.4),
 .UNSPECIFIED.);
#179=B_SPLINE_SURFACE_WITH_KNOTS('',2,1,((#15734,#15735),(#15736,#15737),
(#15738,#15739)),.UNSPECIFIED.,.F.,.F.,.F.,(3,3),(2,2),(0.,1.),(0.,0.4),
 .UNSPECIFIED.);
#180=B_SPLINE_SURFACE_WITH_KNOTS('',2,1,((#15745,#15746),(#15747,#15748),
(#15749,#15750)),.UNSPECIFIED.,.F.,.F.,.F.,(3,3),(2,2),(0.,1.),(0.,0.4),
 .UNSPECIFIED.);
#181=B_SPLINE_SURFACE_WITH_KNOTS('',2,1,((#15764,#15765),(#15766,#15767),
(#15768,#15769)),.UNSPECIFIED.,.F.,.F.,.F.,(3,3),(2,2),(0.,1.),(0.,0.4),
 .UNSPECIFIED.);
#182=B_SPLINE_SURFACE_WITH_KNOTS('',2,1,((#15775,#15776),(#15777,#15778),
(#15779,#15780)),.UNSPECIFIED.,.F.,.F.,.F.,(3,3),(2,2),(0.,1.),(0.,0.4),
 .UNSPECIFIED.);
#183=B_SPLINE_SURFACE_WITH_KNOTS('',2,1,((#15786,#15787),(#15788,#15789),
(#15790,#15791)),.UNSPECIFIED.,.F.,.F.,.F.,(3,3),(2,2),(0.,1.),(0.,0.4),
 .UNSPECIFIED.);
#184=B_SPLINE_SURFACE_WITH_KNOTS('',2,1,((#15809,#15810),(#15811,#15812),
(#15813,#15814)),.UNSPECIFIED.,.F.,.F.,.F.,(3,3),(2,2),(0.,1.),(0.,0.4),
 .UNSPECIFIED.);
#185=B_SPLINE_SURFACE_WITH_KNOTS('',2,1,((#15820,#15821),(#15822,#15823),
(#15824,#15825)),.UNSPECIFIED.,.F.,.F.,.F.,(3,3),(2,2),(0.,1.),(0.,0.4),
 .UNSPECIFIED.);
#186=B_SPLINE_SURFACE_WITH_KNOTS('',2,1,((#15831,#15832),(#15833,#15834),
(#15835,#15836)),.UNSPECIFIED.,.F.,.F.,.F.,(3,3),(2,2),(0.,1.),(0.,0.4),
 .UNSPECIFIED.);
#187=B_SPLINE_SURFACE_WITH_KNOTS('',2,1,((#15846,#15847),(#15848,#15849),
(#15850,#15851)),.UNSPECIFIED.,.F.,.F.,.F.,(3,3),(2,2),(0.,1.),(0.,0.4),
 .UNSPECIFIED.);
#188=B_SPLINE_SURFACE_WITH_KNOTS('',2,1,((#15857,#15858),(#15859,#15860),
(#15861,#15862)),.UNSPECIFIED.,.F.,.F.,.F.,(3,3),(2,2),(0.,1.),(0.,0.4),
 .UNSPECIFIED.);
#189=B_SPLINE_SURFACE_WITH_KNOTS('',2,1,((#15868,#15869),(#15870,#15871),
(#15872,#15873)),.UNSPECIFIED.,.F.,.F.,.F.,(3,3),(2,2),(0.,1.),(0.,0.4),
 .UNSPECIFIED.);
#190=B_SPLINE_SURFACE_WITH_KNOTS('',2,1,((#15891,#15892),(#15893,#15894),
(#15895,#15896)),.UNSPECIFIED.,.F.,.F.,.F.,(3,3),(2,2),(0.,1.),(0.,0.4),
 .UNSPECIFIED.);
#191=B_SPLINE_SURFACE_WITH_KNOTS('',2,1,((#15902,#15903),(#15904,#15905),
(#15906,#15907)),.UNSPECIFIED.,.F.,.F.,.F.,(3,3),(2,2),(0.,1.),(0.,0.4),
 .UNSPECIFIED.);
#192=B_SPLINE_SURFACE_WITH_KNOTS('',2,1,((#15913,#15914),(#15915,#15916),
(#15917,#15918)),.UNSPECIFIED.,.F.,.F.,.F.,(3,3),(2,2),(0.,1.),(0.,0.4),
 .UNSPECIFIED.);
#193=B_SPLINE_SURFACE_WITH_KNOTS('',2,1,((#15923,#15924),(#15925,#15926),
(#15927,#15928)),.UNSPECIFIED.,.F.,.F.,.F.,(3,3),(2,2),(0.,1.),(0.,0.4),
 .UNSPECIFIED.);
#194=B_SPLINE_SURFACE_WITH_KNOTS('',2,1,((#15951,#15952),(#15953,#15954),
(#15955,#15956)),.UNSPECIFIED.,.F.,.F.,.F.,(3,3),(2,2),(0.,1.),(0.,0.4),
 .UNSPECIFIED.);
#195=B_SPLINE_SURFACE_WITH_KNOTS('',2,1,((#15969,#15970),(#15971,#15972),
(#15973,#15974)),.UNSPECIFIED.,.F.,.F.,.F.,(3,3),(2,2),(0.,1.),(0.,0.4),
 .UNSPECIFIED.);
#196=B_SPLINE_SURFACE_WITH_KNOTS('',2,1,((#15984,#15985),(#15986,#15987),
(#15988,#15989)),.UNSPECIFIED.,.F.,.F.,.F.,(3,3),(2,2),(0.,1.),(0.,0.4),
 .UNSPECIFIED.);
#197=B_SPLINE_SURFACE_WITH_KNOTS('',2,1,((#16005,#16006),(#16007,#16008),
(#16009,#16010)),.UNSPECIFIED.,.F.,.F.,.F.,(3,3),(2,2),(0.,1.),(0.,0.4),
 .UNSPECIFIED.);
#198=B_SPLINE_SURFACE_WITH_KNOTS('',2,1,((#16020,#16021),(#16022,#16023),
(#16024,#16025)),.UNSPECIFIED.,.F.,.F.,.F.,(3,3),(2,2),(0.,1.),(0.,0.4),
 .UNSPECIFIED.);
#199=B_SPLINE_SURFACE_WITH_KNOTS('',2,1,((#16035,#16036),(#16037,#16038),
(#16039,#16040)),.UNSPECIFIED.,.F.,.F.,.F.,(3,3),(2,2),(0.,1.),(0.,0.4),
 .UNSPECIFIED.);
#200=B_SPLINE_SURFACE_WITH_KNOTS('',2,1,((#16047,#16048),(#16049,#16050),
(#16051,#16052)),.UNSPECIFIED.,.F.,.F.,.F.,(3,3),(2,2),(0.,1.),(0.,0.4),
 .UNSPECIFIED.);
#201=B_SPLINE_SURFACE_WITH_KNOTS('',2,1,((#16065,#16066),(#16067,#16068),
(#16069,#16070)),.UNSPECIFIED.,.F.,.F.,.F.,(3,3),(2,2),(0.,1.),(0.,0.4),
 .UNSPECIFIED.);
#202=B_SPLINE_SURFACE_WITH_KNOTS('',2,1,((#16086,#16087),(#16088,#16089),
(#16090,#16091)),.UNSPECIFIED.,.F.,.F.,.F.,(3,3),(2,2),(0.,1.),(0.,0.4),
 .UNSPECIFIED.);
#203=B_SPLINE_SURFACE_WITH_KNOTS('',2,1,((#16101,#16102),(#16103,#16104),
(#16105,#16106)),.UNSPECIFIED.,.F.,.F.,.F.,(3,3),(2,2),(0.,1.),(0.,0.4),
 .UNSPECIFIED.);
#204=B_SPLINE_SURFACE_WITH_KNOTS('',2,1,((#16116,#16117),(#16118,#16119),
(#16120,#16121)),.UNSPECIFIED.,.F.,.F.,.F.,(3,3),(2,2),(0.,1.),(0.,0.4),
 .UNSPECIFIED.);
#205=B_SPLINE_SURFACE_WITH_KNOTS('',2,1,((#16131,#16132),(#16133,#16134),
(#16135,#16136)),.UNSPECIFIED.,.F.,.F.,.F.,(3,3),(2,2),(0.,1.),(0.,0.4),
 .UNSPECIFIED.);
#206=B_SPLINE_SURFACE_WITH_KNOTS('',2,1,((#16146,#16147),(#16148,#16149),
(#16150,#16151)),.UNSPECIFIED.,.F.,.F.,.F.,(3,3),(2,2),(0.,1.),(0.,0.4),
 .UNSPECIFIED.);
#207=B_SPLINE_SURFACE_WITH_KNOTS('',2,1,((#16161,#16162),(#16163,#16164),
(#16165,#16166)),.UNSPECIFIED.,.F.,.F.,.F.,(3,3),(2,2),(0.,1.),(0.,0.4),
 .UNSPECIFIED.);
#208=B_SPLINE_SURFACE_WITH_KNOTS('',2,1,((#16179,#16180),(#16181,#16182),
(#16183,#16184)),.UNSPECIFIED.,.F.,.F.,.F.,(3,3),(2,2),(0.,1.),(0.,0.4),
 .UNSPECIFIED.);
#209=B_SPLINE_SURFACE_WITH_KNOTS('',2,1,((#16195,#16196),(#16197,#16198),
(#16199,#16200)),.UNSPECIFIED.,.F.,.F.,.F.,(3,3),(2,2),(0.,1.),(0.,0.4),
 .UNSPECIFIED.);
#210=B_SPLINE_SURFACE_WITH_KNOTS('',2,1,((#16211,#16212),(#16213,#16214),
(#16215,#16216)),.UNSPECIFIED.,.F.,.F.,.F.,(3,3),(2,2),(0.,1.),(0.,0.4),
 .UNSPECIFIED.);
#211=B_SPLINE_SURFACE_WITH_KNOTS('',2,1,((#16227,#16228),(#16229,#16230),
(#16231,#16232)),.UNSPECIFIED.,.F.,.F.,.F.,(3,3),(2,2),(0.,1.),(0.,0.4),
 .UNSPECIFIED.);
#212=B_SPLINE_SURFACE_WITH_KNOTS('',2,1,((#16258,#16259),(#16260,#16261),
(#16262,#16263)),.UNSPECIFIED.,.F.,.F.,.F.,(3,3),(2,2),(0.,1.),(0.,0.4),
 .UNSPECIFIED.);
#213=B_SPLINE_SURFACE_WITH_KNOTS('',2,1,((#16273,#16274),(#16275,#16276),
(#16277,#16278)),.UNSPECIFIED.,.F.,.F.,.F.,(3,3),(2,2),(0.,1.),(0.,0.4),
 .UNSPECIFIED.);
#214=B_SPLINE_SURFACE_WITH_KNOTS('',2,1,((#16288,#16289),(#16290,#16291),
(#16292,#16293)),.UNSPECIFIED.,.F.,.F.,.F.,(3,3),(2,2),(0.,1.),(0.,0.4),
 .UNSPECIFIED.);
#215=B_SPLINE_CURVE_WITH_KNOTS('',2,(#12755,#12756,#12757),
 .UNSPECIFIED.,.F.,.F.,(3,3),(0.525061167078557,1.),.UNSPECIFIED.);
#216=B_SPLINE_CURVE_WITH_KNOTS('',2,(#12759,#12760,#12761),
 .UNSPECIFIED.,.F.,.F.,(3,3),(0.,1.),.UNSPECIFIED.);
#217=B_SPLINE_CURVE_WITH_KNOTS('',2,(#12763,#12764,#12765),
 .UNSPECIFIED.,.F.,.F.,(3,3),(0.,1.),.UNSPECIFIED.);
#218=B_SPLINE_CURVE_WITH_KNOTS('',2,(#12771,#12772,#12773),
 .UNSPECIFIED.,.F.,.F.,(3,3),(0.,1.),.UNSPECIFIED.);
#219=B_SPLINE_CURVE_WITH_KNOTS('',2,(#12775,#12776,#12777),
 .UNSPECIFIED.,.F.,.F.,(3,3),(0.,1.),.UNSPECIFIED.);
#220=B_SPLINE_CURVE_WITH_KNOTS('',2,(#12779,#12780,#12781),
 .UNSPECIFIED.,.F.,.F.,(3,3),(0.,1.),.UNSPECIFIED.);
#221=B_SPLINE_CURVE_WITH_KNOTS('',2,(#12789,#12790,#12791),
 .UNSPECIFIED.,.F.,.F.,(3,3),(0.,1.),.UNSPECIFIED.);
#222=B_SPLINE_CURVE_WITH_KNOTS('',2,(#12793,#12794,#12795),
 .UNSPECIFIED.,.F.,.F.,(3,3),(0.,1.),.UNSPECIFIED.);
#223=B_SPLINE_CURVE_WITH_KNOTS('',2,(#12797,#12798,#12799),
 .UNSPECIFIED.,.F.,.F.,(3,3),(0.,1.),.UNSPECIFIED.);
#224=B_SPLINE_CURVE_WITH_KNOTS('',2,(#12803,#12804,#12805),
 .UNSPECIFIED.,.F.,.F.,(3,3),(0.,1.),.UNSPECIFIED.);
#225=B_SPLINE_CURVE_WITH_KNOTS('',2,(#12807,#12808,#12809),
 .UNSPECIFIED.,.F.,.F.,(3,3),(0.,1.),.UNSPECIFIED.);
#226=B_SPLINE_CURVE_WITH_KNOTS('',2,(#12811,#12812,#12813),
 .UNSPECIFIED.,.F.,.F.,(3,3),(0.,1.),.UNSPECIFIED.);
#227=B_SPLINE_CURVE_WITH_KNOTS('',2,(#12821,#12822,#12823),
 .UNSPECIFIED.,.F.,.F.,(3,3),(0.,1.),.UNSPECIFIED.);
#228=B_SPLINE_CURVE_WITH_KNOTS('',2,(#12825,#12826,#12827),
 .UNSPECIFIED.,.F.,.F.,(3,3),(0.,1.),.UNSPECIFIED.);
#229=B_SPLINE_CURVE_WITH_KNOTS('',2,(#12829,#12830,#12831),
 .UNSPECIFIED.,.F.,.F.,(3,3),(0.,1.),.UNSPECIFIED.);
#230=B_SPLINE_CURVE_WITH_KNOTS('',2,(#12837,#12838,#12839),
 .UNSPECIFIED.,.F.,.F.,(3,3),(0.,1.),.UNSPECIFIED.);
#231=B_SPLINE_CURVE_WITH_KNOTS('',2,(#12841,#12842,#12843),
 .UNSPECIFIED.,.F.,.F.,(3,3),(0.,1.),.UNSPECIFIED.);
#232=B_SPLINE_CURVE_WITH_KNOTS('',2,(#12845,#12846,#12847),
 .UNSPECIFIED.,.F.,.F.,(3,3),(0.,0.0563213379864623),.UNSPECIFIED.);
#233=B_SPLINE_CURVE_WITH_KNOTS('',3,(#12943,#12944,#12945,#12946),
 .UNSPECIFIED.,.F.,.F.,(4,4),(0.,0.0160536578196937),.UNSPECIFIED.);
#234=B_SPLINE_CURVE_WITH_KNOTS('',2,(#12950,#12951,#12952),
 .UNSPECIFIED.,.F.,.F.,(3,3),(0.,1.),.UNSPECIFIED.);
#235=B_SPLINE_CURVE_WITH_KNOTS('',2,(#12956,#12957,#12958),
 .UNSPECIFIED.,.F.,.F.,(3,3),(0.103054838856338,1.),.UNSPECIFIED.);
#236=B_SPLINE_CURVE_WITH_KNOTS('',3,(#12959,#12960,#12961,#12962),
 .UNSPECIFIED.,.F.,.F.,(4,4),(0.0499999999999998,0.13),.UNSPECIFIED.);
#237=B_SPLINE_CURVE_WITH_KNOTS('',3,(#12971,#12972,#12973,#12974),
 .UNSPECIFIED.,.F.,.F.,(4,4),(0.,0.0587081428800734),.UNSPECIFIED.);
#238=B_SPLINE_CURVE_WITH_KNOTS('',2,(#12978,#12979,#12980),
 .UNSPECIFIED.,.F.,.F.,(3,3),(0.,1.),.UNSPECIFIED.);
#239=B_SPLINE_CURVE_WITH_KNOTS('',2,(#12984,#12985,#12986),
 .UNSPECIFIED.,.F.,.F.,(3,3),(0.841805524347877,1.),.UNSPECIFIED.);
#240=B_SPLINE_CURVE_WITH_KNOTS('',3,(#12987,#12988,#12989,#12990),
 .UNSPECIFIED.,.F.,.F.,(4,4),(0.0499999999999998,0.13),.UNSPECIFIED.);
#241=B_SPLINE_CURVE_WITH_KNOTS('',3,(#13007,#13008,#13009,#13010),
 .UNSPECIFIED.,.F.,.F.,(4,4),(0.,0.0311084293434028),.UNSPECIFIED.);
#242=B_SPLINE_CURVE_WITH_KNOTS('',2,(#13012,#13013,#13014),
 .UNSPECIFIED.,.F.,.F.,(3,3),(0.,0.476584696801361),.UNSPECIFIED.);
#243=B_SPLINE_CURVE_WITH_KNOTS('',2,(#13018,#13019,#13020),
 .UNSPECIFIED.,.F.,.F.,(3,3),(0.231344411630696,0.476584696801361),
 .UNSPECIFIED.);
#244=B_SPLINE_CURVE_WITH_KNOTS('',3,(#13021,#13022,#13023,#13024),
 .UNSPECIFIED.,.F.,.F.,(4,4),(0.0500000000000003,0.13),.UNSPECIFIED.);
#245=B_SPLINE_CURVE_WITH_KNOTS('',3,(#13043,#13044,#13045,#13046),
 .UNSPECIFIED.,.F.,.F.,(4,4),(0.,0.0166441438619937),.UNSPECIFIED.);
#246=B_SPLINE_CURVE_WITH_KNOTS('',2,(#13050,#13051,#13052),
 .UNSPECIFIED.,.F.,.F.,(3,3),(0.,1.),.UNSPECIFIED.);
#247=B_SPLINE_CURVE_WITH_KNOTS('',2,(#13056,#13057,#13058),
 .UNSPECIFIED.,.F.,.F.,(3,3),(0.379458099236319,1.),.UNSPECIFIED.);
#248=B_SPLINE_CURVE_WITH_KNOTS('',3,(#13059,#13060,#13061,#13062),
 .UNSPECIFIED.,.F.,.F.,(4,4),(0.0499999999999998,0.13),.UNSPECIFIED.);
#249=B_SPLINE_CURVE_WITH_KNOTS('',3,(#13076,#13077,#13078,#13079),
 .UNSPECIFIED.,.F.,.F.,(4,4),(0.,0.0249172518709662),.UNSPECIFIED.);
#250=B_SPLINE_CURVE_WITH_KNOTS('',2,(#13081,#13082,#13083),
 .UNSPECIFIED.,.F.,.F.,(3,3),(0.,1.),.UNSPECIFIED.);
#251=B_SPLINE_CURVE_WITH_KNOTS('',2,(#13087,#13088,#13089),
 .UNSPECIFIED.,.F.,.F.,(3,3),(0.228773557403344,1.),.UNSPECIFIED.);
#252=B_SPLINE_CURVE_WITH_KNOTS('',3,(#13090,#13091,#13092,#13093),
 .UNSPECIFIED.,.F.,.F.,(4,4),(0.0499999999999998,0.13),.UNSPECIFIED.);
#253=B_SPLINE_CURVE_WITH_KNOTS('',2,(#13102,#13103,#13104),
 .UNSPECIFIED.,.F.,.F.,(3,3),(0.,1.),.UNSPECIFIED.);
#254=B_SPLINE_CURVE_WITH_KNOTS('',2,(#13108,#13109,#13110),
 .UNSPECIFIED.,.F.,.F.,(3,3),(0.,1.),.UNSPECIFIED.);
#255=B_SPLINE_CURVE_WITH_KNOTS('',2,(#13119,#13120,#13121),
 .UNSPECIFIED.,.F.,.F.,(3,3),(0.,1.),.UNSPECIFIED.);
#256=B_SPLINE_CURVE_WITH_KNOTS('',2,(#13124,#13125,#13126),
 .UNSPECIFIED.,.F.,.F.,(3,3),(0.,1.),.UNSPECIFIED.);
#257=B_SPLINE_CURVE_WITH_KNOTS('',2,(#13134,#13135,#13136),
 .UNSPECIFIED.,.F.,.F.,(3,3),(0.,1.),.UNSPECIFIED.);
#258=B_SPLINE_CURVE_WITH_KNOTS('',2,(#13139,#13140,#13141),
 .UNSPECIFIED.,.F.,.F.,(3,3),(0.,1.),.UNSPECIFIED.);
#259=B_SPLINE_CURVE_WITH_KNOTS('',2,(#13149,#13150,#13151),
 .UNSPECIFIED.,.F.,.F.,(3,3),(0.,1.),.UNSPECIFIED.);
#260=B_SPLINE_CURVE_WITH_KNOTS('',2,(#13154,#13155,#13156),
 .UNSPECIFIED.,.F.,.F.,(3,3),(0.,1.),.UNSPECIFIED.);
#261=B_SPLINE_CURVE_WITH_KNOTS('',2,(#13164,#13165,#13166),
 .UNSPECIFIED.,.F.,.F.,(3,3),(0.,1.),.UNSPECIFIED.);
#262=B_SPLINE_CURVE_WITH_KNOTS('',2,(#13169,#13170,#13171),
 .UNSPECIFIED.,.F.,.F.,(3,3),(0.,1.),.UNSPECIFIED.);
#263=B_SPLINE_CURVE_WITH_KNOTS('',2,(#13178,#13179,#13180),
 .UNSPECIFIED.,.F.,.F.,(3,3),(0.,1.),.UNSPECIFIED.);
#264=B_SPLINE_CURVE_WITH_KNOTS('',2,(#13181,#13182,#13183),
 .UNSPECIFIED.,.F.,.F.,(3,3),(0.,1.),.UNSPECIFIED.);
#265=B_SPLINE_CURVE_WITH_KNOTS('',2,(#13191,#13192,#13193),
 .UNSPECIFIED.,.F.,.F.,(3,3),(-0.864234668161989,-0.476584696805889),
 .UNSPECIFIED.);
#266=B_SPLINE_CURVE_WITH_KNOTS('',2,(#13196,#13197,#13198),
 .UNSPECIFIED.,.F.,.F.,(3,3),(-0.864234668161989,-0.476584696805889),
 .UNSPECIFIED.);
#267=B_SPLINE_CURVE_WITH_KNOTS('',2,(#13207,#13208,#13209),
 .UNSPECIFIED.,.F.,.F.,(3,3),(0.,0.883368465360646),.UNSPECIFIED.);
#268=B_SPLINE_CURVE_WITH_KNOTS('',2,(#13212,#13213,#13214),
 .UNSPECIFIED.,.F.,.F.,(3,3),(0.,0.883368465360646),.UNSPECIFIED.);
#269=B_SPLINE_CURVE_WITH_KNOTS('',2,(#13223,#13224,#13225),
 .UNSPECIFIED.,.F.,.F.,(3,3),(0.,1.),.UNSPECIFIED.);
#270=B_SPLINE_CURVE_WITH_KNOTS('',2,(#13228,#13229,#13230),
 .UNSPECIFIED.,.F.,.F.,(3,3),(0.,1.),.UNSPECIFIED.);
#271=B_SPLINE_CURVE_WITH_KNOTS('',2,(#13238,#13239,#13240),
 .UNSPECIFIED.,.F.,.F.,(3,3),(0.,1.),.UNSPECIFIED.);
#272=B_SPLINE_CURVE_WITH_KNOTS('',2,(#13243,#13244,#13245),
 .UNSPECIFIED.,.F.,.F.,(3,3),(0.,1.),.UNSPECIFIED.);
#273=B_SPLINE_CURVE_WITH_KNOTS('',2,(#13253,#13254,#13255),
 .UNSPECIFIED.,.F.,.F.,(3,3),(0.,1.),.UNSPECIFIED.);
#274=B_SPLINE_CURVE_WITH_KNOTS('',2,(#13258,#13259,#13260),
 .UNSPECIFIED.,.F.,.F.,(3,3),(0.,1.),.UNSPECIFIED.);
#275=B_SPLINE_CURVE_WITH_KNOTS('',2,(#13274,#13275,#13276),
 .UNSPECIFIED.,.F.,.F.,(3,3),(0.,1.),.UNSPECIFIED.);
#276=B_SPLINE_CURVE_WITH_KNOTS('',2,(#13279,#13280,#13281),
 .UNSPECIFIED.,.F.,.F.,(3,3),(0.,1.),.UNSPECIFIED.);
#277=B_SPLINE_CURVE_WITH_KNOTS('',2,(#13289,#13290,#13291),
 .UNSPECIFIED.,.F.,.F.,(3,3),(0.,1.),.UNSPECIFIED.);
#278=B_SPLINE_CURVE_WITH_KNOTS('',2,(#13294,#13295,#13296),
 .UNSPECIFIED.,.F.,.F.,(3,3),(0.,1.),.UNSPECIFIED.);
#279=B_SPLINE_CURVE_WITH_KNOTS('',2,(#13304,#13305,#13306),
 .UNSPECIFIED.,.F.,.F.,(3,3),(0.,1.),.UNSPECIFIED.);
#280=B_SPLINE_CURVE_WITH_KNOTS('',2,(#13309,#13310,#13311),
 .UNSPECIFIED.,.F.,.F.,(3,3),(0.,1.),.UNSPECIFIED.);
#281=B_SPLINE_CURVE_WITH_KNOTS('',2,(#13318,#13319,#13320),
 .UNSPECIFIED.,.F.,.F.,(3,3),(0.,1.),.UNSPECIFIED.);
#282=B_SPLINE_CURVE_WITH_KNOTS('',2,(#13321,#13322,#13323),
 .UNSPECIFIED.,.F.,.F.,(3,3),(0.,1.),.UNSPECIFIED.);
#283=B_SPLINE_CURVE_WITH_KNOTS('',3,(#13331,#13332,#13333,#13334,#13335,
#13336),.UNSPECIFIED.,.F.,.F.,(4,2,4),(0.0716593863053803,0.0792368186028559,
0.157417627251117),.UNSPECIFIED.);
#284=B_SPLINE_CURVE_WITH_KNOTS('',3,(#13338,#13339,#13340,#13341),
 .UNSPECIFIED.,.F.,.F.,(4,4),(0.,0.0799999999999994),.UNSPECIFIED.);
#285=B_SPLINE_CURVE_WITH_KNOTS('',2,(#13343,#13344,#13345),
 .UNSPECIFIED.,.F.,.F.,(3,3),(0.,0.450648449117218),.UNSPECIFIED.);
#286=B_SPLINE_CURVE_WITH_KNOTS('',2,(#13348,#13349,#13350),
 .UNSPECIFIED.,.F.,.F.,(3,3),(0.,1.),.UNSPECIFIED.);
#287=B_SPLINE_CURVE_WITH_KNOTS('',2,(#13358,#13359,#13360),
 .UNSPECIFIED.,.F.,.F.,(3,3),(0.,1.),.UNSPECIFIED.);
#288=B_SPLINE_CURVE_WITH_KNOTS('',2,(#13363,#13364,#13365),
 .UNSPECIFIED.,.F.,.F.,(3,3),(0.,1.),.UNSPECIFIED.);
#289=B_SPLINE_CURVE_WITH_KNOTS('',2,(#13373,#13374,#13375),
 .UNSPECIFIED.,.F.,.F.,(3,3),(0.,1.),.UNSPECIFIED.);
#290=B_SPLINE_CURVE_WITH_KNOTS('',2,(#13378,#13379,#13380),
 .UNSPECIFIED.,.F.,.F.,(3,3),(0.,1.),.UNSPECIFIED.);
#291=B_SPLINE_CURVE_WITH_KNOTS('',2,(#13388,#13389,#13390),
 .UNSPECIFIED.,.F.,.F.,(3,3),(0.,1.),.UNSPECIFIED.);
#292=B_SPLINE_CURVE_WITH_KNOTS('',2,(#13393,#13394,#13395),
 .UNSPECIFIED.,.F.,.F.,(3,3),(0.,1.),.UNSPECIFIED.);
#293=B_SPLINE_CURVE_WITH_KNOTS('',2,(#13403,#13404,#13405),
 .UNSPECIFIED.,.F.,.F.,(3,3),(0.,1.),.UNSPECIFIED.);
#294=B_SPLINE_CURVE_WITH_KNOTS('',2,(#13408,#13409,#13410),
 .UNSPECIFIED.,.F.,.F.,(3,3),(0.,1.),.UNSPECIFIED.);
#295=B_SPLINE_CURVE_WITH_KNOTS('',2,(#13418,#13419,#13420),
 .UNSPECIFIED.,.F.,.F.,(3,3),(0.,1.),.UNSPECIFIED.);
#296=B_SPLINE_CURVE_WITH_KNOTS('',2,(#13423,#13424,#13425),
 .UNSPECIFIED.,.F.,.F.,(3,3),(0.,1.),.UNSPECIFIED.);
#297=B_SPLINE_CURVE_WITH_KNOTS('',2,(#13433,#13434,#13435),
 .UNSPECIFIED.,.F.,.F.,(3,3),(0.,1.),.UNSPECIFIED.);
#298=B_SPLINE_CURVE_WITH_KNOTS('',2,(#13438,#13439,#13440),
 .UNSPECIFIED.,.F.,.F.,(3,3),(0.,1.),.UNSPECIFIED.);
#299=B_SPLINE_CURVE_WITH_KNOTS('',2,(#13448,#13449,#13450),
 .UNSPECIFIED.,.F.,.F.,(3,3),(0.,1.),.UNSPECIFIED.);
#300=B_SPLINE_CURVE_WITH_KNOTS('',2,(#13453,#13454,#13455),
 .UNSPECIFIED.,.F.,.F.,(3,3),(0.,1.),.UNSPECIFIED.);
#301=B_SPLINE_CURVE_WITH_KNOTS('',2,(#13462,#13463,#13464),
 .UNSPECIFIED.,.F.,.F.,(3,3),(0.217548805903116,1.),.UNSPECIFIED.);
#302=B_SPLINE_CURVE_WITH_KNOTS('',2,(#13465,#13466,#13467),
 .UNSPECIFIED.,.F.,.F.,(3,3),(0.217548805903116,1.),.UNSPECIFIED.);
#303=B_SPLINE_CURVE_WITH_KNOTS('',2,(#13476,#13477,#13478),
 .UNSPECIFIED.,.F.,.F.,(3,3),(0.,1.),.UNSPECIFIED.);
#304=B_SPLINE_CURVE_WITH_KNOTS('',2,(#13480,#13481,#13482),
 .UNSPECIFIED.,.F.,.F.,(3,3),(0.,1.),.UNSPECIFIED.);
#305=B_SPLINE_CURVE_WITH_KNOTS('',3,(#13491,#13492,#13493,#13494),
 .UNSPECIFIED.,.F.,.F.,(4,4),(0.,0.0430789289753578),.UNSPECIFIED.);
#306=B_SPLINE_CURVE_WITH_KNOTS('',2,(#13497,#13498,#13499),
 .UNSPECIFIED.,.F.,.F.,(3,3),(0.,1.),.UNSPECIFIED.);
#307=B_SPLINE_CURVE_WITH_KNOTS('',3,(#13507,#13508,#13509,#13510),
 .UNSPECIFIED.,.F.,.F.,(4,4),(0.,0.114911180984957),.UNSPECIFIED.);
#308=B_SPLINE_CURVE_WITH_KNOTS('',2,(#13513,#13514,#13515),
 .UNSPECIFIED.,.F.,.F.,(3,3),(0.,1.),.UNSPECIFIED.);
#309=B_SPLINE_CURVE_WITH_KNOTS('',3,(#13523,#13524,#13525,#13526,#13527,
#13528),.UNSPECIFIED.,.F.,.F.,(4,2,4),(0.00752342228012772,0.0149833353291863,
0.0307886298703387),.UNSPECIFIED.);
#310=B_SPLINE_CURVE_WITH_KNOTS('',3,(#13530,#13531,#13532,#13533),
 .UNSPECIFIED.,.F.,.F.,(4,4),(0.,0.0799999999999994),.UNSPECIFIED.);
#311=B_SPLINE_CURVE_WITH_KNOTS('',2,(#13534,#13535,#13536),
 .UNSPECIFIED.,.F.,.F.,(3,3),(0.,0.25341256186952),.UNSPECIFIED.);
#312=B_SPLINE_CURVE_WITH_KNOTS('',2,(#13537,#13538,#13539),
 .UNSPECIFIED.,.F.,.F.,(3,3),(0.,1.),.UNSPECIFIED.);
#313=B_SPLINE_CURVE_WITH_KNOTS('',2,(#13547,#13548,#13549),
 .UNSPECIFIED.,.F.,.F.,(3,3),(0.,0.762206092862735),.UNSPECIFIED.);
#314=B_SPLINE_CURVE_WITH_KNOTS('',2,(#13551,#13552,#13553),
 .UNSPECIFIED.,.F.,.F.,(3,3),(0.,0.762206092862735),.UNSPECIFIED.);
#315=B_SPLINE_CURVE_WITH_KNOTS('',3,(#13562,#13563,#13564,#13565),
 .UNSPECIFIED.,.F.,.F.,(4,4),(0.0539464408849401,0.062207795156432),
 .UNSPECIFIED.);
#316=B_SPLINE_CURVE_WITH_KNOTS('',3,(#13567,#13568,#13569,#13570),
 .UNSPECIFIED.,.F.,.F.,(4,4),(0.,0.0799999999999994),.UNSPECIFIED.);
#317=B_SPLINE_CURVE_WITH_KNOTS('',2,(#13572,#13573,#13574),
 .UNSPECIFIED.,.F.,.F.,(3,3),(0.,0.842080549362179),.UNSPECIFIED.);
#318=B_SPLINE_CURVE_WITH_KNOTS('',2,(#13577,#13578,#13579),
 .UNSPECIFIED.,.F.,.F.,(3,3),(0.,1.),.UNSPECIFIED.);
#319=B_SPLINE_CURVE_WITH_KNOTS('',2,(#13587,#13588,#13589),
 .UNSPECIFIED.,.F.,.F.,(3,3),(0.,1.),.UNSPECIFIED.);
#320=B_SPLINE_CURVE_WITH_KNOTS('',2,(#13592,#13593,#13594),
 .UNSPECIFIED.,.F.,.F.,(3,3),(0.,1.),.UNSPECIFIED.);
#321=B_SPLINE_CURVE_WITH_KNOTS('',2,(#13601,#13602,#13603),
 .UNSPECIFIED.,.F.,.F.,(3,3),(0.864234668162029,1.),.UNSPECIFIED.);
#322=B_SPLINE_CURVE_WITH_KNOTS('',2,(#13604,#13605,#13606),
 .UNSPECIFIED.,.F.,.F.,(3,3),(0.864234668162029,1.),.UNSPECIFIED.);
#323=B_SPLINE_CURVE_WITH_KNOTS('',2,(#13614,#13615,#13616),
 .UNSPECIFIED.,.F.,.F.,(3,3),(-1.,-0.883368465360649),.UNSPECIFIED.);
#324=B_SPLINE_CURVE_WITH_KNOTS('',2,(#13619,#13620,#13621),
 .UNSPECIFIED.,.F.,.F.,(3,3),(-1.,-0.883368465360649),.UNSPECIFIED.);
#325=B_SPLINE_CURVE_WITH_KNOTS('',2,(#13634,#13635,#13636),
 .UNSPECIFIED.,.F.,.F.,(3,3),(-0.217548805903112,0.),.UNSPECIFIED.);
#326=B_SPLINE_CURVE_WITH_KNOTS('',2,(#13637,#13638,#13639),
 .UNSPECIFIED.,.F.,.F.,(3,3),(-0.217548805903112,0.),.UNSPECIFIED.);
#327=B_SPLINE_CURVE_WITH_KNOTS('',3,(#13647,#13648,#13649,#13650),
 .UNSPECIFIED.,.F.,.F.,(4,4),(0.,0.0963479284774136),.UNSPECIFIED.);
#328=B_SPLINE_CURVE_WITH_KNOTS('',2,(#13653,#13654,#13655),
 .UNSPECIFIED.,.F.,.F.,(3,3),(0.,1.),.UNSPECIFIED.);
#329=B_SPLINE_CURVE_WITH_KNOTS('',3,(#13663,#13664,#13665,#13666),
 .UNSPECIFIED.,.F.,.F.,(4,4),(0.,0.0502396574502509),.UNSPECIFIED.);
#330=B_SPLINE_CURVE_WITH_KNOTS('',2,(#13669,#13670,#13671),
 .UNSPECIFIED.,.F.,.F.,(3,3),(0.,1.),.UNSPECIFIED.);
#331=B_SPLINE_CURVE_WITH_KNOTS('',3,(#13679,#13680,#13681,#13682,#13683,
#13684,#13685,#13686),.UNSPECIFIED.,.F.,.F.,(4,2,2,4),(0.,0.0195240917623534,
0.0294451039478726,0.0394038260673923),.UNSPECIFIED.);
#332=B_SPLINE_CURVE_WITH_KNOTS('',2,(#13689,#13690,#13691),
 .UNSPECIFIED.,.F.,.F.,(3,3),(0.,1.),.UNSPECIFIED.);
#333=B_SPLINE_CURVE_WITH_KNOTS('',3,(#13699,#13700,#13701,#13702),
 .UNSPECIFIED.,.F.,.F.,(4,4),(0.,0.0483008199871323),.UNSPECIFIED.);
#334=B_SPLINE_CURVE_WITH_KNOTS('',2,(#13705,#13706,#13707),
 .UNSPECIFIED.,.F.,.F.,(3,3),(0.,1.),.UNSPECIFIED.);
#335=B_SPLINE_CURVE_WITH_KNOTS('',3,(#13715,#13716,#13717,#13718),
 .UNSPECIFIED.,.F.,.F.,(4,4),(0.0751757119971042,0.0870487670317626),
 .UNSPECIFIED.);
#336=B_SPLINE_CURVE_WITH_KNOTS('',3,(#13720,#13721,#13722,#13723),
 .UNSPECIFIED.,.F.,.F.,(4,4),(0.,0.0799999999999994),.UNSPECIFIED.);
#337=B_SPLINE_CURVE_WITH_KNOTS('',2,(#13725,#13726,#13727),
 .UNSPECIFIED.,.F.,.F.,(3,3),(0.,0.867259787493686),.UNSPECIFIED.);
#338=B_SPLINE_CURVE_WITH_KNOTS('',2,(#13730,#13731,#13732),
 .UNSPECIFIED.,.F.,.F.,(3,3),(0.,1.),.UNSPECIFIED.);
#339=B_SPLINE_CURVE_WITH_KNOTS('',2,(#13740,#13741,#13742),
 .UNSPECIFIED.,.F.,.F.,(3,3),(0.,1.),.UNSPECIFIED.);
#340=B_SPLINE_CURVE_WITH_KNOTS('',2,(#13745,#13746,#13747),
 .UNSPECIFIED.,.F.,.F.,(3,3),(0.,1.),.UNSPECIFIED.);
#341=B_SPLINE_CURVE_WITH_KNOTS('',2,(#13755,#13756,#13757),
 .UNSPECIFIED.,.F.,.F.,(3,3),(0.,1.),.UNSPECIFIED.);
#342=B_SPLINE_CURVE_WITH_KNOTS('',2,(#13760,#13761,#13762),
 .UNSPECIFIED.,.F.,.F.,(3,3),(0.,1.),.UNSPECIFIED.);
#343=B_SPLINE_CURVE_WITH_KNOTS('',2,(#13770,#13771,#13772),
 .UNSPECIFIED.,.F.,.F.,(3,3),(0.208345087866584,1.),.UNSPECIFIED.);
#344=B_SPLINE_CURVE_WITH_KNOTS('',2,(#13775,#13776,#13777),
 .UNSPECIFIED.,.F.,.F.,(3,3),(0.208345087866584,1.),.UNSPECIFIED.);
#345=B_SPLINE_CURVE_WITH_KNOTS('',2,(#13784,#13785,#13786),
 .UNSPECIFIED.,.F.,.F.,(3,3),(-0.601263436910113,-0.380119540593734),
 .UNSPECIFIED.);
#346=B_SPLINE_CURVE_WITH_KNOTS('',2,(#13788,#13789,#13790),
 .UNSPECIFIED.,.F.,.F.,(3,3),(-0.601263436910113,-0.380119540593734),
 .UNSPECIFIED.);
#347=B_SPLINE_CURVE_WITH_KNOTS('',2,(#13808,#13809,#13810),
 .UNSPECIFIED.,.F.,.F.,(3,3),(-0.208345087864733,0.),.UNSPECIFIED.);
#348=B_SPLINE_CURVE_WITH_KNOTS('',2,(#13811,#13812,#13813),
 .UNSPECIFIED.,.F.,.F.,(3,3),(-0.208345087864733,0.),.UNSPECIFIED.);
#349=B_SPLINE_CURVE_WITH_KNOTS('',2,(#13821,#13822,#13823),
 .UNSPECIFIED.,.F.,.F.,(3,3),(0.,0.380119540593611),.UNSPECIFIED.);
#350=B_SPLINE_CURVE_WITH_KNOTS('',2,(#13826,#13827,#13828),
 .UNSPECIFIED.,.F.,.F.,(3,3),(0.,0.380119540593611),.UNSPECIFIED.);
#351=B_SPLINE_CURVE_WITH_KNOTS('',2,(#13836,#13837,#13838),
 .UNSPECIFIED.,.F.,.F.,(3,3),(0.,1.),.UNSPECIFIED.);
#352=B_SPLINE_CURVE_WITH_KNOTS('',2,(#13841,#13842,#13843),
 .UNSPECIFIED.,.F.,.F.,(3,3),(0.,1.),.UNSPECIFIED.);
#353=B_SPLINE_CURVE_WITH_KNOTS('',2,(#13851,#13852,#13853),
 .UNSPECIFIED.,.F.,.F.,(3,3),(0.,1.),.UNSPECIFIED.);
#354=B_SPLINE_CURVE_WITH_KNOTS('',2,(#13856,#13857,#13858),
 .UNSPECIFIED.,.F.,.F.,(3,3),(0.,1.),.UNSPECIFIED.);
#355=B_SPLINE_CURVE_WITH_KNOTS('',2,(#13866,#13867,#13868),
 .UNSPECIFIED.,.F.,.F.,(3,3),(0.,1.),.UNSPECIFIED.);
#356=B_SPLINE_CURVE_WITH_KNOTS('',2,(#13871,#13872,#13873),
 .UNSPECIFIED.,.F.,.F.,(3,3),(0.,1.),.UNSPECIFIED.);
#357=B_SPLINE_CURVE_WITH_KNOTS('',2,(#13881,#13882,#13883),
 .UNSPECIFIED.,.F.,.F.,(3,3),(0.,1.),.UNSPECIFIED.);
#358=B_SPLINE_CURVE_WITH_KNOTS('',2,(#13886,#13887,#13888),
 .UNSPECIFIED.,.F.,.F.,(3,3),(0.,1.),.UNSPECIFIED.);
#359=B_SPLINE_CURVE_WITH_KNOTS('',2,(#13896,#13897,#13898),
 .UNSPECIFIED.,.F.,.F.,(3,3),(0.,1.),.UNSPECIFIED.);
#360=B_SPLINE_CURVE_WITH_KNOTS('',2,(#13901,#13902,#13903),
 .UNSPECIFIED.,.F.,.F.,(3,3),(0.,1.),.UNSPECIFIED.);
#361=B_SPLINE_CURVE_WITH_KNOTS('',2,(#13911,#13912,#13913),
 .UNSPECIFIED.,.F.,.F.,(3,3),(0.,1.),.UNSPECIFIED.);
#362=B_SPLINE_CURVE_WITH_KNOTS('',2,(#13916,#13917,#13918),
 .UNSPECIFIED.,.F.,.F.,(3,3),(0.,1.),.UNSPECIFIED.);
#363=B_SPLINE_CURVE_WITH_KNOTS('',2,(#13926,#13927,#13928),
 .UNSPECIFIED.,.F.,.F.,(3,3),(0.,1.),.UNSPECIFIED.);
#364=B_SPLINE_CURVE_WITH_KNOTS('',2,(#13931,#13932,#13933),
 .UNSPECIFIED.,.F.,.F.,(3,3),(0.,1.),.UNSPECIFIED.);
#365=B_SPLINE_CURVE_WITH_KNOTS('',2,(#13941,#13942,#13943),
 .UNSPECIFIED.,.F.,.F.,(3,3),(0.,1.),.UNSPECIFIED.);
#366=B_SPLINE_CURVE_WITH_KNOTS('',2,(#13946,#13947,#13948),
 .UNSPECIFIED.,.F.,.F.,(3,3),(0.,1.),.UNSPECIFIED.);
#367=B_SPLINE_CURVE_WITH_KNOTS('',2,(#13956,#13957,#13958),
 .UNSPECIFIED.,.F.,.F.,(3,3),(0.,1.),.UNSPECIFIED.);
#368=B_SPLINE_CURVE_WITH_KNOTS('',2,(#13961,#13962,#13963),
 .UNSPECIFIED.,.F.,.F.,(3,3),(0.,1.),.UNSPECIFIED.);
#369=B_SPLINE_CURVE_WITH_KNOTS('',2,(#13971,#13972,#13973),
 .UNSPECIFIED.,.F.,.F.,(3,3),(0.,1.),.UNSPECIFIED.);
#370=B_SPLINE_CURVE_WITH_KNOTS('',2,(#13976,#13977,#13978),
 .UNSPECIFIED.,.F.,.F.,(3,3),(0.,1.),.UNSPECIFIED.);
#371=B_SPLINE_CURVE_WITH_KNOTS('',2,(#13986,#13987,#13988),
 .UNSPECIFIED.,.F.,.F.,(3,3),(0.,1.),.UNSPECIFIED.);
#372=B_SPLINE_CURVE_WITH_KNOTS('',2,(#13991,#13992,#13993),
 .UNSPECIFIED.,.F.,.F.,(3,3),(0.,1.),.UNSPECIFIED.);
#373=B_SPLINE_CURVE_WITH_KNOTS('',2,(#14001,#14002,#14003),
 .UNSPECIFIED.,.F.,.F.,(3,3),(0.,1.),.UNSPECIFIED.);
#374=B_SPLINE_CURVE_WITH_KNOTS('',2,(#14006,#14007,#14008),
 .UNSPECIFIED.,.F.,.F.,(3,3),(0.,1.),.UNSPECIFIED.);
#375=B_SPLINE_CURVE_WITH_KNOTS('',2,(#14016,#14017,#14018),
 .UNSPECIFIED.,.F.,.F.,(3,3),(0.,1.),.UNSPECIFIED.);
#376=B_SPLINE_CURVE_WITH_KNOTS('',2,(#14021,#14022,#14023),
 .UNSPECIFIED.,.F.,.F.,(3,3),(0.,1.),.UNSPECIFIED.);
#377=B_SPLINE_CURVE_WITH_KNOTS('',2,(#14031,#14032,#14033),
 .UNSPECIFIED.,.F.,.F.,(3,3),(0.,1.),.UNSPECIFIED.);
#378=B_SPLINE_CURVE_WITH_KNOTS('',2,(#14036,#14037,#14038),
 .UNSPECIFIED.,.F.,.F.,(3,3),(0.,1.),.UNSPECIFIED.);
#379=B_SPLINE_CURVE_WITH_KNOTS('',2,(#14046,#14047,#14048),
 .UNSPECIFIED.,.F.,.F.,(3,3),(0.,1.),.UNSPECIFIED.);
#380=B_SPLINE_CURVE_WITH_KNOTS('',2,(#14051,#14052,#14053),
 .UNSPECIFIED.,.F.,.F.,(3,3),(0.,1.),.UNSPECIFIED.);
#381=B_SPLINE_CURVE_WITH_KNOTS('',2,(#14060,#14061,#14062),
 .UNSPECIFIED.,.F.,.F.,(3,3),(0.601263436910129,1.),.UNSPECIFIED.);
#382=B_SPLINE_CURVE_WITH_KNOTS('',2,(#14063,#14064,#14065),
 .UNSPECIFIED.,.F.,.F.,(3,3),(0.601263436910129,1.),.UNSPECIFIED.);
#383=B_SPLINE_CURVE_WITH_KNOTS('',2,(#14072,#14073,#14074),
 .UNSPECIFIED.,.F.,.F.,(3,3),(-1.,-0.76220609286274),.UNSPECIFIED.);
#384=B_SPLINE_CURVE_WITH_KNOTS('',2,(#14075,#14076,#14077),
 .UNSPECIFIED.,.F.,.F.,(3,3),(-1.,-0.76220609286274),.UNSPECIFIED.);
#385=B_SPLINE_CURVE_WITH_KNOTS('',3,(#14087,#14088,#14089,#14090),
 .UNSPECIFIED.,.F.,.F.,(4,4),(0.,0.0387565944044149),.UNSPECIFIED.);
#386=B_SPLINE_CURVE_WITH_KNOTS('',2,(#14094,#14095,#14096),
 .UNSPECIFIED.,.F.,.F.,(3,3),(0.,1.),.UNSPECIFIED.);
#387=B_SPLINE_CURVE_WITH_KNOTS('',3,(#14105,#14106,#14107,#14108),
 .UNSPECIFIED.,.F.,.F.,(4,4),(0.,0.0104537162453424),.UNSPECIFIED.);
#388=B_SPLINE_CURVE_WITH_KNOTS('',2,(#14110,#14111,#14112),
 .UNSPECIFIED.,.F.,.F.,(3,3),(0.,1.),.UNSPECIFIED.);
#389=B_SPLINE_CURVE_WITH_KNOTS('',2,(#14116,#14117,#14118),
 .UNSPECIFIED.,.F.,.F.,(3,3),(0.107606287633037,1.),.UNSPECIFIED.);
#390=B_SPLINE_CURVE_WITH_KNOTS('',3,(#14119,#14120,#14121,#14122),
 .UNSPECIFIED.,.F.,.F.,(4,4),(0.0500000000000003,0.13),.UNSPECIFIED.);
#391=B_SPLINE_CURVE_WITH_KNOTS('',3,(#14131,#14132,#14133,#14134),
 .UNSPECIFIED.,.F.,.F.,(4,4),(0.,0.0799999999999994),.UNSPECIFIED.);
#392=B_SPLINE_CURVE_WITH_KNOTS('',2,(#14136,#14137,#14138),
 .UNSPECIFIED.,.F.,.F.,(3,3),(0.,0.321673552615731),.UNSPECIFIED.);
#393=B_SPLINE_CURVE_WITH_KNOTS('',2,(#14142,#14143,#14144),
 .UNSPECIFIED.,.F.,.F.,(3,3),(0.,1.),.UNSPECIFIED.);
#394=B_SPLINE_CURVE_WITH_KNOTS('',3,(#14147,#14148,#14149,#14150),
 .UNSPECIFIED.,.F.,.F.,(4,4),(0.0218972936676796,0.0718617100236651),
 .UNSPECIFIED.);
#395=B_SPLINE_CURVE_WITH_KNOTS('',3,(#14158,#14159,#14160,#14161),
 .UNSPECIFIED.,.F.,.F.,(4,4),(0.,0.0695067342802513),.UNSPECIFIED.);
#396=B_SPLINE_CURVE_WITH_KNOTS('',2,(#14163,#14164,#14165),
 .UNSPECIFIED.,.F.,.F.,(3,3),(0.,1.),.UNSPECIFIED.);
#397=B_SPLINE_CURVE_WITH_KNOTS('',3,(#14174,#14175,#14176,#14177),
 .UNSPECIFIED.,.F.,.F.,(4,4),(0.,0.0607012348122105),.UNSPECIFIED.);
#398=B_SPLINE_CURVE_WITH_KNOTS('',2,(#14179,#14180,#14181),
 .UNSPECIFIED.,.F.,.F.,(3,3),(0.,1.),.UNSPECIFIED.);
#399=B_SPLINE_CURVE_WITH_KNOTS('',3,(#14190,#14191,#14192,#14193),
 .UNSPECIFIED.,.F.,.F.,(4,4),(0.,0.0980314413681149),.UNSPECIFIED.);
#400=B_SPLINE_CURVE_WITH_KNOTS('',2,(#14195,#14196,#14197),
 .UNSPECIFIED.,.F.,.F.,(3,3),(0.,1.),.UNSPECIFIED.);
#401=B_SPLINE_CURVE_WITH_KNOTS('',2,(#14201,#14202,#14203),
 .UNSPECIFIED.,.F.,.F.,(3,3),(0.959333938856977,1.),.UNSPECIFIED.);
#402=B_SPLINE_CURVE_WITH_KNOTS('',3,(#14204,#14205,#14206,#14207),
 .UNSPECIFIED.,.F.,.F.,(4,4),(0.0500000000000003,0.13),.UNSPECIFIED.);
#403=B_SPLINE_CURVE_WITH_KNOTS('',2,(#14216,#14217,#14218),
 .UNSPECIFIED.,.F.,.F.,(3,3),(0.,1.),.UNSPECIFIED.);
#404=B_SPLINE_CURVE_WITH_KNOTS('',2,(#14222,#14223,#14224),
 .UNSPECIFIED.,.F.,.F.,(3,3),(0.,1.),.UNSPECIFIED.);
#405=B_SPLINE_CURVE_WITH_KNOTS('',2,(#14233,#14234,#14235),
 .UNSPECIFIED.,.F.,.F.,(3,3),(0.,1.),.UNSPECIFIED.);
#406=B_SPLINE_CURVE_WITH_KNOTS('',2,(#14238,#14239,#14240),
 .UNSPECIFIED.,.F.,.F.,(3,3),(0.,1.),.UNSPECIFIED.);
#407=B_SPLINE_CURVE_WITH_KNOTS('',2,(#14247,#14248,#14249),
 .UNSPECIFIED.,.F.,.F.,(3,3),(0.,1.),.UNSPECIFIED.);
#408=B_SPLINE_CURVE_WITH_KNOTS('',2,(#14250,#14251,#14252),
 .UNSPECIFIED.,.F.,.F.,(3,3),(0.,1.),.UNSPECIFIED.);
#409=B_SPLINE_CURVE_WITH_KNOTS('',3,(#14260,#14261,#14262,#14263),
 .UNSPECIFIED.,.F.,.F.,(4,4),(0.0285917859843997,0.0342247121512239),
 .UNSPECIFIED.);
#410=B_SPLINE_CURVE_WITH_KNOTS('',3,(#14265,#14266,#14267,#14268),
 .UNSPECIFIED.,.F.,.F.,(4,4),(0.,0.0799999999999994),.UNSPECIFIED.);
#411=B_SPLINE_CURVE_WITH_KNOTS('',2,(#14270,#14271,#14272),
 .UNSPECIFIED.,.F.,.F.,(3,3),(0.,0.818611240926678),.UNSPECIFIED.);
#412=B_SPLINE_CURVE_WITH_KNOTS('',2,(#14275,#14276,#14277),
 .UNSPECIFIED.,.F.,.F.,(3,3),(0.,1.),.UNSPECIFIED.);
#413=B_SPLINE_CURVE_WITH_KNOTS('',2,(#14285,#14286,#14287),
 .UNSPECIFIED.,.F.,.F.,(3,3),(0.,1.),.UNSPECIFIED.);
#414=B_SPLINE_CURVE_WITH_KNOTS('',2,(#14290,#14291,#14292),
 .UNSPECIFIED.,.F.,.F.,(3,3),(0.,1.),.UNSPECIFIED.);
#415=B_SPLINE_CURVE_WITH_KNOTS('',2,(#14300,#14301,#14302),
 .UNSPECIFIED.,.F.,.F.,(3,3),(0.,1.),.UNSPECIFIED.);
#416=B_SPLINE_CURVE_WITH_KNOTS('',2,(#14305,#14306,#14307),
 .UNSPECIFIED.,.F.,.F.,(3,3),(0.,1.),.UNSPECIFIED.);
#417=B_SPLINE_CURVE_WITH_KNOTS('',2,(#14315,#14316,#14317),
 .UNSPECIFIED.,.F.,.F.,(3,3),(0.,1.),.UNSPECIFIED.);
#418=B_SPLINE_CURVE_WITH_KNOTS('',2,(#14320,#14321,#14322),
 .UNSPECIFIED.,.F.,.F.,(3,3),(0.,1.),.UNSPECIFIED.);
#419=B_SPLINE_CURVE_WITH_KNOTS('',2,(#14330,#14331,#14332),
 .UNSPECIFIED.,.F.,.F.,(3,3),(0.,1.),.UNSPECIFIED.);
#420=B_SPLINE_CURVE_WITH_KNOTS('',2,(#14335,#14336,#14337),
 .UNSPECIFIED.,.F.,.F.,(3,3),(0.,1.),.UNSPECIFIED.);
#421=B_SPLINE_CURVE_WITH_KNOTS('',2,(#14348,#14349,#14350),
 .UNSPECIFIED.,.F.,.F.,(3,3),(0.,1.),.UNSPECIFIED.);
#422=B_SPLINE_CURVE_WITH_KNOTS('',2,(#14353,#14354,#14355),
 .UNSPECIFIED.,.F.,.F.,(3,3),(0.,1.),.UNSPECIFIED.);
#423=B_SPLINE_CURVE_WITH_KNOTS('',2,(#14363,#14364,#14365),
 .UNSPECIFIED.,.F.,.F.,(3,3),(0.,1.),.UNSPECIFIED.);
#424=B_SPLINE_CURVE_WITH_KNOTS('',2,(#14368,#14369,#14370),
 .UNSPECIFIED.,.F.,.F.,(3,3),(0.,1.),.UNSPECIFIED.);
#425=B_SPLINE_CURVE_WITH_KNOTS('',2,(#14378,#14379,#14380),
 .UNSPECIFIED.,.F.,.F.,(3,3),(0.,1.),.UNSPECIFIED.);
#426=B_SPLINE_CURVE_WITH_KNOTS('',2,(#14383,#14384,#14385),
 .UNSPECIFIED.,.F.,.F.,(3,3),(0.,1.),.UNSPECIFIED.);
#427=B_SPLINE_CURVE_WITH_KNOTS('',3,(#14394,#14395,#14396,#14397),
 .UNSPECIFIED.,.F.,.F.,(4,4),(0.0499999999999998,0.13),.UNSPECIFIED.);
#428=B_SPLINE_CURVE_WITH_KNOTS('',3,(#14399,#14400,#14401,#14402,#14403,
#14404),.UNSPECIFIED.,.F.,.F.,(4,2,4),(0.,0.0414224794598632,0.0483014590426079),
 .UNSPECIFIED.);
#429=B_SPLINE_CURVE_WITH_KNOTS('',2,(#14407,#14408,#14409),
 .UNSPECIFIED.,.F.,.F.,(3,3),(0.,1.),.UNSPECIFIED.);
#430=B_SPLINE_CURVE_WITH_KNOTS('',2,(#14410,#14411,#14412),
 .UNSPECIFIED.,.F.,.F.,(3,3),(0.589822583328766,1.),.UNSPECIFIED.);
#431=B_SPLINE_CURVE_WITH_KNOTS('',3,(#14420,#14421,#14422,#14423),
 .UNSPECIFIED.,.F.,.F.,(4,4),(0.0474107749284273,0.120292303835926),
 .UNSPECIFIED.);
#432=B_SPLINE_CURVE_WITH_KNOTS('',3,(#14425,#14426,#14427,#14428),
 .UNSPECIFIED.,.F.,.F.,(4,4),(0.,0.0799999999999994),.UNSPECIFIED.);
#433=B_SPLINE_CURVE_WITH_KNOTS('',2,(#14430,#14431,#14432),
 .UNSPECIFIED.,.F.,.F.,(3,3),(0.,0.410048619080091),.UNSPECIFIED.);
#434=B_SPLINE_CURVE_WITH_KNOTS('',2,(#14435,#14436,#14437),
 .UNSPECIFIED.,.F.,.F.,(3,3),(0.,1.),.UNSPECIFIED.);
#435=B_SPLINE_CURVE_WITH_KNOTS('',2,(#14445,#14446,#14447),
 .UNSPECIFIED.,.F.,.F.,(3,3),(0.,1.),.UNSPECIFIED.);
#436=B_SPLINE_CURVE_WITH_KNOTS('',2,(#14450,#14451,#14452),
 .UNSPECIFIED.,.F.,.F.,(3,3),(0.,1.),.UNSPECIFIED.);
#437=B_SPLINE_CURVE_WITH_KNOTS('',3,(#14461,#14462,#14463,#14464),
 .UNSPECIFIED.,.F.,.F.,(4,4),(0.0500000000000001,0.13),.UNSPECIFIED.);
#438=B_SPLINE_CURVE_WITH_KNOTS('',3,(#14466,#14467,#14468,#14469,#14470,
#14471,#14472,#14473),.UNSPECIFIED.,.F.,.F.,(4,2,2,4),(0.,0.0727405597240018,
0.101461523557182,0.102899183180923),.UNSPECIFIED.);
#439=B_SPLINE_CURVE_WITH_KNOTS('',2,(#14476,#14477,#14478),
 .UNSPECIFIED.,.F.,.F.,(3,3),(0.,1.),.UNSPECIFIED.);
#440=B_SPLINE_CURVE_WITH_KNOTS('',2,(#14479,#14480,#14481),
 .UNSPECIFIED.,.F.,.F.,(3,3),(0.763563677744883,1.),.UNSPECIFIED.);
#441=B_SPLINE_CURVE_WITH_KNOTS('',2,(#14498,#14499,#14500),
 .UNSPECIFIED.,.F.,.F.,(3,3),(0.,1.),.UNSPECIFIED.);
#442=B_SPLINE_CURVE_WITH_KNOTS('',2,(#14501,#14502,#14503),
 .UNSPECIFIED.,.F.,.F.,(3,3),(0.,1.),.UNSPECIFIED.);
#443=B_SPLINE_CURVE_WITH_KNOTS('',3,(#14513,#14514,#14515,#14516),
 .UNSPECIFIED.,.F.,.F.,(4,4),(0.,0.0223422413389545),.UNSPECIFIED.);
#444=B_SPLINE_CURVE_WITH_KNOTS('',2,(#14520,#14521,#14522),
 .UNSPECIFIED.,.F.,.F.,(3,3),(0.,1.),.UNSPECIFIED.);
#445=B_SPLINE_CURVE_WITH_KNOTS('',2,(#14526,#14527,#14528),
 .UNSPECIFIED.,.F.,.F.,(3,3),(0.546493037162976,1.),.UNSPECIFIED.);
#446=B_SPLINE_CURVE_WITH_KNOTS('',3,(#14529,#14530,#14531,#14532),
 .UNSPECIFIED.,.F.,.F.,(4,4),(0.0500000000000003,0.13),.UNSPECIFIED.);
#447=B_SPLINE_CURVE_WITH_KNOTS('',2,(#14540,#14541,#14542),
 .UNSPECIFIED.,.F.,.F.,(3,3),(0.,1.),.UNSPECIFIED.);
#448=B_SPLINE_CURVE_WITH_KNOTS('',2,(#14544,#14545,#14546),
 .UNSPECIFIED.,.F.,.F.,(3,3),(0.,1.),.UNSPECIFIED.);
#449=B_SPLINE_CURVE_WITH_KNOTS('',3,(#14561,#14562,#14563,#14564),
 .UNSPECIFIED.,.F.,.F.,(4,4),(0.,0.0338684485167666),.UNSPECIFIED.);
#450=B_SPLINE_CURVE_WITH_KNOTS('',2,(#14567,#14568,#14569),
 .UNSPECIFIED.,.F.,.F.,(3,3),(0.,1.),.UNSPECIFIED.);
#451=B_SPLINE_CURVE_WITH_KNOTS('',3,(#14577,#14578,#14579,#14580,#14581,
#14582,#14583,#14584,#14585,#14586),.UNSPECIFIED.,.F.,.F.,(4,2,2,2,4),(0.00604550081077162,
0.00788338594902971,0.0111718143447094,0.0147407362706091,0.019000773113259),
 .UNSPECIFIED.);
#452=B_SPLINE_CURVE_WITH_KNOTS('',3,(#14588,#14589,#14590,#14591),
 .UNSPECIFIED.,.F.,.F.,(4,4),(0.,0.0799999999999994),.UNSPECIFIED.);
#453=B_SPLINE_CURVE_WITH_KNOTS('',2,(#14593,#14594,#14595),
 .UNSPECIFIED.,.F.,.F.,(3,3),(0.,0.330598485893687),.UNSPECIFIED.);
#454=B_SPLINE_CURVE_WITH_KNOTS('',2,(#14598,#14599,#14600),
 .UNSPECIFIED.,.F.,.F.,(3,3),(0.,1.),.UNSPECIFIED.);
#455=B_SPLINE_CURVE_WITH_KNOTS('',2,(#14608,#14609,#14610),
 .UNSPECIFIED.,.F.,.F.,(3,3),(0.,1.),.UNSPECIFIED.);
#456=B_SPLINE_CURVE_WITH_KNOTS('',2,(#14613,#14614,#14615),
 .UNSPECIFIED.,.F.,.F.,(3,3),(0.,1.),.UNSPECIFIED.);
#457=B_SPLINE_CURVE_WITH_KNOTS('',2,(#14622,#14623,#14624),
 .UNSPECIFIED.,.F.,.F.,(3,3),(0.,1.),.UNSPECIFIED.);
#458=B_SPLINE_CURVE_WITH_KNOTS('',2,(#14625,#14626,#14627),
 .UNSPECIFIED.,.F.,.F.,(3,3),(0.,1.),.UNSPECIFIED.);
#459=B_SPLINE_CURVE_WITH_KNOTS('',3,(#14637,#14638,#14639,#14640),
 .UNSPECIFIED.,.F.,.F.,(4,4),(0.,0.0799999999999994),.UNSPECIFIED.);
#460=B_SPLINE_CURVE_WITH_KNOTS('',2,(#14642,#14643,#14644),
 .UNSPECIFIED.,.F.,.F.,(3,3),(0.,0.335899686632864),.UNSPECIFIED.);
#461=B_SPLINE_CURVE_WITH_KNOTS('',2,(#14648,#14649,#14650),
 .UNSPECIFIED.,.F.,.F.,(3,3),(0.,1.),.UNSPECIFIED.);
#462=B_SPLINE_CURVE_WITH_KNOTS('',3,(#14653,#14654,#14655,#14656,#14657,
#14658),.UNSPECIFIED.,.F.,.F.,(4,2,4),(0.0246296397593127,0.0346916630555243,
0.0578036426424867),.UNSPECIFIED.);
#463=B_SPLINE_CURVE_WITH_KNOTS('',3,(#14666,#14667,#14668,#14669),
 .UNSPECIFIED.,.F.,.F.,(4,4),(0.,0.0621863544988349),.UNSPECIFIED.);
#464=B_SPLINE_CURVE_WITH_KNOTS('',2,(#14671,#14672,#14673),
 .UNSPECIFIED.,.F.,.F.,(3,3),(0.,1.),.UNSPECIFIED.);
#465=B_SPLINE_CURVE_WITH_KNOTS('',3,(#14682,#14683,#14684,#14685),
 .UNSPECIFIED.,.F.,.F.,(4,4),(0.,0.0707091002229961),.UNSPECIFIED.);
#466=B_SPLINE_CURVE_WITH_KNOTS('',2,(#14687,#14688,#14689),
 .UNSPECIFIED.,.F.,.F.,(3,3),(0.,1.),.UNSPECIFIED.);
#467=B_SPLINE_CURVE_WITH_KNOTS('',2,(#14693,#14694,#14695),
 .UNSPECIFIED.,.F.,.F.,(3,3),(0.955406541259919,1.),.UNSPECIFIED.);
#468=B_SPLINE_CURVE_WITH_KNOTS('',3,(#14696,#14697,#14698,#14699),
 .UNSPECIFIED.,.F.,.F.,(4,4),(0.0499999999999998,0.13),.UNSPECIFIED.);
#469=B_SPLINE_CURVE_WITH_KNOTS('',3,(#14708,#14709,#14710,#14711),
 .UNSPECIFIED.,.F.,.F.,(4,4),(0.,0.0101200232172308),.UNSPECIFIED.);
#470=B_SPLINE_CURVE_WITH_KNOTS('',2,(#14715,#14716,#14717),
 .UNSPECIFIED.,.F.,.F.,(3,3),(0.,1.),.UNSPECIFIED.);
#471=B_SPLINE_CURVE_WITH_KNOTS('',2,(#14721,#14722,#14723),
 .UNSPECIFIED.,.F.,.F.,(3,3),(0.164407965779043,1.),.UNSPECIFIED.);
#472=B_SPLINE_CURVE_WITH_KNOTS('',3,(#14724,#14725,#14726,#14727),
 .UNSPECIFIED.,.F.,.F.,(4,4),(0.0499999999999998,0.13),.UNSPECIFIED.);
#473=B_SPLINE_CURVE_WITH_KNOTS('',3,(#14736,#14737,#14738,#14739),
 .UNSPECIFIED.,.F.,.F.,(4,4),(0.,0.00166900131949963),.UNSPECIFIED.);
#474=B_SPLINE_CURVE_WITH_KNOTS('',2,(#14743,#14744,#14745),
 .UNSPECIFIED.,.F.,.F.,(3,3),(0.,1.),.UNSPECIFIED.);
#475=B_SPLINE_CURVE_WITH_KNOTS('',2,(#14749,#14750,#14751),
 .UNSPECIFIED.,.F.,.F.,(3,3),(0.0156872796368722,1.),.UNSPECIFIED.);
#476=B_SPLINE_CURVE_WITH_KNOTS('',3,(#14752,#14753,#14754,#14755),
 .UNSPECIFIED.,.F.,.F.,(4,4),(0.0499999999999998,0.13),.UNSPECIFIED.);
#477=B_SPLINE_CURVE_WITH_KNOTS('',2,(#14763,#14764,#14765),
 .UNSPECIFIED.,.F.,.F.,(3,3),(0.,0.923232243373764),.UNSPECIFIED.);
#478=B_SPLINE_CURVE_WITH_KNOTS('',2,(#14767,#14768,#14769),
 .UNSPECIFIED.,.F.,.F.,(3,3),(0.,0.923232243373764),.UNSPECIFIED.);
#479=B_SPLINE_CURVE_WITH_KNOTS('',2,(#14784,#14785,#14786),
 .UNSPECIFIED.,.F.,.F.,(3,3),(0.,1.),.UNSPECIFIED.);
#480=B_SPLINE_CURVE_WITH_KNOTS('',2,(#14789,#14790,#14791),
 .UNSPECIFIED.,.F.,.F.,(3,3),(0.,1.),.UNSPECIFIED.);
#481=B_SPLINE_CURVE_WITH_KNOTS('',2,(#14799,#14800,#14801),
 .UNSPECIFIED.,.F.,.F.,(3,3),(0.,1.),.UNSPECIFIED.);
#482=B_SPLINE_CURVE_WITH_KNOTS('',2,(#14804,#14805,#14806),
 .UNSPECIFIED.,.F.,.F.,(3,3),(0.,1.),.UNSPECIFIED.);
#483=B_SPLINE_CURVE_WITH_KNOTS('',2,(#14820,#14821,#14822),
 .UNSPECIFIED.,.F.,.F.,(3,3),(0.,1.),.UNSPECIFIED.);
#484=B_SPLINE_CURVE_WITH_KNOTS('',2,(#14825,#14826,#14827),
 .UNSPECIFIED.,.F.,.F.,(3,3),(0.,1.),.UNSPECIFIED.);
#485=B_SPLINE_CURVE_WITH_KNOTS('',2,(#14835,#14836,#14837),
 .UNSPECIFIED.,.F.,.F.,(3,3),(0.,1.),.UNSPECIFIED.);
#486=B_SPLINE_CURVE_WITH_KNOTS('',2,(#14840,#14841,#14842),
 .UNSPECIFIED.,.F.,.F.,(3,3),(0.,1.),.UNSPECIFIED.);
#487=B_SPLINE_CURVE_WITH_KNOTS('',2,(#14856,#14857,#14858),
 .UNSPECIFIED.,.F.,.F.,(3,3),(0.,1.),.UNSPECIFIED.);
#488=B_SPLINE_CURVE_WITH_KNOTS('',2,(#14861,#14862,#14863),
 .UNSPECIFIED.,.F.,.F.,(3,3),(0.,1.),.UNSPECIFIED.);
#489=B_SPLINE_CURVE_WITH_KNOTS('',3,(#14872,#14873,#14874,#14875),
 .UNSPECIFIED.,.F.,.F.,(4,4),(0.0499999999999998,0.13),.UNSPECIFIED.);
#490=B_SPLINE_CURVE_WITH_KNOTS('',3,(#14877,#14878,#14879,#14880),
 .UNSPECIFIED.,.F.,.F.,(4,4),(0.,0.0206296228590781),.UNSPECIFIED.);
#491=B_SPLINE_CURVE_WITH_KNOTS('',2,(#14883,#14884,#14885),
 .UNSPECIFIED.,.F.,.F.,(3,3),(0.,1.),.UNSPECIFIED.);
#492=B_SPLINE_CURVE_WITH_KNOTS('',2,(#14886,#14887,#14888),
 .UNSPECIFIED.,.F.,.F.,(3,3),(0.332559635574982,1.),.UNSPECIFIED.);
#493=B_SPLINE_CURVE_WITH_KNOTS('',3,(#14896,#14897,#14898,#14899),
 .UNSPECIFIED.,.F.,.F.,(4,4),(0.,0.0574659061743342),.UNSPECIFIED.);
#494=B_SPLINE_CURVE_WITH_KNOTS('',2,(#14902,#14903,#14904),
 .UNSPECIFIED.,.F.,.F.,(3,3),(0.,1.),.UNSPECIFIED.);
#495=B_SPLINE_CURVE_WITH_KNOTS('',3,(#14912,#14913,#14914,#14915),
 .UNSPECIFIED.,.F.,.F.,(4,4),(0.074916045452785,0.113931654393083),
 .UNSPECIFIED.);
#496=B_SPLINE_CURVE_WITH_KNOTS('',3,(#14917,#14918,#14919,#14920),
 .UNSPECIFIED.,.F.,.F.,(4,4),(0.,0.0800000000000007),.UNSPECIFIED.);
#497=B_SPLINE_CURVE_WITH_KNOTS('',2,(#14922,#14923,#14924),
 .UNSPECIFIED.,.F.,.F.,(3,3),(0.,0.583010400621866),.UNSPECIFIED.);
#498=B_SPLINE_CURVE_WITH_KNOTS('',2,(#14927,#14928,#14929),
 .UNSPECIFIED.,.F.,.F.,(3,3),(0.,1.),.UNSPECIFIED.);
#499=B_SPLINE_CURVE_WITH_KNOTS('',2,(#14937,#14938,#14939),
 .UNSPECIFIED.,.F.,.F.,(3,3),(0.38974879899485,1.),.UNSPECIFIED.);
#500=B_SPLINE_CURVE_WITH_KNOTS('',2,(#14942,#14943,#14944),
 .UNSPECIFIED.,.F.,.F.,(3,3),(0.38974879899485,1.),.UNSPECIFIED.);
#501=B_SPLINE_CURVE_WITH_KNOTS('',2,(#14951,#14952,#14953),
 .UNSPECIFIED.,.F.,.F.,(3,3),(-0.888146994191031,-0.0890726590609502),
 .UNSPECIFIED.);
#502=B_SPLINE_CURVE_WITH_KNOTS('',2,(#14955,#14956,#14957),
 .UNSPECIFIED.,.F.,.F.,(3,3),(-0.888146994191031,-0.0890726590609502),
 .UNSPECIFIED.);
#503=B_SPLINE_CURVE_WITH_KNOTS('',2,(#14975,#14976,#14977),
 .UNSPECIFIED.,.F.,.F.,(3,3),(-0.389748798994838,0.),.UNSPECIFIED.);
#504=B_SPLINE_CURVE_WITH_KNOTS('',2,(#14978,#14979,#14980),
 .UNSPECIFIED.,.F.,.F.,(3,3),(-0.389748798994838,0.),.UNSPECIFIED.);
#505=B_SPLINE_CURVE_WITH_KNOTS('',2,(#14988,#14989,#14990),
 .UNSPECIFIED.,.F.,.F.,(3,3),(0.,0.0890726590609498),.UNSPECIFIED.);
#506=B_SPLINE_CURVE_WITH_KNOTS('',2,(#14993,#14994,#14995),
 .UNSPECIFIED.,.F.,.F.,(3,3),(0.,0.0890726590609498),.UNSPECIFIED.);
#507=B_SPLINE_CURVE_WITH_KNOTS('',2,(#15009,#15010,#15011),
 .UNSPECIFIED.,.F.,.F.,(3,3),(0.,1.),.UNSPECIFIED.);
#508=B_SPLINE_CURVE_WITH_KNOTS('',2,(#15014,#15015,#15016),
 .UNSPECIFIED.,.F.,.F.,(3,3),(0.,1.),.UNSPECIFIED.);
#509=B_SPLINE_CURVE_WITH_KNOTS('',2,(#15024,#15025,#15026),
 .UNSPECIFIED.,.F.,.F.,(3,3),(0.,1.),.UNSPECIFIED.);
#510=B_SPLINE_CURVE_WITH_KNOTS('',2,(#15029,#15030,#15031),
 .UNSPECIFIED.,.F.,.F.,(3,3),(0.,1.),.UNSPECIFIED.);
#511=B_SPLINE_CURVE_WITH_KNOTS('',2,(#15039,#15040,#15041),
 .UNSPECIFIED.,.F.,.F.,(3,3),(0.,1.),.UNSPECIFIED.);
#512=B_SPLINE_CURVE_WITH_KNOTS('',2,(#15044,#15045,#15046),
 .UNSPECIFIED.,.F.,.F.,(3,3),(0.,1.),.UNSPECIFIED.);
#513=B_SPLINE_CURVE_WITH_KNOTS('',2,(#15054,#15055,#15056),
 .UNSPECIFIED.,.F.,.F.,(3,3),(0.,1.),.UNSPECIFIED.);
#514=B_SPLINE_CURVE_WITH_KNOTS('',2,(#15059,#15060,#15061),
 .UNSPECIFIED.,.F.,.F.,(3,3),(0.,1.),.UNSPECIFIED.);
#515=B_SPLINE_CURVE_WITH_KNOTS('',2,(#15069,#15070,#15071),
 .UNSPECIFIED.,.F.,.F.,(3,3),(0.49273740429338,1.),.UNSPECIFIED.);
#516=B_SPLINE_CURVE_WITH_KNOTS('',2,(#15074,#15075,#15076),
 .UNSPECIFIED.,.F.,.F.,(3,3),(0.49273740429338,1.),.UNSPECIFIED.);
#517=B_SPLINE_CURVE_WITH_KNOTS('',2,(#15084,#15085,#15086),
 .UNSPECIFIED.,.F.,.F.,(3,3),(-0.730776452827341,-0.267211545075229),
 .UNSPECIFIED.);
#518=B_SPLINE_CURVE_WITH_KNOTS('',2,(#15089,#15090,#15091),
 .UNSPECIFIED.,.F.,.F.,(3,3),(-0.730776452827341,-0.267211545075229),
 .UNSPECIFIED.);
#519=B_SPLINE_CURVE_WITH_KNOTS('',2,(#15100,#15101,#15102),
 .UNSPECIFIED.,.F.,.F.,(3,3),(0.,0.758027137404607),.UNSPECIFIED.);
#520=B_SPLINE_CURVE_WITH_KNOTS('',2,(#15105,#15106,#15107),
 .UNSPECIFIED.,.F.,.F.,(3,3),(0.,0.758027137404607),.UNSPECIFIED.);
#521=B_SPLINE_CURVE_WITH_KNOTS('',2,(#15116,#15117,#15118),
 .UNSPECIFIED.,.F.,.F.,(3,3),(0.,1.),.UNSPECIFIED.);
#522=B_SPLINE_CURVE_WITH_KNOTS('',2,(#15121,#15122,#15123),
 .UNSPECIFIED.,.F.,.F.,(3,3),(0.,1.),.UNSPECIFIED.);
#523=B_SPLINE_CURVE_WITH_KNOTS('',2,(#15131,#15132,#15133),
 .UNSPECIFIED.,.F.,.F.,(3,3),(0.,1.),.UNSPECIFIED.);
#524=B_SPLINE_CURVE_WITH_KNOTS('',2,(#15136,#15137,#15138),
 .UNSPECIFIED.,.F.,.F.,(3,3),(0.,1.),.UNSPECIFIED.);
#525=B_SPLINE_CURVE_WITH_KNOTS('',2,(#15146,#15147,#15148),
 .UNSPECIFIED.,.F.,.F.,(3,3),(0.,1.),.UNSPECIFIED.);
#526=B_SPLINE_CURVE_WITH_KNOTS('',2,(#15151,#15152,#15153),
 .UNSPECIFIED.,.F.,.F.,(3,3),(0.,1.),.UNSPECIFIED.);
#527=B_SPLINE_CURVE_WITH_KNOTS('',2,(#15167,#15168,#15169),
 .UNSPECIFIED.,.F.,.F.,(3,3),(0.,1.),.UNSPECIFIED.);
#528=B_SPLINE_CURVE_WITH_KNOTS('',2,(#15172,#15173,#15174),
 .UNSPECIFIED.,.F.,.F.,(3,3),(0.,1.),.UNSPECIFIED.);
#529=B_SPLINE_CURVE_WITH_KNOTS('',2,(#15181,#15182,#15183),
 .UNSPECIFIED.,.F.,.F.,(3,3),(0.,1.),.UNSPECIFIED.);
#530=B_SPLINE_CURVE_WITH_KNOTS('',2,(#15184,#15185,#15186),
 .UNSPECIFIED.,.F.,.F.,(3,3),(0.,1.),.UNSPECIFIED.);
#531=B_SPLINE_CURVE_WITH_KNOTS('',3,(#15194,#15195,#15196,#15197),
 .UNSPECIFIED.,.F.,.F.,(4,4),(0.0179852033915315,0.0267673249789335),
 .UNSPECIFIED.);
#532=B_SPLINE_CURVE_WITH_KNOTS('',3,(#15199,#15200,#15201,#15202),
 .UNSPECIFIED.,.F.,.F.,(4,4),(0.,0.0799999999999994),.UNSPECIFIED.);
#533=B_SPLINE_CURVE_WITH_KNOTS('',2,(#15204,#15205,#15206),
 .UNSPECIFIED.,.F.,.F.,(3,3),(0.,0.658177138604248),.UNSPECIFIED.);
#534=B_SPLINE_CURVE_WITH_KNOTS('',2,(#15209,#15210,#15211),
 .UNSPECIFIED.,.F.,.F.,(3,3),(0.,1.),.UNSPECIFIED.);
#535=B_SPLINE_CURVE_WITH_KNOTS('',2,(#15218,#15219,#15220),
 .UNSPECIFIED.,.F.,.F.,(3,3),(0.888146994191031,1.),.UNSPECIFIED.);
#536=B_SPLINE_CURVE_WITH_KNOTS('',2,(#15221,#15222,#15223),
 .UNSPECIFIED.,.F.,.F.,(3,3),(0.888146994191031,1.),.UNSPECIFIED.);
#537=B_SPLINE_CURVE_WITH_KNOTS('',2,(#15230,#15231,#15232),
 .UNSPECIFIED.,.F.,.F.,(3,3),(-1.,-0.923232243373765),.UNSPECIFIED.);
#538=B_SPLINE_CURVE_WITH_KNOTS('',2,(#15233,#15234,#15235),
 .UNSPECIFIED.,.F.,.F.,(3,3),(-1.,-0.923232243373765),.UNSPECIFIED.);
#539=B_SPLINE_CURVE_WITH_KNOTS('',2,(#15252,#15253,#15254),
 .UNSPECIFIED.,.F.,.F.,(3,3),(-0.492737404293374,0.),.UNSPECIFIED.);
#540=B_SPLINE_CURVE_WITH_KNOTS('',2,(#15255,#15256,#15257),
 .UNSPECIFIED.,.F.,.F.,(3,3),(-0.492737404293374,0.),.UNSPECIFIED.);
#541=B_SPLINE_CURVE_WITH_KNOTS('',2,(#15265,#15266,#15267),
 .UNSPECIFIED.,.F.,.F.,(3,3),(0.,0.267211545075226),.UNSPECIFIED.);
#542=B_SPLINE_CURVE_WITH_KNOTS('',2,(#15270,#15271,#15272),
 .UNSPECIFIED.,.F.,.F.,(3,3),(0.,0.267211545075226),.UNSPECIFIED.);
#543=B_SPLINE_CURVE_WITH_KNOTS('',2,(#15280,#15281,#15282),
 .UNSPECIFIED.,.F.,.F.,(3,3),(0.,1.),.UNSPECIFIED.);
#544=B_SPLINE_CURVE_WITH_KNOTS('',2,(#15285,#15286,#15287),
 .UNSPECIFIED.,.F.,.F.,(3,3),(0.,1.),.UNSPECIFIED.);
#545=B_SPLINE_CURVE_WITH_KNOTS('',2,(#15294,#15295,#15296),
 .UNSPECIFIED.,.F.,.F.,(3,3),(0.,1.),.UNSPECIFIED.);
#546=B_SPLINE_CURVE_WITH_KNOTS('',2,(#15297,#15298,#15299),
 .UNSPECIFIED.,.F.,.F.,(3,3),(0.,1.),.UNSPECIFIED.);
#547=B_SPLINE_CURVE_WITH_KNOTS('',3,(#15307,#15308,#15309,#15310),
 .UNSPECIFIED.,.F.,.F.,(4,4),(0.,0.070461158158035),.UNSPECIFIED.);
#548=B_SPLINE_CURVE_WITH_KNOTS('',2,(#15313,#15314,#15315),
 .UNSPECIFIED.,.F.,.F.,(3,3),(0.,1.),.UNSPECIFIED.);
#549=B_SPLINE_CURVE_WITH_KNOTS('',3,(#15323,#15324,#15325,#15326),
 .UNSPECIFIED.,.F.,.F.,(4,4),(0.00900898606066986,0.0236973254134485),
 .UNSPECIFIED.);
#550=B_SPLINE_CURVE_WITH_KNOTS('',3,(#15328,#15329,#15330,#15331),
 .UNSPECIFIED.,.F.,.F.,(4,4),(0.,0.0799999999999994),.UNSPECIFIED.);
#551=B_SPLINE_CURVE_WITH_KNOTS('',2,(#15333,#15334,#15335),
 .UNSPECIFIED.,.F.,.F.,(3,3),(0.,0.333365439404493),.UNSPECIFIED.);
#552=B_SPLINE_CURVE_WITH_KNOTS('',2,(#15338,#15339,#15340),
 .UNSPECIFIED.,.F.,.F.,(3,3),(0.,1.),.UNSPECIFIED.);
#553=B_SPLINE_CURVE_WITH_KNOTS('',2,(#15348,#15349,#15350),
 .UNSPECIFIED.,.F.,.F.,(3,3),(0.,1.),.UNSPECIFIED.);
#554=B_SPLINE_CURVE_WITH_KNOTS('',2,(#15353,#15354,#15355),
 .UNSPECIFIED.,.F.,.F.,(3,3),(0.,1.),.UNSPECIFIED.);
#555=B_SPLINE_CURVE_WITH_KNOTS('',2,(#15363,#15364,#15365),
 .UNSPECIFIED.,.F.,.F.,(3,3),(0.,1.),.UNSPECIFIED.);
#556=B_SPLINE_CURVE_WITH_KNOTS('',2,(#15368,#15369,#15370),
 .UNSPECIFIED.,.F.,.F.,(3,3),(0.,1.),.UNSPECIFIED.);
#557=B_SPLINE_CURVE_WITH_KNOTS('',2,(#15378,#15379,#15380),
 .UNSPECIFIED.,.F.,.F.,(3,3),(0.,1.),.UNSPECIFIED.);
#558=B_SPLINE_CURVE_WITH_KNOTS('',2,(#15383,#15384,#15385),
 .UNSPECIFIED.,.F.,.F.,(3,3),(0.,1.),.UNSPECIFIED.);
#559=B_SPLINE_CURVE_WITH_KNOTS('',2,(#15393,#15394,#15395),
 .UNSPECIFIED.,.F.,.F.,(3,3),(0.,1.),.UNSPECIFIED.);
#560=B_SPLINE_CURVE_WITH_KNOTS('',2,(#15398,#15399,#15400),
 .UNSPECIFIED.,.F.,.F.,(3,3),(0.,1.),.UNSPECIFIED.);
#561=B_SPLINE_CURVE_WITH_KNOTS('',2,(#15408,#15409,#15410),
 .UNSPECIFIED.,.F.,.F.,(3,3),(0.,1.),.UNSPECIFIED.);
#562=B_SPLINE_CURVE_WITH_KNOTS('',2,(#15413,#15414,#15415),
 .UNSPECIFIED.,.F.,.F.,(3,3),(0.,1.),.UNSPECIFIED.);
#563=B_SPLINE_CURVE_WITH_KNOTS('',2,(#15429,#15430,#15431),
 .UNSPECIFIED.,.F.,.F.,(3,3),(0.,1.),.UNSPECIFIED.);
#564=B_SPLINE_CURVE_WITH_KNOTS('',2,(#15434,#15435,#15436),
 .UNSPECIFIED.,.F.,.F.,(3,3),(0.,1.),.UNSPECIFIED.);
#565=B_SPLINE_CURVE_WITH_KNOTS('',2,(#15444,#15445,#15446),
 .UNSPECIFIED.,.F.,.F.,(3,3),(0.,1.),.UNSPECIFIED.);
#566=B_SPLINE_CURVE_WITH_KNOTS('',2,(#15449,#15450,#15451),
 .UNSPECIFIED.,.F.,.F.,(3,3),(0.,1.),.UNSPECIFIED.);
#567=B_SPLINE_CURVE_WITH_KNOTS('',2,(#15459,#15460,#15461),
 .UNSPECIFIED.,.F.,.F.,(3,3),(0.,1.),.UNSPECIFIED.);
#568=B_SPLINE_CURVE_WITH_KNOTS('',2,(#15464,#15465,#15466),
 .UNSPECIFIED.,.F.,.F.,(3,3),(0.,1.),.UNSPECIFIED.);
#569=B_SPLINE_CURVE_WITH_KNOTS('',2,(#15480,#15481,#15482),
 .UNSPECIFIED.,.F.,.F.,(3,3),(0.,1.),.UNSPECIFIED.);
#570=B_SPLINE_CURVE_WITH_KNOTS('',2,(#15485,#15486,#15487),
 .UNSPECIFIED.,.F.,.F.,(3,3),(0.,1.),.UNSPECIFIED.);
#571=B_SPLINE_CURVE_WITH_KNOTS('',2,(#15495,#15496,#15497),
 .UNSPECIFIED.,.F.,.F.,(3,3),(0.,1.),.UNSPECIFIED.);
#572=B_SPLINE_CURVE_WITH_KNOTS('',2,(#15500,#15501,#15502),
 .UNSPECIFIED.,.F.,.F.,(3,3),(0.,1.),.UNSPECIFIED.);
#573=B_SPLINE_CURVE_WITH_KNOTS('',2,(#15510,#15511,#15512),
 .UNSPECIFIED.,.F.,.F.,(3,3),(0.,1.),.UNSPECIFIED.);
#574=B_SPLINE_CURVE_WITH_KNOTS('',2,(#15515,#15516,#15517),
 .UNSPECIFIED.,.F.,.F.,(3,3),(0.,1.),.UNSPECIFIED.);
#575=B_SPLINE_CURVE_WITH_KNOTS('',2,(#15525,#15526,#15527),
 .UNSPECIFIED.,.F.,.F.,(3,3),(0.,1.),.UNSPECIFIED.);
#576=B_SPLINE_CURVE_WITH_KNOTS('',2,(#15530,#15531,#15532),
 .UNSPECIFIED.,.F.,.F.,(3,3),(0.,1.),.UNSPECIFIED.);
#577=B_SPLINE_CURVE_WITH_KNOTS('',2,(#15552,#15553,#15554),
 .UNSPECIFIED.,.F.,.F.,(3,3),(0.,1.),.UNSPECIFIED.);
#578=B_SPLINE_CURVE_WITH_KNOTS('',2,(#15557,#15558,#15559),
 .UNSPECIFIED.,.F.,.F.,(3,3),(0.,1.),.UNSPECIFIED.);
#579=B_SPLINE_CURVE_WITH_KNOTS('',2,(#15567,#15568,#15569),
 .UNSPECIFIED.,.F.,.F.,(3,3),(0.,1.),.UNSPECIFIED.);
#580=B_SPLINE_CURVE_WITH_KNOTS('',2,(#15572,#15573,#15574),
 .UNSPECIFIED.,.F.,.F.,(3,3),(0.,1.),.UNSPECIFIED.);
#581=B_SPLINE_CURVE_WITH_KNOTS('',2,(#15582,#15583,#15584),
 .UNSPECIFIED.,.F.,.F.,(3,3),(0.,1.),.UNSPECIFIED.);
#582=B_SPLINE_CURVE_WITH_KNOTS('',2,(#15587,#15588,#15589),
 .UNSPECIFIED.,.F.,.F.,(3,3),(0.,1.),.UNSPECIFIED.);
#583=B_SPLINE_CURVE_WITH_KNOTS('',2,(#15608,#15609,#15610),
 .UNSPECIFIED.,.F.,.F.,(3,3),(0.73077645282776,1.),.UNSPECIFIED.);
#584=B_SPLINE_CURVE_WITH_KNOTS('',2,(#15611,#15612,#15613),
 .UNSPECIFIED.,.F.,.F.,(3,3),(0.73077645282776,1.),.UNSPECIFIED.);
#585=B_SPLINE_CURVE_WITH_KNOTS('',2,(#15620,#15621,#15622),
 .UNSPECIFIED.,.F.,.F.,(3,3),(-1.,-0.758027137405037),.UNSPECIFIED.);
#586=B_SPLINE_CURVE_WITH_KNOTS('',2,(#15623,#15624,#15625),
 .UNSPECIFIED.,.F.,.F.,(3,3),(-1.,-0.758027137405037),.UNSPECIFIED.);
#587=B_SPLINE_CURVE_WITH_KNOTS('',3,(#15635,#15636,#15637,#15638),
 .UNSPECIFIED.,.F.,.F.,(4,4),(0.,0.0372297700459034),.UNSPECIFIED.);
#588=B_SPLINE_CURVE_WITH_KNOTS('',2,(#15642,#15643,#15644),
 .UNSPECIFIED.,.F.,.F.,(3,3),(0.,1.),.UNSPECIFIED.);
#589=B_SPLINE_CURVE_WITH_KNOTS('',3,(#15646,#15647,#15648,#15649),
 .UNSPECIFIED.,.F.,.F.,(4,4),(0.0499999999999998,0.13),.UNSPECIFIED.);
#590=B_SPLINE_CURVE_WITH_KNOTS('',2,(#15668,#15669,#15670),
 .UNSPECIFIED.,.F.,.F.,(3,3),(0.,1.),.UNSPECIFIED.);
#591=B_SPLINE_CURVE_WITH_KNOTS('',2,(#15677,#15678,#15679),
 .UNSPECIFIED.,.F.,.F.,(3,3),(0.,1.),.UNSPECIFIED.);
#592=B_SPLINE_CURVE_WITH_KNOTS('',3,(#15687,#15688,#15689,#15690),
 .UNSPECIFIED.,.F.,.F.,(4,4),(0.,0.0561438927903266),.UNSPECIFIED.);
#593=B_SPLINE_CURVE_WITH_KNOTS('',2,(#15693,#15694,#15695),
 .UNSPECIFIED.,.F.,.F.,(3,3),(0.,1.),.UNSPECIFIED.);
#594=B_SPLINE_CURVE_WITH_KNOTS('',3,(#15703,#15704,#15705,#15706),
 .UNSPECIFIED.,.F.,.F.,(4,4),(0.,0.0645821981165062),.UNSPECIFIED.);
#595=B_SPLINE_CURVE_WITH_KNOTS('',2,(#15709,#15710,#15711),
 .UNSPECIFIED.,.F.,.F.,(3,3),(0.,1.),.UNSPECIFIED.);
#596=B_SPLINE_CURVE_WITH_KNOTS('',3,(#15719,#15720,#15721,#15722,#15723,
#15724),.UNSPECIFIED.,.F.,.F.,(4,2,4),(0.00752146847790643,0.0635949084003273,
0.121973911718916),.UNSPECIFIED.);
#597=B_SPLINE_CURVE_WITH_KNOTS('',3,(#15725,#15726,#15727,#15728),
 .UNSPECIFIED.,.F.,.F.,(4,4),(0.,0.0799999999999994),.UNSPECIFIED.);
#598=B_SPLINE_CURVE_WITH_KNOTS('',2,(#15731,#15732,#15733),
 .UNSPECIFIED.,.F.,.F.,(3,3),(0.,1.),.UNSPECIFIED.);
#599=B_SPLINE_CURVE_WITH_KNOTS('',2,(#15742,#15743,#15744),
 .UNSPECIFIED.,.F.,.F.,(3,3),(0.,1.),.UNSPECIFIED.);
#600=B_SPLINE_CURVE_WITH_KNOTS('',2,(#15753,#15754,#15755),
 .UNSPECIFIED.,.F.,.F.,(3,3),(0.,1.),.UNSPECIFIED.);
#601=B_SPLINE_CURVE_WITH_KNOTS('',2,(#15772,#15773,#15774),
 .UNSPECIFIED.,.F.,.F.,(3,3),(0.,1.),.UNSPECIFIED.);
#602=B_SPLINE_CURVE_WITH_KNOTS('',2,(#15783,#15784,#15785),
 .UNSPECIFIED.,.F.,.F.,(3,3),(0.,1.),.UNSPECIFIED.);
#603=B_SPLINE_CURVE_WITH_KNOTS('',2,(#15794,#15795,#15796),
 .UNSPECIFIED.,.F.,.F.,(3,3),(0.,1.),.UNSPECIFIED.);
#604=B_SPLINE_CURVE_WITH_KNOTS('',2,(#15817,#15818,#15819),
 .UNSPECIFIED.,.F.,.F.,(3,3),(0.,1.),.UNSPECIFIED.);
#605=B_SPLINE_CURVE_WITH_KNOTS('',2,(#15828,#15829,#15830),
 .UNSPECIFIED.,.F.,.F.,(3,3),(0.,1.),.UNSPECIFIED.);
#606=B_SPLINE_CURVE_WITH_KNOTS('',2,(#15839,#15840,#15841),
 .UNSPECIFIED.,.F.,.F.,(3,3),(0.,1.),.UNSPECIFIED.);
#607=B_SPLINE_CURVE_WITH_KNOTS('',2,(#15854,#15855,#15856),
 .UNSPECIFIED.,.F.,.F.,(3,3),(0.,1.),.UNSPECIFIED.);
#608=B_SPLINE_CURVE_WITH_KNOTS('',2,(#15865,#15866,#15867),
 .UNSPECIFIED.,.F.,.F.,(3,3),(0.,1.),.UNSPECIFIED.);
#609=B_SPLINE_CURVE_WITH_KNOTS('',2,(#15876,#15877,#15878),
 .UNSPECIFIED.,.F.,.F.,(3,3),(0.,1.),.UNSPECIFIED.);
#610=B_SPLINE_CURVE_WITH_KNOTS('',2,(#15899,#15900,#15901),
 .UNSPECIFIED.,.F.,.F.,(3,3),(0.,1.),.UNSPECIFIED.);
#611=B_SPLINE_CURVE_WITH_KNOTS('',2,(#15910,#15911,#15912),
 .UNSPECIFIED.,.F.,.F.,(3,3),(0.,1.),.UNSPECIFIED.);
#612=B_SPLINE_CURVE_WITH_KNOTS('',2,(#15919,#15920,#15921),
 .UNSPECIFIED.,.F.,.F.,(3,3),(0.,1.),.UNSPECIFIED.);
#613=B_SPLINE_CURVE_WITH_KNOTS('',3,(#15931,#15932,#15933,#15934),
 .UNSPECIFIED.,.F.,.F.,(4,4),(0.,0.0179785940245159),.UNSPECIFIED.);
#614=B_SPLINE_CURVE_WITH_KNOTS('',2,(#15938,#15939,#15940),
 .UNSPECIFIED.,.F.,.F.,(3,3),(0.,1.),.UNSPECIFIED.);
#615=B_SPLINE_CURVE_WITH_KNOTS('',2,(#15944,#15945,#15946),
 .UNSPECIFIED.,.F.,.F.,(3,3),(0.185735612779007,1.),.UNSPECIFIED.);
#616=B_SPLINE_CURVE_WITH_KNOTS('',3,(#15947,#15948,#15949,#15950),
 .UNSPECIFIED.,.F.,.F.,(4,4),(0.0499999999999998,0.13),.UNSPECIFIED.);
#617=B_SPLINE_CURVE_WITH_KNOTS('',2,(#15959,#15960,#15961),
 .UNSPECIFIED.,.F.,.F.,(3,3),(0.,1.),.UNSPECIFIED.);
#618=B_SPLINE_CURVE_WITH_KNOTS('',2,(#15965,#15966,#15967),
 .UNSPECIFIED.,.F.,.F.,(3,3),(0.,1.),.UNSPECIFIED.);
#619=B_SPLINE_CURVE_WITH_KNOTS('',2,(#15976,#15977,#15978),
 .UNSPECIFIED.,.F.,.F.,(3,3),(0.,1.),.UNSPECIFIED.);
#620=B_SPLINE_CURVE_WITH_KNOTS('',2,(#15981,#15982,#15983),
 .UNSPECIFIED.,.F.,.F.,(3,3),(0.,1.),.UNSPECIFIED.);
#621=B_SPLINE_CURVE_WITH_KNOTS('',2,(#15991,#15992,#15993),
 .UNSPECIFIED.,.F.,.F.,(3,3),(0.,1.),.UNSPECIFIED.);
#622=B_SPLINE_CURVE_WITH_KNOTS('',2,(#15996,#15997,#15998),
 .UNSPECIFIED.,.F.,.F.,(3,3),(0.,1.),.UNSPECIFIED.);
#623=B_SPLINE_CURVE_WITH_KNOTS('',2,(#16012,#16013,#16014),
 .UNSPECIFIED.,.F.,.F.,(3,3),(0.,1.),.UNSPECIFIED.);
#624=B_SPLINE_CURVE_WITH_KNOTS('',2,(#16017,#16018,#16019),
 .UNSPECIFIED.,.F.,.F.,(3,3),(0.,1.),.UNSPECIFIED.);
#625=B_SPLINE_CURVE_WITH_KNOTS('',2,(#16027,#16028,#16029),
 .UNSPECIFIED.,.F.,.F.,(3,3),(0.,1.),.UNSPECIFIED.);
#626=B_SPLINE_CURVE_WITH_KNOTS('',2,(#16032,#16033,#16034),
 .UNSPECIFIED.,.F.,.F.,(3,3),(0.,1.),.UNSPECIFIED.);
#627=B_SPLINE_CURVE_WITH_KNOTS('',2,(#16041,#16042,#16043),
 .UNSPECIFIED.,.F.,.F.,(3,3),(0.,1.),.UNSPECIFIED.);
#628=B_SPLINE_CURVE_WITH_KNOTS('',2,(#16044,#16045,#16046),
 .UNSPECIFIED.,.F.,.F.,(3,3),(0.,1.),.UNSPECIFIED.);
#629=B_SPLINE_CURVE_WITH_KNOTS('',2,(#16055,#16056,#16057),
 .UNSPECIFIED.,.F.,.F.,(3,3),(0.,1.),.UNSPECIFIED.);
#630=B_SPLINE_CURVE_WITH_KNOTS('',2,(#16061,#16062,#16063),
 .UNSPECIFIED.,.F.,.F.,(3,3),(0.,1.),.UNSPECIFIED.);
#631=B_SPLINE_CURVE_WITH_KNOTS('',2,(#16072,#16073,#16074),
 .UNSPECIFIED.,.F.,.F.,(3,3),(0.,1.),.UNSPECIFIED.);
#632=B_SPLINE_CURVE_WITH_KNOTS('',2,(#16077,#16078,#16079),
 .UNSPECIFIED.,.F.,.F.,(3,3),(0.,1.),.UNSPECIFIED.);
#633=B_SPLINE_CURVE_WITH_KNOTS('',2,(#16093,#16094,#16095),
 .UNSPECIFIED.,.F.,.F.,(3,3),(0.,1.),.UNSPECIFIED.);
#634=B_SPLINE_CURVE_WITH_KNOTS('',2,(#16098,#16099,#16100),
 .UNSPECIFIED.,.F.,.F.,(3,3),(0.,1.),.UNSPECIFIED.);
#635=B_SPLINE_CURVE_WITH_KNOTS('',2,(#16108,#16109,#16110),
 .UNSPECIFIED.,.F.,.F.,(3,3),(0.,1.),.UNSPECIFIED.);
#636=B_SPLINE_CURVE_WITH_KNOTS('',2,(#16113,#16114,#16115),
 .UNSPECIFIED.,.F.,.F.,(3,3),(0.,1.),.UNSPECIFIED.);
#637=B_SPLINE_CURVE_WITH_KNOTS('',2,(#16123,#16124,#16125),
 .UNSPECIFIED.,.F.,.F.,(3,3),(0.,1.),.UNSPECIFIED.);
#638=B_SPLINE_CURVE_WITH_KNOTS('',2,(#16128,#16129,#16130),
 .UNSPECIFIED.,.F.,.F.,(3,3),(0.,1.),.UNSPECIFIED.);
#639=B_SPLINE_CURVE_WITH_KNOTS('',2,(#16138,#16139,#16140),
 .UNSPECIFIED.,.F.,.F.,(3,3),(0.,1.),.UNSPECIFIED.);
#640=B_SPLINE_CURVE_WITH_KNOTS('',2,(#16143,#16144,#16145),
 .UNSPECIFIED.,.F.,.F.,(3,3),(0.,1.),.UNSPECIFIED.);
#641=B_SPLINE_CURVE_WITH_KNOTS('',2,(#16153,#16154,#16155),
 .UNSPECIFIED.,.F.,.F.,(3,3),(0.,1.),.UNSPECIFIED.);
#642=B_SPLINE_CURVE_WITH_KNOTS('',2,(#16158,#16159,#16160),
 .UNSPECIFIED.,.F.,.F.,(3,3),(0.,1.),.UNSPECIFIED.);
#643=B_SPLINE_CURVE_WITH_KNOTS('',2,(#16168,#16169,#16170),
 .UNSPECIFIED.,.F.,.F.,(3,3),(0.,1.),.UNSPECIFIED.);
#644=B_SPLINE_CURVE_WITH_KNOTS('',2,(#16173,#16174,#16175),
 .UNSPECIFIED.,.F.,.F.,(3,3),(0.,1.),.UNSPECIFIED.);
#645=B_SPLINE_CURVE_WITH_KNOTS('',3,(#16186,#16187,#16188,#16189),
 .UNSPECIFIED.,.F.,.F.,(4,4),(0.,0.0594813355969285),.UNSPECIFIED.);
#646=B_SPLINE_CURVE_WITH_KNOTS('',2,(#16192,#16193,#16194),
 .UNSPECIFIED.,.F.,.F.,(3,3),(0.,1.),.UNSPECIFIED.);
#647=B_SPLINE_CURVE_WITH_KNOTS('',3,(#16202,#16203,#16204,#16205),
 .UNSPECIFIED.,.F.,.F.,(4,4),(0.,0.0416689513033009),.UNSPECIFIED.);
#648=B_SPLINE_CURVE_WITH_KNOTS('',2,(#16208,#16209,#16210),
 .UNSPECIFIED.,.F.,.F.,(3,3),(0.,1.),.UNSPECIFIED.);
#649=B_SPLINE_CURVE_WITH_KNOTS('',3,(#16218,#16219,#16220,#16221),
 .UNSPECIFIED.,.F.,.F.,(4,4),(0.,0.0361578836214483),.UNSPECIFIED.);
#650=B_SPLINE_CURVE_WITH_KNOTS('',2,(#16224,#16225,#16226),
 .UNSPECIFIED.,.F.,.F.,(3,3),(0.,1.),.UNSPECIFIED.);
#651=B_SPLINE_CURVE_WITH_KNOTS('',3,(#16234,#16235,#16236,#16237),
 .UNSPECIFIED.,.F.,.F.,(4,4),(0.0358358534857826,0.0382033003551277),
 .UNSPECIFIED.);
#652=B_SPLINE_CURVE_WITH_KNOTS('',3,(#16239,#16240,#16241,#16242),
 .UNSPECIFIED.,.F.,.F.,(4,4),(0.,0.0799999999999994),.UNSPECIFIED.);
#653=B_SPLINE_CURVE_WITH_KNOTS('',2,(#16244,#16245,#16246),
 .UNSPECIFIED.,.F.,.F.,(3,3),(0.,0.924458336111724),.UNSPECIFIED.);
#654=B_SPLINE_CURVE_WITH_KNOTS('',2,(#16249,#16250,#16251),
 .UNSPECIFIED.,.F.,.F.,(3,3),(0.,1.),.UNSPECIFIED.);
#655=B_SPLINE_CURVE_WITH_KNOTS('',2,(#16265,#16266,#16267),
 .UNSPECIFIED.,.F.,.F.,(3,3),(0.,1.),.UNSPECIFIED.);
#656=B_SPLINE_CURVE_WITH_KNOTS('',2,(#16270,#16271,#16272),
 .UNSPECIFIED.,.F.,.F.,(3,3),(0.,1.),.UNSPECIFIED.);
#657=B_SPLINE_CURVE_WITH_KNOTS('',2,(#16280,#16281,#16282),
 .UNSPECIFIED.,.F.,.F.,(3,3),(0.,1.),.UNSPECIFIED.);
#658=B_SPLINE_CURVE_WITH_KNOTS('',2,(#16285,#16286,#16287),
 .UNSPECIFIED.,.F.,.F.,(3,3),(0.,1.),.UNSPECIFIED.);
#659=B_SPLINE_CURVE_WITH_KNOTS('',2,(#16294,#16295,#16296),
 .UNSPECIFIED.,.F.,.F.,(3,3),(0.,1.),.UNSPECIFIED.);
#660=B_SPLINE_CURVE_WITH_KNOTS('',2,(#16297,#16298,#16299),
 .UNSPECIFIED.,.F.,.F.,(3,3),(0.,1.),.UNSPECIFIED.);
#661=ELLIPSE('',#9776,4.40000000000002,2.20000000000001);
#662=ELLIPSE('',#9786,12.,6.);
#663=ELLIPSE('',#9858,12.,6.);
#664=ELLIPSE('',#9862,6.92820323027551,6.);
#665=ELLIPSE('',#9935,6.92820323027551,6.);
#666=ELLIPSE('',#9938,12.,6.);
#667=PLANE('',#9770);
#668=PLANE('',#9771);
#669=PLANE('',#9780);
#670=PLANE('',#9784);
#671=PLANE('',#9785);
#672=PLANE('',#9787);
#673=PLANE('',#9788);
#674=PLANE('',#9789);
#675=PLANE('',#9790);
#676=PLANE('',#9791);
#677=PLANE('',#9792);
#678=PLANE('',#9793);
#679=PLANE('',#9794);
#680=PLANE('',#9795);
#681=PLANE('',#9796);
#682=PLANE('',#9797);
#683=PLANE('',#9798);
#684=PLANE('',#9799);
#685=PLANE('',#9800);
#686=PLANE('',#9801);
#687=PLANE('',#9802);
#688=PLANE('',#9803);
#689=PLANE('',#9804);
#690=PLANE('',#9805);
#691=PLANE('',#9806);
#692=PLANE('',#9807);
#693=PLANE('',#9808);
#694=PLANE('',#9809);
#695=PLANE('',#9810);
#696=PLANE('',#9811);
#697=PLANE('',#9812);
#698=PLANE('',#9813);
#699=PLANE('',#9814);
#700=PLANE('',#9815);
#701=PLANE('',#9816);
#702=PLANE('',#9817);
#703=PLANE('',#9818);
#704=PLANE('',#9819);
#705=PLANE('',#9820);
#706=PLANE('',#9821);
#707=PLANE('',#9822);
#708=PLANE('',#9823);
#709=PLANE('',#9824);
#710=PLANE('',#9825);
#711=PLANE('',#9826);
#712=PLANE('',#9827);
#713=PLANE('',#9828);
#714=PLANE('',#9829);
#715=PLANE('',#9830);
#716=PLANE('',#9831);
#717=PLANE('',#9832);
#718=PLANE('',#9833);
#719=PLANE('',#9834);
#720=PLANE('',#9835);
#721=PLANE('',#9836);
#722=PLANE('',#9837);
#723=PLANE('',#9838);
#724=PLANE('',#9839);
#725=PLANE('',#9840);
#726=PLANE('',#9841);
#727=PLANE('',#9842);
#728=PLANE('',#9843);
#729=PLANE('',#9844);
#730=PLANE('',#9845);
#731=PLANE('',#9846);
#732=PLANE('',#9847);
#733=PLANE('',#9848);
#734=PLANE('',#9849);
#735=PLANE('',#9850);
#736=PLANE('',#9851);
#737=PLANE('',#9852);
#738=PLANE('',#9853);
#739=PLANE('',#9854);
#740=PLANE('',#9855);
#741=PLANE('',#9856);
#742=PLANE('',#9857);
#743=PLANE('',#9859);
#744=PLANE('',#9860);
#745=PLANE('',#9861);
#746=PLANE('',#9863);
#747=PLANE('',#9864);
#748=PLANE('',#9865);
#749=PLANE('',#9866);
#750=PLANE('',#9867);
#751=PLANE('',#9868);
#752=PLANE('',#9869);
#753=PLANE('',#9870);
#754=PLANE('',#9871);
#755=PLANE('',#9872);
#756=PLANE('',#9873);
#757=PLANE('',#9874);
#758=PLANE('',#9875);
#759=PLANE('',#9876);
#760=PLANE('',#9877);
#761=PLANE('',#9878);
#762=PLANE('',#9879);
#763=PLANE('',#9880);
#764=PLANE('',#9881);
#765=PLANE('',#9882);
#766=PLANE('',#9883);
#767=PLANE('',#9884);
#768=PLANE('',#9885);
#769=PLANE('',#9886);
#770=PLANE('',#9887);
#771=PLANE('',#9888);
#772=PLANE('',#9889);
#773=PLANE('',#9890);
#774=PLANE('',#9891);
#775=PLANE('',#9892);
#776=PLANE('',#9893);
#777=PLANE('',#9894);
#778=PLANE('',#9895);
#779=PLANE('',#9896);
#780=PLANE('',#9897);
#781=PLANE('',#9898);
#782=PLANE('',#9899);
#783=PLANE('',#9900);
#784=PLANE('',#9901);
#785=PLANE('',#9902);
#786=PLANE('',#9903);
#787=PLANE('',#9904);
#788=PLANE('',#9905);
#789=PLANE('',#9906);
#790=PLANE('',#9907);
#791=PLANE('',#9908);
#792=PLANE('',#9909);
#793=PLANE('',#9910);
#794=PLANE('',#9911);
#795=PLANE('',#9912);
#796=PLANE('',#9913);
#797=PLANE('',#9914);
#798=PLANE('',#9915);
#799=PLANE('',#9916);
#800=PLANE('',#9917);
#801=PLANE('',#9918);
#802=PLANE('',#9919);
#803=PLANE('',#9920);
#804=PLANE('',#9921);
#805=PLANE('',#9922);
#806=PLANE('',#9923);
#807=PLANE('',#9924);
#808=PLANE('',#9925);
#809=PLANE('',#9926);
#810=PLANE('',#9927);
#811=PLANE('',#9928);
#812=PLANE('',#9929);
#813=PLANE('',#9930);
#814=PLANE('',#9931);
#815=PLANE('',#9932);
#816=PLANE('',#9933);
#817=PLANE('',#9934);
#818=PLANE('',#9936);
#819=PLANE('',#9937);
#820=PLANE('',#9939);
#821=PLANE('',#9940);
#822=PLANE('',#9949);
#823=PLANE('',#9950);
#824=PLANE('',#9951);
#825=PLANE('',#9952);
#826=PLANE('',#9953);
#827=PLANE('',#9954);
#828=PLANE('',#9955);
#829=PLANE('',#9956);
#830=PLANE('',#9957);
#831=PLANE('',#9958);
#832=PLANE('',#9959);
#833=PLANE('',#9960);
#834=PLANE('',#9961);
#835=PLANE('',#9962);
#836=PLANE('',#9963);
#837=PLANE('',#9964);
#838=PLANE('',#9965);
#839=PLANE('',#9966);
#840=PLANE('',#9967);
#841=PLANE('',#9968);
#842=PLANE('',#9969);
#843=PLANE('',#9970);
#844=PLANE('',#9971);
#845=PLANE('',#9972);
#846=PLANE('',#9973);
#847=PLANE('',#9974);
#848=PLANE('',#9975);
#849=PLANE('',#9976);
#850=PLANE('',#9977);
#851=PLANE('',#9978);
#852=PLANE('',#9979);
#853=PLANE('',#9980);
#854=PLANE('',#9981);
#855=PLANE('',#9982);
#856=PLANE('',#9983);
#857=PLANE('',#9984);
#858=PLANE('',#9985);
#859=PLANE('',#9986);
#860=PLANE('',#9987);
#861=PLANE('',#9988);
#862=PLANE('',#9989);
#863=PLANE('',#9990);
#864=PLANE('',#9991);
#865=PLANE('',#9992);
#866=PLANE('',#9993);
#867=PLANE('',#9994);
#868=PLANE('',#9995);
#869=PLANE('',#9996);
#870=PLANE('',#9997);
#871=PLANE('',#9998);
#872=PLANE('',#9999);
#873=PLANE('',#10000);
#874=PLANE('',#10001);
#875=PLANE('',#10002);
#876=PLANE('',#10003);
#877=PLANE('',#10004);
#878=PLANE('',#10005);
#879=PLANE('',#10006);
#880=PLANE('',#10007);
#881=PLANE('',#10008);
#882=PLANE('',#10009);
#883=PLANE('',#10010);
#884=PLANE('',#10011);
#885=PLANE('',#10012);
#886=PLANE('',#10013);
#887=PLANE('',#10014);
#888=PLANE('',#10015);
#889=PLANE('',#10016);
#890=PLANE('',#10017);
#891=PLANE('',#10018);
#892=PLANE('',#10019);
#893=PLANE('',#10020);
#894=PLANE('',#10021);
#895=PLANE('',#10022);
#896=PLANE('',#10023);
#897=PLANE('',#10024);
#898=PLANE('',#10025);
#899=PLANE('',#10026);
#900=PLANE('',#10027);
#901=PLANE('',#10028);
#902=PLANE('',#10029);
#903=PLANE('',#10030);
#904=PLANE('',#10031);
#905=PLANE('',#10032);
#906=PLANE('',#10033);
#907=PLANE('',#10034);
#908=PLANE('',#10035);
#909=PLANE('',#10036);
#910=PLANE('',#10037);
#911=PLANE('',#10038);
#912=PLANE('',#10039);
#913=PLANE('',#10040);
#914=PLANE('',#10041);
#915=PLANE('',#10042);
#916=PLANE('',#10043);
#917=PLANE('',#10044);
#918=PLANE('',#10045);
#919=PLANE('',#10046);
#920=PLANE('',#10047);
#921=PLANE('',#10048);
#922=PLANE('',#10049);
#923=PLANE('',#10050);
#924=PLANE('',#10051);
#925=PLANE('',#10052);
#926=PLANE('',#10053);
#927=PLANE('',#10054);
#928=PLANE('',#10055);
#929=PLANE('',#10056);
#930=PLANE('',#10057);
#931=PLANE('',#10058);
#932=PLANE('',#10059);
#933=PLANE('',#10060);
#934=PLANE('',#10061);
#935=PLANE('',#10062);
#936=PLANE('',#10063);
#937=PLANE('',#10064);
#938=PLANE('',#10065);
#939=PLANE('',#10066);
#940=PLANE('',#10067);
#941=PLANE('',#10068);
#942=PLANE('',#10069);
#943=PLANE('',#10070);
#944=PLANE('',#10071);
#945=PLANE('',#10072);
#946=PLANE('',#10073);
#947=PLANE('',#10074);
#948=PLANE('',#10075);
#949=PLANE('',#10076);
#950=PLANE('',#10077);
#951=PLANE('',#10078);
#952=PLANE('',#10079);
#953=PLANE('',#10080);
#954=PLANE('',#10081);
#955=PLANE('',#10082);
#956=PLANE('',#10083);
#957=PLANE('',#10084);
#958=PLANE('',#10085);
#959=PLANE('',#10086);
#960=PLANE('',#10087);
#961=PLANE('',#10088);
#962=PLANE('',#10089);
#963=PLANE('',#10094);
#964=PLANE('',#10097);
#965=PLANE('',#10098);
#966=PLANE('',#10099);
#967=PLANE('',#10100);
#968=PLANE('',#10101);
#969=PLANE('',#10102);
#970=PLANE('',#10103);
#971=PLANE('',#10104);
#972=PLANE('',#10105);
#973=PLANE('',#10106);
#974=PLANE('',#10107);
#975=FACE_OUTER_BOUND('',#1485,.T.);
#976=FACE_OUTER_BOUND('',#1486,.T.);
#977=FACE_OUTER_BOUND('',#1487,.T.);
#978=FACE_OUTER_BOUND('',#1488,.T.);
#979=FACE_OUTER_BOUND('',#1489,.T.);
#980=FACE_OUTER_BOUND('',#1490,.T.);
#981=FACE_OUTER_BOUND('',#1491,.T.);
#982=FACE_OUTER_BOUND('',#1492,.T.);
#983=FACE_OUTER_BOUND('',#1493,.T.);
#984=FACE_OUTER_BOUND('',#1494,.T.);
#985=FACE_OUTER_BOUND('',#1495,.T.);
#986=FACE_OUTER_BOUND('',#1496,.T.);
#987=FACE_OUTER_BOUND('',#1497,.T.);
#988=FACE_OUTER_BOUND('',#1498,.T.);
#989=FACE_OUTER_BOUND('',#1499,.T.);
#990=FACE_OUTER_BOUND('',#1500,.T.);
#991=FACE_OUTER_BOUND('',#1501,.T.);
#992=FACE_OUTER_BOUND('',#1502,.T.);
#993=FACE_OUTER_BOUND('',#1503,.T.);
#994=FACE_OUTER_BOUND('',#1504,.T.);
#995=FACE_OUTER_BOUND('',#1505,.T.);
#996=FACE_OUTER_BOUND('',#1506,.T.);
#997=FACE_OUTER_BOUND('',#1507,.T.);
#998=FACE_OUTER_BOUND('',#1508,.T.);
#999=FACE_OUTER_BOUND('',#1509,.T.);
#1000=FACE_OUTER_BOUND('',#1510,.T.);
#1001=FACE_OUTER_BOUND('',#1511,.T.);
#1002=FACE_OUTER_BOUND('',#1512,.T.);
#1003=FACE_OUTER_BOUND('',#1513,.T.);
#1004=FACE_OUTER_BOUND('',#1514,.T.);
#1005=FACE_OUTER_BOUND('',#1515,.T.);
#1006=FACE_OUTER_BOUND('',#1516,.T.);
#1007=FACE_OUTER_BOUND('',#1517,.T.);
#1008=FACE_OUTER_BOUND('',#1518,.T.);
#1009=FACE_OUTER_BOUND('',#1519,.T.);
#1010=FACE_OUTER_BOUND('',#1520,.T.);
#1011=FACE_OUTER_BOUND('',#1521,.T.);
#1012=FACE_OUTER_BOUND('',#1522,.T.);
#1013=FACE_OUTER_BOUND('',#1523,.T.);
#1014=FACE_OUTER_BOUND('',#1524,.T.);
#1015=FACE_OUTER_BOUND('',#1525,.T.);
#1016=FACE_OUTER_BOUND('',#1526,.T.);
#1017=FACE_OUTER_BOUND('',#1527,.T.);
#1018=FACE_OUTER_BOUND('',#1528,.T.);
#1019=FACE_OUTER_BOUND('',#1529,.T.);
#1020=FACE_OUTER_BOUND('',#1530,.T.);
#1021=FACE_OUTER_BOUND('',#1531,.T.);
#1022=FACE_OUTER_BOUND('',#1532,.T.);
#1023=FACE_OUTER_BOUND('',#1533,.T.);
#1024=FACE_OUTER_BOUND('',#1534,.T.);
#1025=FACE_OUTER_BOUND('',#1535,.T.);
#1026=FACE_OUTER_BOUND('',#1536,.T.);
#1027=FACE_OUTER_BOUND('',#1537,.T.);
#1028=FACE_OUTER_BOUND('',#1538,.T.);
#1029=FACE_OUTER_BOUND('',#1539,.T.);
#1030=FACE_OUTER_BOUND('',#1540,.T.);
#1031=FACE_OUTER_BOUND('',#1541,.T.);
#1032=FACE_OUTER_BOUND('',#1542,.T.);
#1033=FACE_OUTER_BOUND('',#1543,.T.);
#1034=FACE_OUTER_BOUND('',#1544,.T.);
#1035=FACE_OUTER_BOUND('',#1545,.T.);
#1036=FACE_OUTER_BOUND('',#1546,.T.);
#1037=FACE_OUTER_BOUND('',#1547,.T.);
#1038=FACE_OUTER_BOUND('',#1548,.T.);
#1039=FACE_OUTER_BOUND('',#1549,.T.);
#1040=FACE_OUTER_BOUND('',#1550,.T.);
#1041=FACE_OUTER_BOUND('',#1551,.T.);
#1042=FACE_OUTER_BOUND('',#1552,.T.);
#1043=FACE_OUTER_BOUND('',#1553,.T.);
#1044=FACE_OUTER_BOUND('',#1554,.T.);
#1045=FACE_OUTER_BOUND('',#1555,.T.);
#1046=FACE_OUTER_BOUND('',#1556,.T.);
#1047=FACE_OUTER_BOUND('',#1557,.T.);
#1048=FACE_OUTER_BOUND('',#1558,.T.);
#1049=FACE_OUTER_BOUND('',#1559,.T.);
#1050=FACE_OUTER_BOUND('',#1560,.T.);
#1051=FACE_OUTER_BOUND('',#1561,.T.);
#1052=FACE_OUTER_BOUND('',#1562,.T.);
#1053=FACE_OUTER_BOUND('',#1563,.T.);
#1054=FACE_OUTER_BOUND('',#1564,.T.);
#1055=FACE_OUTER_BOUND('',#1565,.T.);
#1056=FACE_OUTER_BOUND('',#1566,.T.);
#1057=FACE_OUTER_BOUND('',#1567,.T.);
#1058=FACE_OUTER_BOUND('',#1568,.T.);
#1059=FACE_OUTER_BOUND('',#1569,.T.);
#1060=FACE_OUTER_BOUND('',#1570,.T.);
#1061=FACE_OUTER_BOUND('',#1571,.T.);
#1062=FACE_OUTER_BOUND('',#1572,.T.);
#1063=FACE_OUTER_BOUND('',#1573,.T.);
#1064=FACE_OUTER_BOUND('',#1574,.T.);
#1065=FACE_OUTER_BOUND('',#1575,.T.);
#1066=FACE_OUTER_BOUND('',#1576,.T.);
#1067=FACE_OUTER_BOUND('',#1577,.T.);
#1068=FACE_OUTER_BOUND('',#1578,.T.);
#1069=FACE_OUTER_BOUND('',#1579,.T.);
#1070=FACE_OUTER_BOUND('',#1580,.T.);
#1071=FACE_OUTER_BOUND('',#1581,.T.);
#1072=FACE_OUTER_BOUND('',#1582,.T.);
#1073=FACE_OUTER_BOUND('',#1583,.T.);
#1074=FACE_OUTER_BOUND('',#1584,.T.);
#1075=FACE_OUTER_BOUND('',#1585,.T.);
#1076=FACE_OUTER_BOUND('',#1586,.T.);
#1077=FACE_OUTER_BOUND('',#1587,.T.);
#1078=FACE_OUTER_BOUND('',#1588,.T.);
#1079=FACE_OUTER_BOUND('',#1589,.T.);
#1080=FACE_OUTER_BOUND('',#1590,.T.);
#1081=FACE_OUTER_BOUND('',#1591,.T.);
#1082=FACE_OUTER_BOUND('',#1592,.T.);
#1083=FACE_OUTER_BOUND('',#1593,.T.);
#1084=FACE_OUTER_BOUND('',#1594,.T.);
#1085=FACE_OUTER_BOUND('',#1595,.T.);
#1086=FACE_OUTER_BOUND('',#1596,.T.);
#1087=FACE_OUTER_BOUND('',#1597,.T.);
#1088=FACE_OUTER_BOUND('',#1598,.T.);
#1089=FACE_OUTER_BOUND('',#1599,.T.);
#1090=FACE_OUTER_BOUND('',#1600,.T.);
#1091=FACE_OUTER_BOUND('',#1601,.T.);
#1092=FACE_OUTER_BOUND('',#1602,.T.);
#1093=FACE_OUTER_BOUND('',#1603,.T.);
#1094=FACE_OUTER_BOUND('',#1604,.T.);
#1095=FACE_OUTER_BOUND('',#1605,.T.);
#1096=FACE_OUTER_BOUND('',#1606,.T.);
#1097=FACE_OUTER_BOUND('',#1607,.T.);
#1098=FACE_OUTER_BOUND('',#1608,.T.);
#1099=FACE_OUTER_BOUND('',#1609,.T.);
#1100=FACE_OUTER_BOUND('',#1610,.T.);
#1101=FACE_OUTER_BOUND('',#1611,.T.);
#1102=FACE_OUTER_BOUND('',#1612,.T.);
#1103=FACE_OUTER_BOUND('',#1613,.T.);
#1104=FACE_OUTER_BOUND('',#1614,.T.);
#1105=FACE_OUTER_BOUND('',#1615,.T.);
#1106=FACE_OUTER_BOUND('',#1616,.T.);
#1107=FACE_OUTER_BOUND('',#1617,.T.);
#1108=FACE_OUTER_BOUND('',#1618,.T.);
#1109=FACE_OUTER_BOUND('',#1619,.T.);
#1110=FACE_OUTER_BOUND('',#1620,.T.);
#1111=FACE_OUTER_BOUND('',#1621,.T.);
#1112=FACE_OUTER_BOUND('',#1622,.T.);
#1113=FACE_OUTER_BOUND('',#1623,.T.);
#1114=FACE_OUTER_BOUND('',#1624,.T.);
#1115=FACE_OUTER_BOUND('',#1625,.T.);
#1116=FACE_OUTER_BOUND('',#1626,.T.);
#1117=FACE_OUTER_BOUND('',#1627,.T.);
#1118=FACE_OUTER_BOUND('',#1628,.T.);
#1119=FACE_OUTER_BOUND('',#1629,.T.);
#1120=FACE_OUTER_BOUND('',#1630,.T.);
#1121=FACE_OUTER_BOUND('',#1631,.T.);
#1122=FACE_OUTER_BOUND('',#1632,.T.);
#1123=FACE_OUTER_BOUND('',#1633,.T.);
#1124=FACE_OUTER_BOUND('',#1634,.T.);
#1125=FACE_OUTER_BOUND('',#1635,.T.);
#1126=FACE_OUTER_BOUND('',#1636,.T.);
#1127=FACE_OUTER_BOUND('',#1637,.T.);
#1128=FACE_OUTER_BOUND('',#1638,.T.);
#1129=FACE_OUTER_BOUND('',#1639,.T.);
#1130=FACE_OUTER_BOUND('',#1640,.T.);
#1131=FACE_OUTER_BOUND('',#1641,.T.);
#1132=FACE_OUTER_BOUND('',#1642,.T.);
#1133=FACE_OUTER_BOUND('',#1643,.T.);
#1134=FACE_OUTER_BOUND('',#1644,.T.);
#1135=FACE_OUTER_BOUND('',#1645,.T.);
#1136=FACE_OUTER_BOUND('',#1646,.T.);
#1137=FACE_OUTER_BOUND('',#1647,.T.);
#1138=FACE_OUTER_BOUND('',#1648,.T.);
#1139=FACE_OUTER_BOUND('',#1649,.T.);
#1140=FACE_OUTER_BOUND('',#1650,.T.);
#1141=FACE_OUTER_BOUND('',#1651,.T.);
#1142=FACE_OUTER_BOUND('',#1652,.T.);
#1143=FACE_OUTER_BOUND('',#1653,.T.);
#1144=FACE_OUTER_BOUND('',#1654,.T.);
#1145=FACE_OUTER_BOUND('',#1655,.T.);
#1146=FACE_OUTER_BOUND('',#1656,.T.);
#1147=FACE_OUTER_BOUND('',#1657,.T.);
#1148=FACE_OUTER_BOUND('',#1658,.T.);
#1149=FACE_OUTER_BOUND('',#1659,.T.);
#1150=FACE_OUTER_BOUND('',#1660,.T.);
#1151=FACE_OUTER_BOUND('',#1661,.T.);
#1152=FACE_OUTER_BOUND('',#1662,.T.);
#1153=FACE_OUTER_BOUND('',#1663,.T.);
#1154=FACE_OUTER_BOUND('',#1664,.T.);
#1155=FACE_OUTER_BOUND('',#1665,.T.);
#1156=FACE_OUTER_BOUND('',#1666,.T.);
#1157=FACE_OUTER_BOUND('',#1667,.T.);
#1158=FACE_OUTER_BOUND('',#1668,.T.);
#1159=FACE_OUTER_BOUND('',#1669,.T.);
#1160=FACE_OUTER_BOUND('',#1670,.T.);
#1161=FACE_OUTER_BOUND('',#1671,.T.);
#1162=FACE_OUTER_BOUND('',#1672,.T.);
#1163=FACE_OUTER_BOUND('',#1673,.T.);
#1164=FACE_OUTER_BOUND('',#1674,.T.);
#1165=FACE_OUTER_BOUND('',#1675,.T.);
#1166=FACE_OUTER_BOUND('',#1676,.T.);
#1167=FACE_OUTER_BOUND('',#1677,.T.);
#1168=FACE_OUTER_BOUND('',#1678,.T.);
#1169=FACE_OUTER_BOUND('',#1679,.T.);
#1170=FACE_OUTER_BOUND('',#1680,.T.);
#1171=FACE_OUTER_BOUND('',#1681,.T.);
#1172=FACE_OUTER_BOUND('',#1682,.T.);
#1173=FACE_OUTER_BOUND('',#1683,.T.);
#1174=FACE_OUTER_BOUND('',#1684,.T.);
#1175=FACE_OUTER_BOUND('',#1685,.T.);
#1176=FACE_OUTER_BOUND('',#1686,.T.);
#1177=FACE_OUTER_BOUND('',#1687,.T.);
#1178=FACE_OUTER_BOUND('',#1688,.T.);
#1179=FACE_OUTER_BOUND('',#1689,.T.);
#1180=FACE_OUTER_BOUND('',#1690,.T.);
#1181=FACE_OUTER_BOUND('',#1691,.T.);
#1182=FACE_OUTER_BOUND('',#1692,.T.);
#1183=FACE_OUTER_BOUND('',#1693,.T.);
#1184=FACE_OUTER_BOUND('',#1694,.T.);
#1185=FACE_OUTER_BOUND('',#1695,.T.);
#1186=FACE_OUTER_BOUND('',#1696,.T.);
#1187=FACE_OUTER_BOUND('',#1697,.T.);
#1188=FACE_OUTER_BOUND('',#1698,.T.);
#1189=FACE_OUTER_BOUND('',#1699,.T.);
#1190=FACE_OUTER_BOUND('',#1700,.T.);
#1191=FACE_OUTER_BOUND('',#1701,.T.);
#1192=FACE_OUTER_BOUND('',#1702,.T.);
#1193=FACE_OUTER_BOUND('',#1703,.T.);
#1194=FACE_OUTER_BOUND('',#1704,.T.);
#1195=FACE_OUTER_BOUND('',#1705,.T.);
#1196=FACE_OUTER_BOUND('',#1706,.T.);
#1197=FACE_OUTER_BOUND('',#1707,.T.);
#1198=FACE_OUTER_BOUND('',#1708,.T.);
#1199=FACE_OUTER_BOUND('',#1709,.T.);
#1200=FACE_OUTER_BOUND('',#1710,.T.);
#1201=FACE_OUTER_BOUND('',#1712,.T.);
#1202=FACE_OUTER_BOUND('',#1713,.T.);
#1203=FACE_OUTER_BOUND('',#1714,.T.);
#1204=FACE_OUTER_BOUND('',#1715,.T.);
#1205=FACE_OUTER_BOUND('',#1716,.T.);
#1206=FACE_OUTER_BOUND('',#1717,.T.);
#1207=FACE_OUTER_BOUND('',#1718,.T.);
#1208=FACE_OUTER_BOUND('',#1719,.T.);
#1209=FACE_OUTER_BOUND('',#1720,.T.);
#1210=FACE_OUTER_BOUND('',#1721,.T.);
#1211=FACE_OUTER_BOUND('',#1722,.T.);
#1212=FACE_OUTER_BOUND('',#1723,.T.);
#1213=FACE_OUTER_BOUND('',#1724,.T.);
#1214=FACE_OUTER_BOUND('',#1725,.T.);
#1215=FACE_OUTER_BOUND('',#1726,.T.);
#1216=FACE_OUTER_BOUND('',#1727,.T.);
#1217=FACE_OUTER_BOUND('',#1728,.T.);
#1218=FACE_OUTER_BOUND('',#1729,.T.);
#1219=FACE_OUTER_BOUND('',#1730,.T.);
#1220=FACE_OUTER_BOUND('',#1731,.T.);
#1221=FACE_OUTER_BOUND('',#1732,.T.);
#1222=FACE_OUTER_BOUND('',#1734,.T.);
#1223=FACE_OUTER_BOUND('',#1735,.T.);
#1224=FACE_OUTER_BOUND('',#1736,.T.);
#1225=FACE_OUTER_BOUND('',#1737,.T.);
#1226=FACE_OUTER_BOUND('',#1738,.T.);
#1227=FACE_OUTER_BOUND('',#1739,.T.);
#1228=FACE_OUTER_BOUND('',#1740,.T.);
#1229=FACE_OUTER_BOUND('',#1741,.T.);
#1230=FACE_OUTER_BOUND('',#1742,.T.);
#1231=FACE_OUTER_BOUND('',#1743,.T.);
#1232=FACE_OUTER_BOUND('',#1744,.T.);
#1233=FACE_OUTER_BOUND('',#1745,.T.);
#1234=FACE_OUTER_BOUND('',#1746,.T.);
#1235=FACE_OUTER_BOUND('',#1747,.T.);
#1236=FACE_OUTER_BOUND('',#1748,.T.);
#1237=FACE_OUTER_BOUND('',#1749,.T.);
#1238=FACE_OUTER_BOUND('',#1750,.T.);
#1239=FACE_OUTER_BOUND('',#1751,.T.);
#1240=FACE_OUTER_BOUND('',#1752,.T.);
#1241=FACE_OUTER_BOUND('',#1753,.T.);
#1242=FACE_OUTER_BOUND('',#1754,.T.);
#1243=FACE_OUTER_BOUND('',#1755,.T.);
#1244=FACE_OUTER_BOUND('',#1756,.T.);
#1245=FACE_OUTER_BOUND('',#1757,.T.);
#1246=FACE_OUTER_BOUND('',#1758,.T.);
#1247=FACE_OUTER_BOUND('',#1759,.T.);
#1248=FACE_OUTER_BOUND('',#1760,.T.);
#1249=FACE_OUTER_BOUND('',#1761,.T.);
#1250=FACE_OUTER_BOUND('',#1762,.T.);
#1251=FACE_OUTER_BOUND('',#1763,.T.);
#1252=FACE_OUTER_BOUND('',#1764,.T.);
#1253=FACE_OUTER_BOUND('',#1765,.T.);
#1254=FACE_OUTER_BOUND('',#1766,.T.);
#1255=FACE_OUTER_BOUND('',#1767,.T.);
#1256=FACE_OUTER_BOUND('',#1768,.T.);
#1257=FACE_OUTER_BOUND('',#1769,.T.);
#1258=FACE_OUTER_BOUND('',#1770,.T.);
#1259=FACE_OUTER_BOUND('',#1771,.T.);
#1260=FACE_OUTER_BOUND('',#1772,.T.);
#1261=FACE_OUTER_BOUND('',#1773,.T.);
#1262=FACE_OUTER_BOUND('',#1774,.T.);
#1263=FACE_OUTER_BOUND('',#1775,.T.);
#1264=FACE_OUTER_BOUND('',#1776,.T.);
#1265=FACE_OUTER_BOUND('',#1777,.T.);
#1266=FACE_OUTER_BOUND('',#1778,.T.);
#1267=FACE_OUTER_BOUND('',#1779,.T.);
#1268=FACE_OUTER_BOUND('',#1780,.T.);
#1269=FACE_OUTER_BOUND('',#1781,.T.);
#1270=FACE_OUTER_BOUND('',#1782,.T.);
#1271=FACE_OUTER_BOUND('',#1783,.T.);
#1272=FACE_OUTER_BOUND('',#1784,.T.);
#1273=FACE_OUTER_BOUND('',#1785,.T.);
#1274=FACE_OUTER_BOUND('',#1786,.T.);
#1275=FACE_OUTER_BOUND('',#1787,.T.);
#1276=FACE_OUTER_BOUND('',#1788,.T.);
#1277=FACE_OUTER_BOUND('',#1789,.T.);
#1278=FACE_OUTER_BOUND('',#1790,.T.);
#1279=FACE_OUTER_BOUND('',#1791,.T.);
#1280=FACE_OUTER_BOUND('',#1792,.T.);
#1281=FACE_OUTER_BOUND('',#1793,.T.);
#1282=FACE_OUTER_BOUND('',#1794,.T.);
#1283=FACE_OUTER_BOUND('',#1795,.T.);
#1284=FACE_OUTER_BOUND('',#1796,.T.);
#1285=FACE_OUTER_BOUND('',#1797,.T.);
#1286=FACE_OUTER_BOUND('',#1798,.T.);
#1287=FACE_OUTER_BOUND('',#1799,.T.);
#1288=FACE_OUTER_BOUND('',#1800,.T.);
#1289=FACE_OUTER_BOUND('',#1801,.T.);
#1290=FACE_OUTER_BOUND('',#1802,.T.);
#1291=FACE_OUTER_BOUND('',#1803,.T.);
#1292=FACE_OUTER_BOUND('',#1804,.T.);
#1293=FACE_OUTER_BOUND('',#1805,.T.);
#1294=FACE_OUTER_BOUND('',#1806,.T.);
#1295=FACE_OUTER_BOUND('',#1807,.T.);
#1296=FACE_OUTER_BOUND('',#1808,.T.);
#1297=FACE_OUTER_BOUND('',#1809,.T.);
#1298=FACE_OUTER_BOUND('',#1810,.T.);
#1299=FACE_OUTER_BOUND('',#1811,.T.);
#1300=FACE_OUTER_BOUND('',#1812,.T.);
#1301=FACE_OUTER_BOUND('',#1813,.T.);
#1302=FACE_OUTER_BOUND('',#1814,.T.);
#1303=FACE_OUTER_BOUND('',#1815,.T.);
#1304=FACE_OUTER_BOUND('',#1816,.T.);
#1305=FACE_OUTER_BOUND('',#1817,.T.);
#1306=FACE_OUTER_BOUND('',#1818,.T.);
#1307=FACE_OUTER_BOUND('',#1819,.T.);
#1308=FACE_OUTER_BOUND('',#1820,.T.);
#1309=FACE_OUTER_BOUND('',#1821,.T.);
#1310=FACE_OUTER_BOUND('',#1822,.T.);
#1311=FACE_OUTER_BOUND('',#1823,.T.);
#1312=FACE_OUTER_BOUND('',#1824,.T.);
#1313=FACE_OUTER_BOUND('',#1825,.T.);
#1314=FACE_OUTER_BOUND('',#1826,.T.);
#1315=FACE_OUTER_BOUND('',#1827,.T.);
#1316=FACE_OUTER_BOUND('',#1828,.T.);
#1317=FACE_OUTER_BOUND('',#1829,.T.);
#1318=FACE_OUTER_BOUND('',#1830,.T.);
#1319=FACE_OUTER_BOUND('',#1831,.T.);
#1320=FACE_OUTER_BOUND('',#1832,.T.);
#1321=FACE_OUTER_BOUND('',#1833,.T.);
#1322=FACE_OUTER_BOUND('',#1834,.T.);
#1323=FACE_OUTER_BOUND('',#1835,.T.);
#1324=FACE_OUTER_BOUND('',#1836,.T.);
#1325=FACE_OUTER_BOUND('',#1837,.T.);
#1326=FACE_OUTER_BOUND('',#1838,.T.);
#1327=FACE_OUTER_BOUND('',#1839,.T.);
#1328=FACE_OUTER_BOUND('',#1840,.T.);
#1329=FACE_OUTER_BOUND('',#1841,.T.);
#1330=FACE_OUTER_BOUND('',#1842,.T.);
#1331=FACE_OUTER_BOUND('',#1843,.T.);
#1332=FACE_OUTER_BOUND('',#1844,.T.);
#1333=FACE_OUTER_BOUND('',#1845,.T.);
#1334=FACE_OUTER_BOUND('',#1846,.T.);
#1335=FACE_OUTER_BOUND('',#1847,.T.);
#1336=FACE_OUTER_BOUND('',#1848,.T.);
#1337=FACE_OUTER_BOUND('',#1849,.T.);
#1338=FACE_OUTER_BOUND('',#1850,.T.);
#1339=FACE_OUTER_BOUND('',#1851,.T.);
#1340=FACE_OUTER_BOUND('',#1852,.T.);
#1341=FACE_OUTER_BOUND('',#1853,.T.);
#1342=FACE_OUTER_BOUND('',#1854,.T.);
#1343=FACE_OUTER_BOUND('',#1855,.T.);
#1344=FACE_OUTER_BOUND('',#1856,.T.);
#1345=FACE_OUTER_BOUND('',#1857,.T.);
#1346=FACE_OUTER_BOUND('',#1858,.T.);
#1347=FACE_OUTER_BOUND('',#1859,.T.);
#1348=FACE_OUTER_BOUND('',#1860,.T.);
#1349=FACE_OUTER_BOUND('',#1861,.T.);
#1350=FACE_OUTER_BOUND('',#1862,.T.);
#1351=FACE_OUTER_BOUND('',#1863,.T.);
#1352=FACE_OUTER_BOUND('',#1864,.T.);
#1353=FACE_OUTER_BOUND('',#1865,.T.);
#1354=FACE_OUTER_BOUND('',#1866,.T.);
#1355=FACE_OUTER_BOUND('',#1867,.T.);
#1356=FACE_OUTER_BOUND('',#1868,.T.);
#1357=FACE_OUTER_BOUND('',#1869,.T.);
#1358=FACE_OUTER_BOUND('',#1870,.T.);
#1359=FACE_OUTER_BOUND('',#1871,.T.);
#1360=FACE_OUTER_BOUND('',#1872,.T.);
#1361=FACE_OUTER_BOUND('',#1873,.T.);
#1362=FACE_OUTER_BOUND('',#1874,.T.);
#1363=FACE_OUTER_BOUND('',#1875,.T.);
#1364=FACE_OUTER_BOUND('',#1876,.T.);
#1365=FACE_OUTER_BOUND('',#1877,.T.);
#1366=FACE_OUTER_BOUND('',#1878,.T.);
#1367=FACE_OUTER_BOUND('',#1879,.T.);
#1368=FACE_OUTER_BOUND('',#1880,.T.);
#1369=FACE_OUTER_BOUND('',#1881,.T.);
#1370=FACE_OUTER_BOUND('',#1882,.T.);
#1371=FACE_OUTER_BOUND('',#1883,.T.);
#1372=FACE_OUTER_BOUND('',#1884,.T.);
#1373=FACE_OUTER_BOUND('',#1885,.T.);
#1374=FACE_OUTER_BOUND('',#1886,.T.);
#1375=FACE_OUTER_BOUND('',#1887,.T.);
#1376=FACE_OUTER_BOUND('',#1888,.T.);
#1377=FACE_OUTER_BOUND('',#1889,.T.);
#1378=FACE_OUTER_BOUND('',#1890,.T.);
#1379=FACE_OUTER_BOUND('',#1891,.T.);
#1380=FACE_OUTER_BOUND('',#1892,.T.);
#1381=FACE_OUTER_BOUND('',#1893,.T.);
#1382=FACE_OUTER_BOUND('',#1894,.T.);
#1383=FACE_OUTER_BOUND('',#1895,.T.);
#1384=FACE_OUTER_BOUND('',#1896,.T.);
#1385=FACE_OUTER_BOUND('',#1897,.T.);
#1386=FACE_OUTER_BOUND('',#1898,.T.);
#1387=FACE_OUTER_BOUND('',#1899,.T.);
#1388=FACE_OUTER_BOUND('',#1900,.T.);
#1389=FACE_OUTER_BOUND('',#1901,.T.);
#1390=FACE_OUTER_BOUND('',#1902,.T.);
#1391=FACE_OUTER_BOUND('',#1903,.T.);
#1392=FACE_OUTER_BOUND('',#1904,.T.);
#1393=FACE_OUTER_BOUND('',#1905,.T.);
#1394=FACE_OUTER_BOUND('',#1906,.T.);
#1395=FACE_OUTER_BOUND('',#1907,.T.);
#1396=FACE_OUTER_BOUND('',#1908,.T.);
#1397=FACE_OUTER_BOUND('',#1909,.T.);
#1398=FACE_OUTER_BOUND('',#1910,.T.);
#1399=FACE_OUTER_BOUND('',#1911,.T.);
#1400=FACE_OUTER_BOUND('',#1912,.T.);
#1401=FACE_OUTER_BOUND('',#1913,.T.);
#1402=FACE_OUTER_BOUND('',#1914,.T.);
#1403=FACE_OUTER_BOUND('',#1915,.T.);
#1404=FACE_OUTER_BOUND('',#1916,.T.);
#1405=FACE_OUTER_BOUND('',#1917,.T.);
#1406=FACE_OUTER_BOUND('',#1918,.T.);
#1407=FACE_OUTER_BOUND('',#1920,.T.);
#1408=FACE_OUTER_BOUND('',#1921,.T.);
#1409=FACE_OUTER_BOUND('',#1922,.T.);
#1410=FACE_OUTER_BOUND('',#1923,.T.);
#1411=FACE_OUTER_BOUND('',#1924,.T.);
#1412=FACE_OUTER_BOUND('',#1925,.T.);
#1413=FACE_OUTER_BOUND('',#1926,.T.);
#1414=FACE_OUTER_BOUND('',#1927,.T.);
#1415=FACE_OUTER_BOUND('',#1928,.T.);
#1416=FACE_OUTER_BOUND('',#1929,.T.);
#1417=FACE_OUTER_BOUND('',#1930,.T.);
#1418=FACE_OUTER_BOUND('',#1931,.T.);
#1419=FACE_OUTER_BOUND('',#1932,.T.);
#1420=FACE_OUTER_BOUND('',#1933,.T.);
#1421=FACE_OUTER_BOUND('',#1934,.T.);
#1422=FACE_OUTER_BOUND('',#1935,.T.);
#1423=FACE_OUTER_BOUND('',#1936,.T.);
#1424=FACE_OUTER_BOUND('',#1937,.T.);
#1425=FACE_OUTER_BOUND('',#1938,.T.);
#1426=FACE_OUTER_BOUND('',#1939,.T.);
#1427=FACE_OUTER_BOUND('',#1940,.T.);
#1428=FACE_OUTER_BOUND('',#1941,.T.);
#1429=FACE_OUTER_BOUND('',#1942,.T.);
#1430=FACE_OUTER_BOUND('',#1943,.T.);
#1431=FACE_OUTER_BOUND('',#1944,.T.);
#1432=FACE_OUTER_BOUND('',#1945,.T.);
#1433=FACE_OUTER_BOUND('',#1946,.T.);
#1434=FACE_OUTER_BOUND('',#1947,.T.);
#1435=FACE_OUTER_BOUND('',#1948,.T.);
#1436=FACE_OUTER_BOUND('',#1949,.T.);
#1437=FACE_OUTER_BOUND('',#1950,.T.);
#1438=FACE_OUTER_BOUND('',#1951,.T.);
#1439=FACE_OUTER_BOUND('',#1952,.T.);
#1440=FACE_OUTER_BOUND('',#1953,.T.);
#1441=FACE_OUTER_BOUND('',#1954,.T.);
#1442=FACE_OUTER_BOUND('',#1955,.T.);
#1443=FACE_OUTER_BOUND('',#1956,.T.);
#1444=FACE_OUTER_BOUND('',#1957,.T.);
#1445=FACE_OUTER_BOUND('',#1958,.T.);
#1446=FACE_OUTER_BOUND('',#1959,.T.);
#1447=FACE_OUTER_BOUND('',#1960,.T.);
#1448=FACE_OUTER_BOUND('',#1961,.T.);
#1449=FACE_OUTER_BOUND('',#1962,.T.);
#1450=FACE_OUTER_BOUND('',#1963,.T.);
#1451=FACE_OUTER_BOUND('',#1964,.T.);
#1452=FACE_OUTER_BOUND('',#1965,.T.);
#1453=FACE_OUTER_BOUND('',#1966,.T.);
#1454=FACE_OUTER_BOUND('',#1967,.T.);
#1455=FACE_OUTER_BOUND('',#1968,.T.);
#1456=FACE_OUTER_BOUND('',#1969,.T.);
#1457=FACE_OUTER_BOUND('',#1970,.T.);
#1458=FACE_OUTER_BOUND('',#1971,.T.);
#1459=FACE_OUTER_BOUND('',#1972,.T.);
#1460=FACE_OUTER_BOUND('',#1973,.T.);
#1461=FACE_OUTER_BOUND('',#1974,.T.);
#1462=FACE_OUTER_BOUND('',#1975,.T.);
#1463=FACE_OUTER_BOUND('',#1976,.T.);
#1464=FACE_OUTER_BOUND('',#1977,.T.);
#1465=FACE_OUTER_BOUND('',#1978,.T.);
#1466=FACE_OUTER_BOUND('',#1979,.T.);
#1467=FACE_OUTER_BOUND('',#1980,.T.);
#1468=FACE_OUTER_BOUND('',#1981,.T.);
#1469=FACE_OUTER_BOUND('',#1982,.T.);
#1470=FACE_OUTER_BOUND('',#1983,.T.);
#1471=FACE_OUTER_BOUND('',#1988,.T.);
#1472=FACE_OUTER_BOUND('',#1989,.T.);
#1473=FACE_OUTER_BOUND('',#1990,.T.);
#1474=FACE_OUTER_BOUND('',#1991,.T.);
#1475=FACE_OUTER_BOUND('',#1992,.T.);
#1476=FACE_OUTER_BOUND('',#1993,.T.);
#1477=FACE_OUTER_BOUND('',#1994,.T.);
#1478=FACE_OUTER_BOUND('',#1995,.T.);
#1479=FACE_OUTER_BOUND('',#1996,.T.);
#1480=FACE_OUTER_BOUND('',#1997,.T.);
#1481=FACE_OUTER_BOUND('',#1998,.T.);
#1482=FACE_OUTER_BOUND('',#1999,.T.);
#1483=FACE_OUTER_BOUND('',#2000,.T.);
#1484=FACE_OUTER_BOUND('',#2001,.T.);
#1485=EDGE_LOOP('',(#6334,#6335,#6336,#6337));
#1486=EDGE_LOOP('',(#6338));
#1487=EDGE_LOOP('',(#6339,#6340,#6341,#6342));
#1488=EDGE_LOOP('',(#6343,#6344,#6345,#6346,#6347,#6348,#6349));
#1489=EDGE_LOOP('',(#6350,#6351,#6352,#6353));
#1490=EDGE_LOOP('',(#6354));
#1491=EDGE_LOOP('',(#6355,#6356,#6357,#6358));
#1492=EDGE_LOOP('',(#6359));
#1493=EDGE_LOOP('',(#6360,#6361,#6362,#6363,#6364,#6365,#6366,#6367));
#1494=EDGE_LOOP('',(#6368,#6369,#6370,#6371));
#1495=EDGE_LOOP('',(#6372,#6373,#6374,#6375));
#1496=EDGE_LOOP('',(#6376,#6377,#6378,#6379));
#1497=EDGE_LOOP('',(#6380,#6381,#6382,#6383));
#1498=EDGE_LOOP('',(#6384,#6385,#6386,#6387,#6388));
#1499=EDGE_LOOP('',(#6389,#6390,#6391,#6392));
#1500=EDGE_LOOP('',(#6393,#6394,#6395,#6396));
#1501=EDGE_LOOP('',(#6397,#6398,#6399,#6400));
#1502=EDGE_LOOP('',(#6401,#6402,#6403,#6404));
#1503=EDGE_LOOP('',(#6405,#6406,#6407,#6408,#6409));
#1504=EDGE_LOOP('',(#6410,#6411,#6412,#6413));
#1505=EDGE_LOOP('',(#6414,#6415,#6416,#6417));
#1506=EDGE_LOOP('',(#6418,#6419,#6420,#6421));
#1507=EDGE_LOOP('',(#6422,#6423,#6424,#6425));
#1508=EDGE_LOOP('',(#6426,#6427,#6428,#6429,#6430));
#1509=EDGE_LOOP('',(#6431,#6432,#6433,#6434));
#1510=EDGE_LOOP('',(#6435,#6436,#6437,#6438));
#1511=EDGE_LOOP('',(#6439,#6440,#6441,#6442));
#1512=EDGE_LOOP('',(#6443,#6444,#6445,#6446));
#1513=EDGE_LOOP('',(#6447,#6448,#6449,#6450,#6451));
#1514=EDGE_LOOP('',(#6452,#6453,#6454,#6455));
#1515=EDGE_LOOP('',(#6456,#6457,#6458,#6459));
#1516=EDGE_LOOP('',(#6460,#6461,#6462,#6463));
#1517=EDGE_LOOP('',(#6464,#6465,#6466,#6467));
#1518=EDGE_LOOP('',(#6468,#6469,#6470,#6471,#6472));
#1519=EDGE_LOOP('',(#6473,#6474,#6475,#6476));
#1520=EDGE_LOOP('',(#6477,#6478,#6479,#6480));
#1521=EDGE_LOOP('',(#6481,#6482,#6483,#6484));
#1522=EDGE_LOOP('',(#6485,#6486,#6487,#6488));
#1523=EDGE_LOOP('',(#6489,#6490,#6491,#6492,#6493));
#1524=EDGE_LOOP('',(#6494,#6495,#6496,#6497));
#1525=EDGE_LOOP('',(#6498,#6499,#6500,#6501));
#1526=EDGE_LOOP('',(#6502,#6503,#6504,#6505));
#1527=EDGE_LOOP('',(#6506,#6507,#6508,#6509));
#1528=EDGE_LOOP('',(#6510,#6511,#6512,#6513,#6514));
#1529=EDGE_LOOP('',(#6515,#6516,#6517,#6518));
#1530=EDGE_LOOP('',(#6519,#6520,#6521,#6522));
#1531=EDGE_LOOP('',(#6523,#6524,#6525,#6526));
#1532=EDGE_LOOP('',(#6527,#6528,#6529,#6530));
#1533=EDGE_LOOP('',(#6531,#6532,#6533,#6534,#6535));
#1534=EDGE_LOOP('',(#6536,#6537,#6538,#6539));
#1535=EDGE_LOOP('',(#6540,#6541,#6542,#6543));
#1536=EDGE_LOOP('',(#6544,#6545,#6546,#6547));
#1537=EDGE_LOOP('',(#6548,#6549,#6550,#6551));
#1538=EDGE_LOOP('',(#6552,#6553,#6554,#6555,#6556));
#1539=EDGE_LOOP('',(#6557,#6558,#6559,#6560));
#1540=EDGE_LOOP('',(#6561,#6562,#6563,#6564));
#1541=EDGE_LOOP('',(#6565,#6566,#6567,#6568));
#1542=EDGE_LOOP('',(#6569,#6570,#6571,#6572));
#1543=EDGE_LOOP('',(#6573,#6574,#6575,#6576,#6577));
#1544=EDGE_LOOP('',(#6578,#6579,#6580,#6581));
#1545=EDGE_LOOP('',(#6582,#6583,#6584,#6585));
#1546=EDGE_LOOP('',(#6586,#6587,#6588,#6589));
#1547=EDGE_LOOP('',(#6590,#6591,#6592,#6593));
#1548=EDGE_LOOP('',(#6594,#6595,#6596,#6597,#6598));
#1549=EDGE_LOOP('',(#6599,#6600,#6601,#6602));
#1550=EDGE_LOOP('',(#6603,#6604,#6605,#6606));
#1551=EDGE_LOOP('',(#6607,#6608,#6609,#6610));
#1552=EDGE_LOOP('',(#6611,#6612,#6613,#6614));
#1553=EDGE_LOOP('',(#6615,#6616,#6617,#6618,#6619));
#1554=EDGE_LOOP('',(#6620,#6621,#6622,#6623));
#1555=EDGE_LOOP('',(#6624,#6625,#6626,#6627));
#1556=EDGE_LOOP('',(#6628,#6629,#6630,#6631));
#1557=EDGE_LOOP('',(#6632,#6633,#6634,#6635));
#1558=EDGE_LOOP('',(#6636,#6637,#6638,#6639,#6640));
#1559=EDGE_LOOP('',(#6641,#6642,#6643,#6644));
#1560=EDGE_LOOP('',(#6645,#6646,#6647,#6648));
#1561=EDGE_LOOP('',(#6649,#6650,#6651,#6652));
#1562=EDGE_LOOP('',(#6653,#6654,#6655,#6656));
#1563=EDGE_LOOP('',(#6657,#6658,#6659,#6660,#6661));
#1564=EDGE_LOOP('',(#6662,#6663,#6664,#6665,#6666));
#1565=EDGE_LOOP('',(#6667,#6668,#6669,#6670));
#1566=EDGE_LOOP('',(#6671,#6672,#6673,#6674,#6675,#6676,#6677,#6678));
#1567=EDGE_LOOP('',(#6679,#6680,#6681,#6682));
#1568=EDGE_LOOP('',(#6683,#6684,#6685,#6686));
#1569=EDGE_LOOP('',(#6687,#6688,#6689,#6690));
#1570=EDGE_LOOP('',(#6691,#6692,#6693,#6694));
#1571=EDGE_LOOP('',(#6695,#6696,#6697,#6698));
#1572=EDGE_LOOP('',(#6699,#6700,#6701,#6702,#6703));
#1573=EDGE_LOOP('',(#6704,#6705,#6706,#6707));
#1574=EDGE_LOOP('',(#6708,#6709,#6710,#6711));
#1575=EDGE_LOOP('',(#6712,#6713,#6714,#6715));
#1576=EDGE_LOOP('',(#6716,#6717,#6718,#6719));
#1577=EDGE_LOOP('',(#6720,#6721,#6722,#6723,#6724));
#1578=EDGE_LOOP('',(#6725,#6726,#6727,#6728));
#1579=EDGE_LOOP('',(#6729,#6730,#6731,#6732));
#1580=EDGE_LOOP('',(#6733,#6734,#6735,#6736));
#1581=EDGE_LOOP('',(#6737,#6738,#6739,#6740));
#1582=EDGE_LOOP('',(#6741,#6742,#6743,#6744,#6745));
#1583=EDGE_LOOP('',(#6746,#6747,#6748,#6749));
#1584=EDGE_LOOP('',(#6750,#6751,#6752,#6753));
#1585=EDGE_LOOP('',(#6754,#6755,#6756,#6757));
#1586=EDGE_LOOP('',(#6758,#6759,#6760,#6761));
#1587=EDGE_LOOP('',(#6762,#6763,#6764,#6765,#6766));
#1588=EDGE_LOOP('',(#6767,#6768,#6769,#6770));
#1589=EDGE_LOOP('',(#6771,#6772,#6773,#6774));
#1590=EDGE_LOOP('',(#6775,#6776,#6777,#6778));
#1591=EDGE_LOOP('',(#6779,#6780,#6781,#6782));
#1592=EDGE_LOOP('',(#6783,#6784,#6785,#6786,#6787));
#1593=EDGE_LOOP('',(#6788,#6789,#6790,#6791));
#1594=EDGE_LOOP('',(#6792,#6793,#6794,#6795));
#1595=EDGE_LOOP('',(#6796,#6797,#6798,#6799));
#1596=EDGE_LOOP('',(#6800,#6801,#6802,#6803));
#1597=EDGE_LOOP('',(#6804,#6805,#6806,#6807,#6808));
#1598=EDGE_LOOP('',(#6809,#6810,#6811,#6812));
#1599=EDGE_LOOP('',(#6813,#6814,#6815,#6816));
#1600=EDGE_LOOP('',(#6817,#6818,#6819,#6820));
#1601=EDGE_LOOP('',(#6821,#6822,#6823,#6824));
#1602=EDGE_LOOP('',(#6825,#6826,#6827,#6828,#6829));
#1603=EDGE_LOOP('',(#6830,#6831,#6832,#6833));
#1604=EDGE_LOOP('',(#6834,#6835,#6836,#6837));
#1605=EDGE_LOOP('',(#6838,#6839,#6840,#6841));
#1606=EDGE_LOOP('',(#6842,#6843,#6844,#6845));
#1607=EDGE_LOOP('',(#6846,#6847,#6848,#6849,#6850));
#1608=EDGE_LOOP('',(#6851,#6852,#6853,#6854));
#1609=EDGE_LOOP('',(#6855,#6856,#6857,#6858));
#1610=EDGE_LOOP('',(#6859,#6860,#6861,#6862));
#1611=EDGE_LOOP('',(#6863,#6864,#6865,#6866));
#1612=EDGE_LOOP('',(#6867,#6868,#6869,#6870,#6871));
#1613=EDGE_LOOP('',(#6872,#6873,#6874,#6875));
#1614=EDGE_LOOP('',(#6876,#6877,#6878,#6879));
#1615=EDGE_LOOP('',(#6880,#6881,#6882,#6883));
#1616=EDGE_LOOP('',(#6884,#6885,#6886,#6887));
#1617=EDGE_LOOP('',(#6888,#6889,#6890,#6891,#6892));
#1618=EDGE_LOOP('',(#6893,#6894,#6895,#6896));
#1619=EDGE_LOOP('',(#6897,#6898,#6899,#6900));
#1620=EDGE_LOOP('',(#6901,#6902,#6903,#6904));
#1621=EDGE_LOOP('',(#6905,#6906,#6907,#6908));
#1622=EDGE_LOOP('',(#6909,#6910,#6911,#6912,#6913));
#1623=EDGE_LOOP('',(#6914,#6915,#6916,#6917));
#1624=EDGE_LOOP('',(#6918,#6919,#6920,#6921));
#1625=EDGE_LOOP('',(#6922,#6923,#6924,#6925));
#1626=EDGE_LOOP('',(#6926,#6927,#6928,#6929));
#1627=EDGE_LOOP('',(#6930,#6931,#6932,#6933,#6934));
#1628=EDGE_LOOP('',(#6935,#6936,#6937,#6938));
#1629=EDGE_LOOP('',(#6939,#6940,#6941,#6942));
#1630=EDGE_LOOP('',(#6943,#6944,#6945,#6946));
#1631=EDGE_LOOP('',(#6947,#6948,#6949,#6950));
#1632=EDGE_LOOP('',(#6951,#6952,#6953,#6954,#6955));
#1633=EDGE_LOOP('',(#6956,#6957,#6958,#6959));
#1634=EDGE_LOOP('',(#6960,#6961,#6962,#6963));
#1635=EDGE_LOOP('',(#6964,#6965,#6966,#6967));
#1636=EDGE_LOOP('',(#6968,#6969,#6970,#6971));
#1637=EDGE_LOOP('',(#6972,#6973,#6974,#6975,#6976));
#1638=EDGE_LOOP('',(#6977,#6978,#6979,#6980));
#1639=EDGE_LOOP('',(#6981,#6982,#6983,#6984));
#1640=EDGE_LOOP('',(#6985,#6986,#6987,#6988));
#1641=EDGE_LOOP('',(#6989,#6990,#6991,#6992,#6993));
#1642=EDGE_LOOP('',(#6994,#6995,#6996,#6997,#6998));
#1643=EDGE_LOOP('',(#6999,#7000,#7001,#7002,#7003,#7004,#7005));
#1644=EDGE_LOOP('',(#7006,#7007,#7008));
#1645=EDGE_LOOP('',(#7009,#7010,#7011,#7012,#7013,#7014));
#1646=EDGE_LOOP('',(#7015,#7016,#7017,#7018,#7019,#7020));
#1647=EDGE_LOOP('',(#7021,#7022,#7023));
#1648=EDGE_LOOP('',(#7024,#7025,#7026,#7027,#7028,#7029,#7030,#7031,#7032,
#7033,#7034,#7035,#7036,#7037,#7038,#7039,#7040,#7041,#7042,#7043,#7044,
#7045,#7046,#7047,#7048,#7049,#7050,#7051,#7052,#7053,#7054,#7055,#7056,
#7057,#7058,#7059));
#1649=EDGE_LOOP('',(#7060,#7061,#7062,#7063,#7064,#7065));
#1650=EDGE_LOOP('',(#7066,#7067,#7068,#7069,#7070,#7071));
#1651=EDGE_LOOP('',(#7072,#7073,#7074,#7075,#7076,#7077));
#1652=EDGE_LOOP('',(#7078,#7079,#7080,#7081,#7082,#7083));
#1653=EDGE_LOOP('',(#7084,#7085,#7086,#7087,#7088,#7089));
#1654=EDGE_LOOP('',(#7090,#7091,#7092,#7093,#7094,#7095));
#1655=EDGE_LOOP('',(#7096,#7097,#7098,#7099,#7100,#7101));
#1656=EDGE_LOOP('',(#7102,#7103,#7104,#7105,#7106,#7107));
#1657=EDGE_LOOP('',(#7108,#7109,#7110,#7111,#7112,#7113));
#1658=EDGE_LOOP('',(#7114,#7115,#7116,#7117,#7118,#7119));
#1659=EDGE_LOOP('',(#7120,#7121,#7122,#7123,#7124,#7125));
#1660=EDGE_LOOP('',(#7126,#7127,#7128,#7129,#7130,#7131));
#1661=EDGE_LOOP('',(#7132,#7133,#7134,#7135,#7136,#7137));
#1662=EDGE_LOOP('',(#7138,#7139,#7140,#7141,#7142,#7143));
#1663=EDGE_LOOP('',(#7144,#7145,#7146,#7147,#7148,#7149));
#1664=EDGE_LOOP('',(#7150,#7151,#7152,#7153,#7154,#7155));
#1665=EDGE_LOOP('',(#7156,#7157,#7158,#7159,#7160,#7161));
#1666=EDGE_LOOP('',(#7162,#7163,#7164,#7165,#7166,#7167));
#1667=EDGE_LOOP('',(#7168,#7169,#7170,#7171,#7172,#7173));
#1668=EDGE_LOOP('',(#7174,#7175,#7176,#7177,#7178,#7179));
#1669=EDGE_LOOP('',(#7180,#7181,#7182,#7183,#7184,#7185));
#1670=EDGE_LOOP('',(#7186,#7187,#7188,#7189,#7190,#7191));
#1671=EDGE_LOOP('',(#7192,#7193,#7194,#7195,#7196,#7197));
#1672=EDGE_LOOP('',(#7198,#7199,#7200,#7201,#7202,#7203));
#1673=EDGE_LOOP('',(#7204,#7205,#7206,#7207,#7208,#7209));
#1674=EDGE_LOOP('',(#7210,#7211,#7212,#7213,#7214,#7215));
#1675=EDGE_LOOP('',(#7216,#7217,#7218,#7219,#7220,#7221));
#1676=EDGE_LOOP('',(#7222,#7223,#7224,#7225,#7226,#7227));
#1677=EDGE_LOOP('',(#7228,#7229,#7230,#7231,#7232,#7233));
#1678=EDGE_LOOP('',(#7234,#7235,#7236,#7237,#7238,#7239));
#1679=EDGE_LOOP('',(#7240,#7241,#7242,#7243));
#1680=EDGE_LOOP('',(#7244,#7245,#7246,#7247,#7248,#7249));
#1681=EDGE_LOOP('',(#7250,#7251,#7252,#7253,#7254,#7255));
#1682=EDGE_LOOP('',(#7256,#7257,#7258,#7259,#7260,#7261));
#1683=EDGE_LOOP('',(#7262,#7263,#7264,#7265));
#1684=EDGE_LOOP('',(#7266,#7267,#7268,#7269,#7270,#7271));
#1685=EDGE_LOOP('',(#7272,#7273,#7274,#7275));
#1686=EDGE_LOOP('',(#7276,#7277,#7278,#7279));
#1687=EDGE_LOOP('',(#7280,#7281,#7282,#7283));
#1688=EDGE_LOOP('',(#7284,#7285,#7286,#7287));
#1689=EDGE_LOOP('',(#7288,#7289,#7290,#7291));
#1690=EDGE_LOOP('',(#7292,#7293,#7294,#7295));
#1691=EDGE_LOOP('',(#7296,#7297,#7298,#7299));
#1692=EDGE_LOOP('',(#7300,#7301,#7302,#7303));
#1693=EDGE_LOOP('',(#7304,#7305,#7306,#7307));
#1694=EDGE_LOOP('',(#7308,#7309,#7310,#7311));
#1695=EDGE_LOOP('',(#7312,#7313,#7314,#7315));
#1696=EDGE_LOOP('',(#7316,#7317,#7318,#7319));
#1697=EDGE_LOOP('',(#7320,#7321,#7322,#7323));
#1698=EDGE_LOOP('',(#7324,#7325,#7326,#7327));
#1699=EDGE_LOOP('',(#7328,#7329,#7330,#7331));
#1700=EDGE_LOOP('',(#7332,#7333,#7334,#7335));
#1701=EDGE_LOOP('',(#7336,#7337,#7338,#7339,#7340,#7341));
#1702=EDGE_LOOP('',(#7342,#7343,#7344,#7345));
#1703=EDGE_LOOP('',(#7346,#7347,#7348,#7349));
#1704=EDGE_LOOP('',(#7350,#7351,#7352,#7353));
#1705=EDGE_LOOP('',(#7354,#7355,#7356,#7357));
#1706=EDGE_LOOP('',(#7358,#7359,#7360,#7361));
#1707=EDGE_LOOP('',(#7362,#7363,#7364,#7365));
#1708=EDGE_LOOP('',(#7366,#7367,#7368,#7369));
#1709=EDGE_LOOP('',(#7370,#7371,#7372,#7373));
#1710=EDGE_LOOP('',(#7374,#7375,#7376,#7377,#7378,#7379,#7380,#7381,#7382,
#7383,#7384,#7385,#7386,#7387,#7388,#7389,#7390,#7391,#7392,#7393));
#1711=EDGE_LOOP('',(#7394,#7395,#7396,#7397,#7398,#7399));
#1712=EDGE_LOOP('',(#7400,#7401,#7402,#7403));
#1713=EDGE_LOOP('',(#7404,#7405,#7406,#7407));
#1714=EDGE_LOOP('',(#7408,#7409,#7410,#7411));
#1715=EDGE_LOOP('',(#7412,#7413,#7414,#7415,#7416,#7417));
#1716=EDGE_LOOP('',(#7418,#7419,#7420,#7421));
#1717=EDGE_LOOP('',(#7422,#7423,#7424,#7425,#7426,#7427));
#1718=EDGE_LOOP('',(#7428,#7429,#7430,#7431));
#1719=EDGE_LOOP('',(#7432,#7433,#7434,#7435));
#1720=EDGE_LOOP('',(#7436,#7437,#7438,#7439));
#1721=EDGE_LOOP('',(#7440,#7441,#7442,#7443));
#1722=EDGE_LOOP('',(#7444,#7445,#7446,#7447));
#1723=EDGE_LOOP('',(#7448,#7449,#7450,#7451));
#1724=EDGE_LOOP('',(#7452,#7453,#7454,#7455));
#1725=EDGE_LOOP('',(#7456,#7457,#7458,#7459));
#1726=EDGE_LOOP('',(#7460,#7461,#7462,#7463));
#1727=EDGE_LOOP('',(#7464,#7465,#7466,#7467,#7468,#7469));
#1728=EDGE_LOOP('',(#7470,#7471,#7472,#7473));
#1729=EDGE_LOOP('',(#7474,#7475,#7476,#7477));
#1730=EDGE_LOOP('',(#7478,#7479,#7480,#7481));
#1731=EDGE_LOOP('',(#7482,#7483,#7484,#7485));
#1732=EDGE_LOOP('',(#7486,#7487,#7488,#7489,#7490,#7491,#7492,#7493,#7494,
#7495,#7496,#7497,#7498,#7499,#7500,#7501,#7502,#7503,#7504,#7505,#7506,
#7507));
#1733=EDGE_LOOP('',(#7508,#7509,#7510,#7511,#7512));
#1734=EDGE_LOOP('',(#7513,#7514,#7515,#7516));
#1735=EDGE_LOOP('',(#7517,#7518,#7519,#7520));
#1736=EDGE_LOOP('',(#7521,#7522,#7523,#7524));
#1737=EDGE_LOOP('',(#7525,#7526,#7527,#7528));
#1738=EDGE_LOOP('',(#7529,#7530,#7531,#7532));
#1739=EDGE_LOOP('',(#7533,#7534,#7535,#7536));
#1740=EDGE_LOOP('',(#7537,#7538,#7539,#7540));
#1741=EDGE_LOOP('',(#7541,#7542,#7543,#7544));
#1742=EDGE_LOOP('',(#7545,#7546,#7547,#7548));
#1743=EDGE_LOOP('',(#7549,#7550,#7551,#7552));
#1744=EDGE_LOOP('',(#7553,#7554,#7555,#7556));
#1745=EDGE_LOOP('',(#7557,#7558,#7559,#7560));
#1746=EDGE_LOOP('',(#7561,#7562,#7563,#7564));
#1747=EDGE_LOOP('',(#7565,#7566,#7567,#7568));
#1748=EDGE_LOOP('',(#7569,#7570,#7571,#7572));
#1749=EDGE_LOOP('',(#7573,#7574,#7575,#7576));
#1750=EDGE_LOOP('',(#7577,#7578,#7579,#7580));
#1751=EDGE_LOOP('',(#7581,#7582,#7583,#7584));
#1752=EDGE_LOOP('',(#7585,#7586,#7587,#7588));
#1753=EDGE_LOOP('',(#7589,#7590,#7591,#7592));
#1754=EDGE_LOOP('',(#7593,#7594,#7595,#7596,#7597,#7598,#7599,#7600,#7601,
#7602,#7603,#7604,#7605,#7606,#7607,#7608,#7609,#7610,#7611,#7612));
#1755=EDGE_LOOP('',(#7613,#7614,#7615,#7616));
#1756=EDGE_LOOP('',(#7617,#7618,#7619,#7620,#7621,#7622));
#1757=EDGE_LOOP('',(#7623,#7624,#7625,#7626,#7627,#7628));
#1758=EDGE_LOOP('',(#7629,#7630,#7631,#7632));
#1759=EDGE_LOOP('',(#7633,#7634,#7635,#7636));
#1760=EDGE_LOOP('',(#7637,#7638,#7639,#7640,#7641,#7642));
#1761=EDGE_LOOP('',(#7643,#7644,#7645,#7646));
#1762=EDGE_LOOP('',(#7647,#7648,#7649,#7650));
#1763=EDGE_LOOP('',(#7651,#7652,#7653,#7654));
#1764=EDGE_LOOP('',(#7655,#7656,#7657,#7658,#7659,#7660));
#1765=EDGE_LOOP('',(#7661,#7662,#7663,#7664));
#1766=EDGE_LOOP('',(#7665,#7666,#7667,#7668));
#1767=EDGE_LOOP('',(#7669,#7670,#7671,#7672));
#1768=EDGE_LOOP('',(#7673,#7674,#7675,#7676));
#1769=EDGE_LOOP('',(#7677,#7678,#7679,#7680));
#1770=EDGE_LOOP('',(#7681,#7682,#7683,#7684));
#1771=EDGE_LOOP('',(#7685,#7686,#7687,#7688));
#1772=EDGE_LOOP('',(#7689,#7690,#7691,#7692));
#1773=EDGE_LOOP('',(#7693,#7694,#7695,#7696,#7697,#7698));
#1774=EDGE_LOOP('',(#7699,#7700,#7701,#7702,#7703,#7704));
#1775=EDGE_LOOP('',(#7705,#7706,#7707,#7708));
#1776=EDGE_LOOP('',(#7709,#7710,#7711,#7712,#7713,#7714));
#1777=EDGE_LOOP('',(#7715,#7716,#7717,#7718,#7719,#7720));
#1778=EDGE_LOOP('',(#7721,#7722,#7723,#7724));
#1779=EDGE_LOOP('',(#7725,#7726,#7727,#7728,#7729,#7730,#7731,#7732,#7733,
#7734,#7735,#7736,#7737,#7738,#7739,#7740,#7741,#7742,#7743,#7744,#7745,
#7746,#7747,#7748));
#1780=EDGE_LOOP('',(#7749,#7750,#7751,#7752,#7753,#7754));
#1781=EDGE_LOOP('',(#7755,#7756,#7757,#7758));
#1782=EDGE_LOOP('',(#7759,#7760,#7761,#7762));
#1783=EDGE_LOOP('',(#7763,#7764,#7765,#7766));
#1784=EDGE_LOOP('',(#7767,#7768,#7769,#7770,#7771,#7772));
#1785=EDGE_LOOP('',(#7773,#7774,#7775,#7776));
#1786=EDGE_LOOP('',(#7777,#7778,#7779,#7780));
#1787=EDGE_LOOP('',(#7781,#7782,#7783,#7784,#7785,#7786,#7787));
#1788=EDGE_LOOP('',(#7788,#7789,#7790,#7791,#7792,#7793));
#1789=EDGE_LOOP('',(#7794,#7795,#7796,#7797));
#1790=EDGE_LOOP('',(#7798,#7799,#7800,#7801,#7802,#7803));
#1791=EDGE_LOOP('',(#7804,#7805,#7806,#7807,#7808,#7809));
#1792=EDGE_LOOP('',(#7810,#7811,#7812,#7813,#7814,#7815));
#1793=EDGE_LOOP('',(#7816,#7817,#7818,#7819));
#1794=EDGE_LOOP('',(#7820,#7821,#7822,#7823));
#1795=EDGE_LOOP('',(#7824,#7825,#7826,#7827));
#1796=EDGE_LOOP('',(#7828,#7829,#7830,#7831));
#1797=EDGE_LOOP('',(#7832,#7833,#7834,#7835));
#1798=EDGE_LOOP('',(#7836,#7837,#7838,#7839));
#1799=EDGE_LOOP('',(#7840,#7841,#7842,#7843));
#1800=EDGE_LOOP('',(#7844,#7845,#7846,#7847));
#1801=EDGE_LOOP('',(#7848,#7849,#7850,#7851));
#1802=EDGE_LOOP('',(#7852,#7853,#7854,#7855,#7856,#7857));
#1803=EDGE_LOOP('',(#7858,#7859,#7860,#7861));
#1804=EDGE_LOOP('',(#7862,#7863,#7864,#7865,#7866,#7867));
#1805=EDGE_LOOP('',(#7868,#7869,#7870,#7871));
#1806=EDGE_LOOP('',(#7872,#7873,#7874,#7875));
#1807=EDGE_LOOP('',(#7876,#7877,#7878,#7879,#7880,#7881,#7882,#7883,#7884,
#7885,#7886,#7887,#7888,#7889,#7890,#7891,#7892));
#1808=EDGE_LOOP('',(#7893,#7894,#7895,#7896));
#1809=EDGE_LOOP('',(#7897,#7898,#7899,#7900));
#1810=EDGE_LOOP('',(#7901,#7902,#7903,#7904));
#1811=EDGE_LOOP('',(#7905,#7906,#7907,#7908));
#1812=EDGE_LOOP('',(#7909,#7910,#7911,#7912));
#1813=EDGE_LOOP('',(#7913,#7914,#7915,#7916));
#1814=EDGE_LOOP('',(#7917,#7918,#7919,#7920));
#1815=EDGE_LOOP('',(#7921,#7922,#7923,#7924));
#1816=EDGE_LOOP('',(#7925,#7926,#7927,#7928));
#1817=EDGE_LOOP('',(#7929,#7930,#7931,#7932));
#1818=EDGE_LOOP('',(#7933,#7934,#7935,#7936));
#1819=EDGE_LOOP('',(#7937,#7938,#7939,#7940));
#1820=EDGE_LOOP('',(#7941,#7942,#7943,#7944));
#1821=EDGE_LOOP('',(#7945,#7946,#7947,#7948));
#1822=EDGE_LOOP('',(#7949,#7950,#7951,#7952));
#1823=EDGE_LOOP('',(#7953,#7954,#7955,#7956));
#1824=EDGE_LOOP('',(#7957,#7958,#7959,#7960));
#1825=EDGE_LOOP('',(#7961,#7962,#7963,#7964,#7965,#7966));
#1826=EDGE_LOOP('',(#7967,#7968,#7969,#7970));
#1827=EDGE_LOOP('',(#7971,#7972,#7973,#7974));
#1828=EDGE_LOOP('',(#7975,#7976,#7977,#7978,#7979,#7980,#7981,#7982,#7983,
#7984,#7985,#7986,#7987,#7988,#7989,#7990,#7991,#7992,#7993,#7994,#7995));
#1829=EDGE_LOOP('',(#7996,#7997,#7998,#7999));
#1830=EDGE_LOOP('',(#8000,#8001,#8002,#8003));
#1831=EDGE_LOOP('',(#8004,#8005,#8006,#8007));
#1832=EDGE_LOOP('',(#8008,#8009,#8010,#8011));
#1833=EDGE_LOOP('',(#8012,#8013,#8014,#8015));
#1834=EDGE_LOOP('',(#8016,#8017,#8018,#8019));
#1835=EDGE_LOOP('',(#8020,#8021,#8022,#8023,#8024,#8025));
#1836=EDGE_LOOP('',(#8026,#8027,#8028,#8029));
#1837=EDGE_LOOP('',(#8030,#8031,#8032,#8033));
#1838=EDGE_LOOP('',(#8034,#8035,#8036,#8037));
#1839=EDGE_LOOP('',(#8038,#8039,#8040,#8041));
#1840=EDGE_LOOP('',(#8042,#8043,#8044,#8045));
#1841=EDGE_LOOP('',(#8046,#8047,#8048,#8049));
#1842=EDGE_LOOP('',(#8050,#8051,#8052,#8053));
#1843=EDGE_LOOP('',(#8054,#8055,#8056,#8057));
#1844=EDGE_LOOP('',(#8058,#8059,#8060,#8061));
#1845=EDGE_LOOP('',(#8062,#8063,#8064,#8065));
#1846=EDGE_LOOP('',(#8066,#8067,#8068,#8069));
#1847=EDGE_LOOP('',(#8070,#8071,#8072,#8073));
#1848=EDGE_LOOP('',(#8074,#8075,#8076,#8077));
#1849=EDGE_LOOP('',(#8078,#8079,#8080,#8081));
#1850=EDGE_LOOP('',(#8082,#8083,#8084,#8085));
#1851=EDGE_LOOP('',(#8086,#8087,#8088,#8089));
#1852=EDGE_LOOP('',(#8090,#8091,#8092,#8093));
#1853=EDGE_LOOP('',(#8094,#8095,#8096,#8097));
#1854=EDGE_LOOP('',(#8098,#8099,#8100,#8101));
#1855=EDGE_LOOP('',(#8102,#8103,#8104,#8105));
#1856=EDGE_LOOP('',(#8106,#8107,#8108,#8109));
#1857=EDGE_LOOP('',(#8110,#8111,#8112,#8113));
#1858=EDGE_LOOP('',(#8114,#8115,#8116,#8117));
#1859=EDGE_LOOP('',(#8118,#8119,#8120,#8121,#8122,#8123,#8124,#8125,#8126,
#8127,#8128,#8129,#8130,#8131,#8132,#8133,#8134,#8135,#8136,#8137,#8138,
#8139,#8140,#8141,#8142,#8143,#8144,#8145,#8146,#8147,#8148));
#1860=EDGE_LOOP('',(#8149,#8150,#8151,#8152,#8153,#8154));
#1861=EDGE_LOOP('',(#8155,#8156,#8157,#8158));
#1862=EDGE_LOOP('',(#8159,#8160,#8161,#8162));
#1863=EDGE_LOOP('',(#8163,#8164,#8165,#8166));
#1864=EDGE_LOOP('',(#8167,#8168,#8169,#8170));
#1865=EDGE_LOOP('',(#8171,#8172,#8173,#8174));
#1866=EDGE_LOOP('',(#8175,#8176,#8177,#8178));
#1867=EDGE_LOOP('',(#8179,#8180,#8181,#8182,#8183,#8184));
#1868=EDGE_LOOP('',(#8185,#8186,#8187,#8188));
#1869=EDGE_LOOP('',(#8189,#8190,#8191,#8192));
#1870=EDGE_LOOP('',(#8193,#8194,#8195,#8196));
#1871=EDGE_LOOP('',(#8197,#8198,#8199,#8200));
#1872=EDGE_LOOP('',(#8201,#8202,#8203,#8204));
#1873=EDGE_LOOP('',(#8205,#8206,#8207,#8208));
#1874=EDGE_LOOP('',(#8209,#8210,#8211,#8212));
#1875=EDGE_LOOP('',(#8213,#8214,#8215,#8216));
#1876=EDGE_LOOP('',(#8217,#8218,#8219,#8220));
#1877=EDGE_LOOP('',(#8221,#8222,#8223,#8224));
#1878=EDGE_LOOP('',(#8225,#8226,#8227,#8228));
#1879=EDGE_LOOP('',(#8229,#8230,#8231,#8232));
#1880=EDGE_LOOP('',(#8233,#8234,#8235,#8236));
#1881=EDGE_LOOP('',(#8237,#8238,#8239,#8240));
#1882=EDGE_LOOP('',(#8241,#8242,#8243,#8244));
#1883=EDGE_LOOP('',(#8245,#8246,#8247,#8248));
#1884=EDGE_LOOP('',(#8249,#8250,#8251,#8252));
#1885=EDGE_LOOP('',(#8253,#8254,#8255,#8256));
#1886=EDGE_LOOP('',(#8257,#8258,#8259,#8260));
#1887=EDGE_LOOP('',(#8261,#8262,#8263,#8264));
#1888=EDGE_LOOP('',(#8265,#8266,#8267,#8268));
#1889=EDGE_LOOP('',(#8269,#8270,#8271,#8272));
#1890=EDGE_LOOP('',(#8273,#8274,#8275,#8276));
#1891=EDGE_LOOP('',(#8277,#8278,#8279,#8280,#8281,#8282,#8283,#8284,#8285,
#8286,#8287,#8288,#8289,#8290,#8291,#8292,#8293,#8294,#8295,#8296,#8297,
#8298,#8299,#8300,#8301,#8302,#8303,#8304,#8305,#8306,#8307));
#1892=EDGE_LOOP('',(#8308,#8309,#8310,#8311,#8312,#8313));
#1893=EDGE_LOOP('',(#8314,#8315,#8316,#8317));
#1894=EDGE_LOOP('',(#8318,#8319,#8320,#8321));
#1895=EDGE_LOOP('',(#8322,#8323,#8324,#8325));
#1896=EDGE_LOOP('',(#8326,#8327,#8328,#8329));
#1897=EDGE_LOOP('',(#8330,#8331,#8332,#8333));
#1898=EDGE_LOOP('',(#8334,#8335,#8336,#8337));
#1899=EDGE_LOOP('',(#8338,#8339,#8340,#8341));
#1900=EDGE_LOOP('',(#8342,#8343,#8344,#8345));
#1901=EDGE_LOOP('',(#8346,#8347,#8348,#8349));
#1902=EDGE_LOOP('',(#8350,#8351,#8352,#8353));
#1903=EDGE_LOOP('',(#8354,#8355,#8356,#8357));
#1904=EDGE_LOOP('',(#8358,#8359,#8360,#8361));
#1905=EDGE_LOOP('',(#8362,#8363,#8364,#8365));
#1906=EDGE_LOOP('',(#8366,#8367,#8368,#8369));
#1907=EDGE_LOOP('',(#8370,#8371,#8372,#8373));
#1908=EDGE_LOOP('',(#8374,#8375,#8376,#8377));
#1909=EDGE_LOOP('',(#8378,#8379,#8380,#8381));
#1910=EDGE_LOOP('',(#8382,#8383,#8384,#8385));
#1911=EDGE_LOOP('',(#8386,#8387,#8388,#8389));
#1912=EDGE_LOOP('',(#8390,#8391,#8392,#8393));
#1913=EDGE_LOOP('',(#8394,#8395,#8396,#8397,#8398,#8399));
#1914=EDGE_LOOP('',(#8400,#8401,#8402,#8403));
#1915=EDGE_LOOP('',(#8404,#8405,#8406,#8407));
#1916=EDGE_LOOP('',(#8408,#8409,#8410,#8411));
#1917=EDGE_LOOP('',(#8412,#8413,#8414,#8415));
#1918=EDGE_LOOP('',(#8416,#8417,#8418,#8419,#8420,#8421,#8422,#8423,#8424,
#8425,#8426,#8427,#8428,#8429,#8430,#8431,#8432,#8433,#8434));
#1919=EDGE_LOOP('',(#8435,#8436,#8437,#8438,#8439,#8440,#8441));
#1920=EDGE_LOOP('',(#8442,#8443,#8444,#8445));
#1921=EDGE_LOOP('',(#8446,#8447,#8448,#8449));
#1922=EDGE_LOOP('',(#8450,#8451,#8452,#8453));
#1923=EDGE_LOOP('',(#8454,#8455,#8456,#8457));
#1924=EDGE_LOOP('',(#8458,#8459,#8460,#8461,#8462));
#1925=EDGE_LOOP('',(#8463,#8464,#8465,#8466,#8467,#8468,#8469,#8470,#8471,
#8472));
#1926=EDGE_LOOP('',(#8473,#8474,#8475,#8476,#8477,#8478,#8479,#8480,#8481,
#8482));
#1927=EDGE_LOOP('',(#8483,#8484,#8485,#8486));
#1928=EDGE_LOOP('',(#8487,#8488,#8489,#8490));
#1929=EDGE_LOOP('',(#8491,#8492,#8493,#8494));
#1930=EDGE_LOOP('',(#8495,#8496,#8497,#8498,#8499,#8500,#8501));
#1931=EDGE_LOOP('',(#8502,#8503,#8504,#8505));
#1932=EDGE_LOOP('',(#8506,#8507,#8508,#8509,#8510,#8511,#8512,#8513,#8514,
#8515,#8516,#8517,#8518,#8519,#8520,#8521,#8522,#8523,#8524,#8525,#8526,
#8527,#8528,#8529,#8530,#8531,#8532,#8533,#8534,#8535,#8536,#8537,#8538,
#8539,#8540,#8541,#8542,#8543,#8544,#8545,#8546,#8547,#8548,#8549));
#1933=EDGE_LOOP('',(#8550,#8551,#8552,#8553));
#1934=EDGE_LOOP('',(#8554,#8555,#8556,#8557));
#1935=EDGE_LOOP('',(#8558,#8559,#8560,#8561));
#1936=EDGE_LOOP('',(#8562,#8563,#8564,#8565));
#1937=EDGE_LOOP('',(#8566,#8567,#8568,#8569));
#1938=EDGE_LOOP('',(#8570,#8571,#8572,#8573,#8574,#8575));
#1939=EDGE_LOOP('',(#8576,#8577,#8578,#8579));
#1940=EDGE_LOOP('',(#8580,#8581,#8582,#8583));
#1941=EDGE_LOOP('',(#8584,#8585,#8586,#8587));
#1942=EDGE_LOOP('',(#8588,#8589,#8590,#8591));
#1943=EDGE_LOOP('',(#8592,#8593,#8594,#8595,#8596,#8597,#8598,#8599,#8600,
#8601,#8602,#8603,#8604,#8605,#8606,#8607,#8608));
#1944=EDGE_LOOP('',(#8609,#8610,#8611,#8612,#8613));
#1945=EDGE_LOOP('',(#8614,#8615,#8616,#8617,#8618,#8619,#8620,#8621,#8622,
#8623,#8624,#8625,#8626,#8627,#8628,#8629,#8630,#8631,#8632,#8633,#8634,
#8635,#8636,#8637,#8638,#8639,#8640,#8641,#8642,#8643,#8644,#8645,#8646,
#8647,#8648,#8649,#8650,#8651,#8652,#8653,#8654));
#1946=EDGE_LOOP('',(#8655,#8656,#8657,#8658));
#1947=EDGE_LOOP('',(#8659,#8660,#8661,#8662));
#1948=EDGE_LOOP('',(#8663,#8664,#8665,#8666));
#1949=EDGE_LOOP('',(#8667,#8668,#8669,#8670));
#1950=EDGE_LOOP('',(#8671,#8672,#8673,#8674));
#1951=EDGE_LOOP('',(#8675,#8676,#8677,#8678,#8679));
#1952=EDGE_LOOP('',(#8680,#8681,#8682,#8683,#8684));
#1953=EDGE_LOOP('',(#8685,#8686,#8687,#8688,#8689,#8690,#8691,#8692,#8693,
#8694,#8695,#8696,#8697,#8698,#8699,#8700));
#1954=EDGE_LOOP('',(#8701,#8702,#8703,#8704));
#1955=EDGE_LOOP('',(#8705,#8706,#8707,#8708));
#1956=EDGE_LOOP('',(#8709,#8710,#8711));
#1957=EDGE_LOOP('',(#8712,#8713,#8714,#8715,#8716,#8717,#8718,#8719,#8720,
#8721,#8722,#8723,#8724,#8725));
#1958=EDGE_LOOP('',(#8726,#8727,#8728,#8729,#8730,#8731,#8732,#8733,#8734,
#8735,#8736,#8737,#8738,#8739,#8740,#8741,#8742));
#1959=EDGE_LOOP('',(#8743,#8744,#8745,#8746,#8747,#8748));
#1960=EDGE_LOOP('',(#8749,#8750,#8751,#8752,#8753,#8754,#8755));
#1961=EDGE_LOOP('',(#8756,#8757,#8758,#8759));
#1962=EDGE_LOOP('',(#8760,#8761,#8762,#8763,#8764,#8765,#8766,#8767,#8768,
#8769,#8770,#8771,#8772));
#1963=EDGE_LOOP('',(#8773,#8774,#8775,#8776));
#1964=EDGE_LOOP('',(#8777,#8778,#8779,#8780));
#1965=EDGE_LOOP('',(#8781,#8782,#8783,#8784));
#1966=EDGE_LOOP('',(#8785,#8786,#8787,#8788));
#1967=EDGE_LOOP('',(#8789,#8790,#8791,#8792));
#1968=EDGE_LOOP('',(#8793,#8794,#8795,#8796));
#1969=EDGE_LOOP('',(#8797,#8798,#8799,#8800,#8801,#8802,#8803,#8804,#8805,
#8806,#8807,#8808,#8809,#8810,#8811));
#1970=EDGE_LOOP('',(#8812,#8813,#8814,#8815));
#1971=EDGE_LOOP('',(#8816,#8817,#8818,#8819));
#1972=EDGE_LOOP('',(#8820,#8821,#8822,#8823));
#1973=EDGE_LOOP('',(#8824,#8825,#8826,#8827));
#1974=EDGE_LOOP('',(#8828,#8829,#8830,#8831));
#1975=EDGE_LOOP('',(#8832,#8833,#8834,#8835));
#1976=EDGE_LOOP('',(#8836,#8837,#8838,#8839,#8840,#8841,#8842,#8843,#8844));
#1977=EDGE_LOOP('',(#8845,#8846,#8847,#8848));
#1978=EDGE_LOOP('',(#8849,#8850,#8851));
#1979=EDGE_LOOP('',(#8852,#8853,#8854,#8855));
#1980=EDGE_LOOP('',(#8856,#8857,#8858,#8859));
#1981=EDGE_LOOP('',(#8860,#8861,#8862,#8863,#8864,#8865,#8866,#8867,#8868,
#8869,#8870,#8871,#8872,#8873,#8874,#8875,#8876,#8877,#8878,#8879,#8880,
#8881,#8882,#8883,#8884,#8885,#8886,#8887,#8888,#8889,#8890,#8891,#8892,
#8893,#8894,#8895,#8896,#8897));
#1982=EDGE_LOOP('',(#8898,#8899,#8900,#8901));
#1983=EDGE_LOOP('',(#8902,#8903,#8904,#8905,#8906,#8907,#8908,#8909,#8910,
#8911,#8912,#8913,#8914,#8915,#8916,#8917,#8918,#8919,#8920,#8921,#8922,
#8923,#8924,#8925,#8926,#8927,#8928,#8929,#8930,#8931,#8932,#8933,#8934,
#8935,#8936,#8937,#8938,#8939,#8940,#8941,#8942,#8943,#8944,#8945,#8946,
#8947,#8948,#8949,#8950,#8951,#8952,#8953,#8954,#8955,#8956,#8957,#8958,
#8959,#8960,#8961,#8962,#8963,#8964,#8965,#8966,#8967,#8968,#8969,#8970,
#8971,#8972,#8973,#8974,#8975,#8976,#8977,#8978,#8979,#8980,#8981,#8982,
#8983,#8984,#8985,#8986,#8987,#8988,#8989,#8990,#8991,#8992,#8993,#8994,
#8995,#8996,#8997,#8998,#8999,#9000,#9001,#9002,#9003,#9004,#9005,#9006,
#9007,#9008,#9009,#9010,#9011,#9012,#9013,#9014,#9015,#9016,#9017,#9018,
#9019,#9020,#9021,#9022,#9023,#9024,#9025,#9026,#9027,#9028,#9029,#9030,
#9031,#9032,#9033,#9034,#9035,#9036,#9037,#9038,#9039,#9040,#9041,#9042,
#9043,#9044,#9045,#9046,#9047,#9048,#9049,#9050,#9051,#9052,#9053,#9054,
#9055,#9056,#9057));
#1984=EDGE_LOOP('',(#9058));
#1985=EDGE_LOOP('',(#9059));
#1986=EDGE_LOOP('',(#9060));
#1987=EDGE_LOOP('',(#9061));
#1988=EDGE_LOOP('',(#9062,#9063,#9064,#9065));
#1989=EDGE_LOOP('',(#9066,#9067,#9068,#9069));
#1990=EDGE_LOOP('',(#9070,#9071,#9072,#9073));
#1991=EDGE_LOOP('',(#9074,#9075,#9076,#9077,#9078,#9079,#9080,#9081));
#1992=EDGE_LOOP('',(#9082,#9083,#9084,#9085));
#1993=EDGE_LOOP('',(#9086,#9087,#9088,#9089));
#1994=EDGE_LOOP('',(#9090,#9091,#9092,#9093));
#1995=EDGE_LOOP('',(#9094,#9095,#9096,#9097));
#1996=EDGE_LOOP('',(#9098,#9099,#9100,#9101));
#1997=EDGE_LOOP('',(#9102,#9103,#9104,#9105,#9106,#9107,#9108,#9109));
#1998=EDGE_LOOP('',(#9110,#9111,#9112,#9113));
#1999=EDGE_LOOP('',(#9114,#9115,#9116,#9117));
#2000=EDGE_LOOP('',(#9118,#9119,#9120,#9121));
#2001=EDGE_LOOP('',(#9122,#9123,#9124,#9125,#9126,#9127,#9128,#9129,#9130,
#9131,#9132,#9133,#9134,#9135,#9136,#9137,#9138,#9139,#9140,#9141,#9142,
#9143,#9144,#9145,#9146,#9147,#9148,#9149,#9150,#9151,#9152,#9153,#9154,
#9155,#9156,#9157,#9158,#9159,#9160,#9161,#9162,#9163,#9164,#9165,#9166,
#9167,#9168,#9169,#9170,#9171,#9172,#9173,#9174,#9175,#9176,#9177,#9178,
#9179,#9180,#9181,#9182,#9183,#9184,#9185,#9186,#9187,#9188,#9189,#9190,
#9191,#9192,#9193,#9194,#9195,#9196,#9197,#9198,#9199,#9200,#9201,#9202,
#9203,#9204,#9205,#9206,#9207,#9208,#9209,#9210,#9211,#9212,#9213,#9214,
#9215,#9216,#9217,#9218,#9219,#9220,#9221,#9222,#9223,#9224,#9225,#9226,
#9227,#9228,#9229,#9230,#9231,#9232,#9233));
#2002=LINE('',#11777,#2982);
#2003=LINE('',#11783,#2983);
#2004=LINE('',#11788,#2984);
#2005=LINE('',#11792,#2985);
#2006=LINE('',#11794,#2986);
#2007=LINE('',#11800,#2987);
#2008=LINE('',#11807,#2988);
#2009=LINE('',#11812,#2989);
#2010=LINE('',#11814,#2990);
#2011=LINE('',#11818,#2991);
#2012=LINE('',#11820,#2992);
#2013=LINE('',#11821,#2993);
#2014=LINE('',#11825,#2994);
#2015=LINE('',#11827,#2995);
#2016=LINE('',#11829,#2996);
#2017=LINE('',#11830,#2997);
#2018=LINE('',#11833,#2998);
#2019=LINE('',#11835,#2999);
#2020=LINE('',#11836,#3000);
#2021=LINE('',#11840,#3001);
#2022=LINE('',#11842,#3002);
#2023=LINE('',#11844,#3003);
#2024=LINE('',#11845,#3004);
#2025=LINE('',#11847,#3005);
#2026=LINE('',#11848,#3006);
#2027=LINE('',#11849,#3007);
#2028=LINE('',#11851,#3008);
#2029=LINE('',#11855,#3009);
#2030=LINE('',#11857,#3010);
#2031=LINE('',#11859,#3011);
#2032=LINE('',#11860,#3012);
#2033=LINE('',#11863,#3013);
#2034=LINE('',#11865,#3014);
#2035=LINE('',#11866,#3015);
#2036=LINE('',#11870,#3016);
#2037=LINE('',#11872,#3017);
#2038=LINE('',#11874,#3018);
#2039=LINE('',#11875,#3019);
#2040=LINE('',#11877,#3020);
#2041=LINE('',#11878,#3021);
#2042=LINE('',#11879,#3022);
#2043=LINE('',#11881,#3023);
#2044=LINE('',#11885,#3024);
#2045=LINE('',#11887,#3025);
#2046=LINE('',#11889,#3026);
#2047=LINE('',#11890,#3027);
#2048=LINE('',#11893,#3028);
#2049=LINE('',#11895,#3029);
#2050=LINE('',#11896,#3030);
#2051=LINE('',#11900,#3031);
#2052=LINE('',#11902,#3032);
#2053=LINE('',#11904,#3033);
#2054=LINE('',#11905,#3034);
#2055=LINE('',#11907,#3035);
#2056=LINE('',#11908,#3036);
#2057=LINE('',#11909,#3037);
#2058=LINE('',#11911,#3038);
#2059=LINE('',#11915,#3039);
#2060=LINE('',#11917,#3040);
#2061=LINE('',#11919,#3041);
#2062=LINE('',#11920,#3042);
#2063=LINE('',#11923,#3043);
#2064=LINE('',#11925,#3044);
#2065=LINE('',#11926,#3045);
#2066=LINE('',#11930,#3046);
#2067=LINE('',#11932,#3047);
#2068=LINE('',#11934,#3048);
#2069=LINE('',#11935,#3049);
#2070=LINE('',#11937,#3050);
#2071=LINE('',#11938,#3051);
#2072=LINE('',#11939,#3052);
#2073=LINE('',#11941,#3053);
#2074=LINE('',#11945,#3054);
#2075=LINE('',#11947,#3055);
#2076=LINE('',#11949,#3056);
#2077=LINE('',#11950,#3057);
#2078=LINE('',#11953,#3058);
#2079=LINE('',#11955,#3059);
#2080=LINE('',#11956,#3060);
#2081=LINE('',#11960,#3061);
#2082=LINE('',#11962,#3062);
#2083=LINE('',#11964,#3063);
#2084=LINE('',#11965,#3064);
#2085=LINE('',#11967,#3065);
#2086=LINE('',#11968,#3066);
#2087=LINE('',#11969,#3067);
#2088=LINE('',#11971,#3068);
#2089=LINE('',#11975,#3069);
#2090=LINE('',#11977,#3070);
#2091=LINE('',#11979,#3071);
#2092=LINE('',#11980,#3072);
#2093=LINE('',#11983,#3073);
#2094=LINE('',#11985,#3074);
#2095=LINE('',#11986,#3075);
#2096=LINE('',#11990,#3076);
#2097=LINE('',#11992,#3077);
#2098=LINE('',#11994,#3078);
#2099=LINE('',#11995,#3079);
#2100=LINE('',#11997,#3080);
#2101=LINE('',#11998,#3081);
#2102=LINE('',#11999,#3082);
#2103=LINE('',#12001,#3083);
#2104=LINE('',#12005,#3084);
#2105=LINE('',#12007,#3085);
#2106=LINE('',#12009,#3086);
#2107=LINE('',#12010,#3087);
#2108=LINE('',#12013,#3088);
#2109=LINE('',#12015,#3089);
#2110=LINE('',#12016,#3090);
#2111=LINE('',#12020,#3091);
#2112=LINE('',#12022,#3092);
#2113=LINE('',#12024,#3093);
#2114=LINE('',#12025,#3094);
#2115=LINE('',#12027,#3095);
#2116=LINE('',#12028,#3096);
#2117=LINE('',#12029,#3097);
#2118=LINE('',#12031,#3098);
#2119=LINE('',#12035,#3099);
#2120=LINE('',#12037,#3100);
#2121=LINE('',#12039,#3101);
#2122=LINE('',#12040,#3102);
#2123=LINE('',#12043,#3103);
#2124=LINE('',#12045,#3104);
#2125=LINE('',#12046,#3105);
#2126=LINE('',#12050,#3106);
#2127=LINE('',#12052,#3107);
#2128=LINE('',#12054,#3108);
#2129=LINE('',#12055,#3109);
#2130=LINE('',#12057,#3110);
#2131=LINE('',#12058,#3111);
#2132=LINE('',#12059,#3112);
#2133=LINE('',#12061,#3113);
#2134=LINE('',#12065,#3114);
#2135=LINE('',#12067,#3115);
#2136=LINE('',#12069,#3116);
#2137=LINE('',#12070,#3117);
#2138=LINE('',#12073,#3118);
#2139=LINE('',#12075,#3119);
#2140=LINE('',#12076,#3120);
#2141=LINE('',#12080,#3121);
#2142=LINE('',#12082,#3122);
#2143=LINE('',#12084,#3123);
#2144=LINE('',#12085,#3124);
#2145=LINE('',#12087,#3125);
#2146=LINE('',#12088,#3126);
#2147=LINE('',#12089,#3127);
#2148=LINE('',#12091,#3128);
#2149=LINE('',#12095,#3129);
#2150=LINE('',#12097,#3130);
#2151=LINE('',#12099,#3131);
#2152=LINE('',#12100,#3132);
#2153=LINE('',#12103,#3133);
#2154=LINE('',#12105,#3134);
#2155=LINE('',#12106,#3135);
#2156=LINE('',#12110,#3136);
#2157=LINE('',#12112,#3137);
#2158=LINE('',#12114,#3138);
#2159=LINE('',#12115,#3139);
#2160=LINE('',#12117,#3140);
#2161=LINE('',#12118,#3141);
#2162=LINE('',#12119,#3142);
#2163=LINE('',#12121,#3143);
#2164=LINE('',#12125,#3144);
#2165=LINE('',#12127,#3145);
#2166=LINE('',#12129,#3146);
#2167=LINE('',#12130,#3147);
#2168=LINE('',#12133,#3148);
#2169=LINE('',#12135,#3149);
#2170=LINE('',#12136,#3150);
#2171=LINE('',#12140,#3151);
#2172=LINE('',#12142,#3152);
#2173=LINE('',#12144,#3153);
#2174=LINE('',#12145,#3154);
#2175=LINE('',#12147,#3155);
#2176=LINE('',#12148,#3156);
#2177=LINE('',#12149,#3157);
#2178=LINE('',#12151,#3158);
#2179=LINE('',#12155,#3159);
#2180=LINE('',#12157,#3160);
#2181=LINE('',#12159,#3161);
#2182=LINE('',#12160,#3162);
#2183=LINE('',#12163,#3163);
#2184=LINE('',#12165,#3164);
#2185=LINE('',#12166,#3165);
#2186=LINE('',#12170,#3166);
#2187=LINE('',#12172,#3167);
#2188=LINE('',#12174,#3168);
#2189=LINE('',#12175,#3169);
#2190=LINE('',#12177,#3170);
#2191=LINE('',#12178,#3171);
#2192=LINE('',#12179,#3172);
#2193=LINE('',#12181,#3173);
#2194=LINE('',#12185,#3174);
#2195=LINE('',#12187,#3175);
#2196=LINE('',#12189,#3176);
#2197=LINE('',#12190,#3177);
#2198=LINE('',#12193,#3178);
#2199=LINE('',#12195,#3179);
#2200=LINE('',#12196,#3180);
#2201=LINE('',#12200,#3181);
#2202=LINE('',#12202,#3182);
#2203=LINE('',#12204,#3183);
#2204=LINE('',#12205,#3184);
#2205=LINE('',#12207,#3185);
#2206=LINE('',#12208,#3186);
#2207=LINE('',#12209,#3187);
#2208=LINE('',#12211,#3188);
#2209=LINE('',#12215,#3189);
#2210=LINE('',#12217,#3190);
#2211=LINE('',#12219,#3191);
#2212=LINE('',#12220,#3192);
#2213=LINE('',#12223,#3193);
#2214=LINE('',#12225,#3194);
#2215=LINE('',#12226,#3195);
#2216=LINE('',#12230,#3196);
#2217=LINE('',#12232,#3197);
#2218=LINE('',#12234,#3198);
#2219=LINE('',#12235,#3199);
#2220=LINE('',#12237,#3200);
#2221=LINE('',#12238,#3201);
#2222=LINE('',#12239,#3202);
#2223=LINE('',#12241,#3203);
#2224=LINE('',#12247,#3204);
#2225=LINE('',#12249,#3205);
#2226=LINE('',#12251,#3206);
#2227=LINE('',#12252,#3207);
#2228=LINE('',#12254,#3208);
#2229=LINE('',#12255,#3209);
#2230=LINE('',#12256,#3210);
#2231=LINE('',#12259,#3211);
#2232=LINE('',#12260,#3212);
#2233=LINE('',#12264,#3213);
#2234=LINE('',#12268,#3214);
#2235=LINE('',#12270,#3215);
#2236=LINE('',#12272,#3216);
#2237=LINE('',#12273,#3217);
#2238=LINE('',#12276,#3218);
#2239=LINE('',#12278,#3219);
#2240=LINE('',#12279,#3220);
#2241=LINE('',#12283,#3221);
#2242=LINE('',#12285,#3222);
#2243=LINE('',#12287,#3223);
#2244=LINE('',#12288,#3224);
#2245=LINE('',#12290,#3225);
#2246=LINE('',#12291,#3226);
#2247=LINE('',#12292,#3227);
#2248=LINE('',#12294,#3228);
#2249=LINE('',#12298,#3229);
#2250=LINE('',#12300,#3230);
#2251=LINE('',#12302,#3231);
#2252=LINE('',#12303,#3232);
#2253=LINE('',#12306,#3233);
#2254=LINE('',#12308,#3234);
#2255=LINE('',#12309,#3235);
#2256=LINE('',#12313,#3236);
#2257=LINE('',#12315,#3237);
#2258=LINE('',#12317,#3238);
#2259=LINE('',#12318,#3239);
#2260=LINE('',#12320,#3240);
#2261=LINE('',#12321,#3241);
#2262=LINE('',#12322,#3242);
#2263=LINE('',#12324,#3243);
#2264=LINE('',#12328,#3244);
#2265=LINE('',#12330,#3245);
#2266=LINE('',#12332,#3246);
#2267=LINE('',#12333,#3247);
#2268=LINE('',#12336,#3248);
#2269=LINE('',#12338,#3249);
#2270=LINE('',#12339,#3250);
#2271=LINE('',#12343,#3251);
#2272=LINE('',#12345,#3252);
#2273=LINE('',#12347,#3253);
#2274=LINE('',#12348,#3254);
#2275=LINE('',#12350,#3255);
#2276=LINE('',#12351,#3256);
#2277=LINE('',#12352,#3257);
#2278=LINE('',#12354,#3258);
#2279=LINE('',#12358,#3259);
#2280=LINE('',#12360,#3260);
#2281=LINE('',#12362,#3261);
#2282=LINE('',#12363,#3262);
#2283=LINE('',#12366,#3263);
#2284=LINE('',#12368,#3264);
#2285=LINE('',#12369,#3265);
#2286=LINE('',#12373,#3266);
#2287=LINE('',#12375,#3267);
#2288=LINE('',#12377,#3268);
#2289=LINE('',#12378,#3269);
#2290=LINE('',#12380,#3270);
#2291=LINE('',#12381,#3271);
#2292=LINE('',#12382,#3272);
#2293=LINE('',#12384,#3273);
#2294=LINE('',#12388,#3274);
#2295=LINE('',#12390,#3275);
#2296=LINE('',#12392,#3276);
#2297=LINE('',#12393,#3277);
#2298=LINE('',#12396,#3278);
#2299=LINE('',#12398,#3279);
#2300=LINE('',#12399,#3280);
#2301=LINE('',#12403,#3281);
#2302=LINE('',#12405,#3282);
#2303=LINE('',#12407,#3283);
#2304=LINE('',#12408,#3284);
#2305=LINE('',#12410,#3285);
#2306=LINE('',#12411,#3286);
#2307=LINE('',#12412,#3287);
#2308=LINE('',#12414,#3288);
#2309=LINE('',#12418,#3289);
#2310=LINE('',#12420,#3290);
#2311=LINE('',#12422,#3291);
#2312=LINE('',#12423,#3292);
#2313=LINE('',#12426,#3293);
#2314=LINE('',#12428,#3294);
#2315=LINE('',#12429,#3295);
#2316=LINE('',#12433,#3296);
#2317=LINE('',#12435,#3297);
#2318=LINE('',#12437,#3298);
#2319=LINE('',#12438,#3299);
#2320=LINE('',#12440,#3300);
#2321=LINE('',#12441,#3301);
#2322=LINE('',#12442,#3302);
#2323=LINE('',#12444,#3303);
#2324=LINE('',#12448,#3304);
#2325=LINE('',#12450,#3305);
#2326=LINE('',#12452,#3306);
#2327=LINE('',#12453,#3307);
#2328=LINE('',#12456,#3308);
#2329=LINE('',#12458,#3309);
#2330=LINE('',#12459,#3310);
#2331=LINE('',#12463,#3311);
#2332=LINE('',#12465,#3312);
#2333=LINE('',#12467,#3313);
#2334=LINE('',#12468,#3314);
#2335=LINE('',#12470,#3315);
#2336=LINE('',#12471,#3316);
#2337=LINE('',#12472,#3317);
#2338=LINE('',#12474,#3318);
#2339=LINE('',#12478,#3319);
#2340=LINE('',#12480,#3320);
#2341=LINE('',#12482,#3321);
#2342=LINE('',#12483,#3322);
#2343=LINE('',#12486,#3323);
#2344=LINE('',#12488,#3324);
#2345=LINE('',#12489,#3325);
#2346=LINE('',#12493,#3326);
#2347=LINE('',#12495,#3327);
#2348=LINE('',#12497,#3328);
#2349=LINE('',#12498,#3329);
#2350=LINE('',#12500,#3330);
#2351=LINE('',#12501,#3331);
#2352=LINE('',#12502,#3332);
#2353=LINE('',#12504,#3333);
#2354=LINE('',#12508,#3334);
#2355=LINE('',#12510,#3335);
#2356=LINE('',#12512,#3336);
#2357=LINE('',#12513,#3337);
#2358=LINE('',#12516,#3338);
#2359=LINE('',#12518,#3339);
#2360=LINE('',#12519,#3340);
#2361=LINE('',#12523,#3341);
#2362=LINE('',#12525,#3342);
#2363=LINE('',#12527,#3343);
#2364=LINE('',#12528,#3344);
#2365=LINE('',#12530,#3345);
#2366=LINE('',#12531,#3346);
#2367=LINE('',#12532,#3347);
#2368=LINE('',#12534,#3348);
#2369=LINE('',#12538,#3349);
#2370=LINE('',#12540,#3350);
#2371=LINE('',#12542,#3351);
#2372=LINE('',#12543,#3352);
#2373=LINE('',#12546,#3353);
#2374=LINE('',#12548,#3354);
#2375=LINE('',#12549,#3355);
#2376=LINE('',#12553,#3356);
#2377=LINE('',#12555,#3357);
#2378=LINE('',#12557,#3358);
#2379=LINE('',#12558,#3359);
#2380=LINE('',#12560,#3360);
#2381=LINE('',#12561,#3361);
#2382=LINE('',#12562,#3362);
#2383=LINE('',#12564,#3363);
#2384=LINE('',#12568,#3364);
#2385=LINE('',#12570,#3365);
#2386=LINE('',#12572,#3366);
#2387=LINE('',#12573,#3367);
#2388=LINE('',#12576,#3368);
#2389=LINE('',#12578,#3369);
#2390=LINE('',#12579,#3370);
#2391=LINE('',#12583,#3371);
#2392=LINE('',#12585,#3372);
#2393=LINE('',#12587,#3373);
#2394=LINE('',#12588,#3374);
#2395=LINE('',#12590,#3375);
#2396=LINE('',#12591,#3376);
#2397=LINE('',#12592,#3377);
#2398=LINE('',#12594,#3378);
#2399=LINE('',#12598,#3379);
#2400=LINE('',#12600,#3380);
#2401=LINE('',#12602,#3381);
#2402=LINE('',#12603,#3382);
#2403=LINE('',#12606,#3383);
#2404=LINE('',#12608,#3384);
#2405=LINE('',#12609,#3385);
#2406=LINE('',#12613,#3386);
#2407=LINE('',#12615,#3387);
#2408=LINE('',#12617,#3388);
#2409=LINE('',#12618,#3389);
#2410=LINE('',#12620,#3390);
#2411=LINE('',#12621,#3391);
#2412=LINE('',#12622,#3392);
#2413=LINE('',#12624,#3393);
#2414=LINE('',#12628,#3394);
#2415=LINE('',#12630,#3395);
#2416=LINE('',#12632,#3396);
#2417=LINE('',#12633,#3397);
#2418=LINE('',#12636,#3398);
#2419=LINE('',#12638,#3399);
#2420=LINE('',#12639,#3400);
#2421=LINE('',#12643,#3401);
#2422=LINE('',#12645,#3402);
#2423=LINE('',#12647,#3403);
#2424=LINE('',#12648,#3404);
#2425=LINE('',#12650,#3405);
#2426=LINE('',#12651,#3406);
#2427=LINE('',#12652,#3407);
#2428=LINE('',#12654,#3408);
#2429=LINE('',#12658,#3409);
#2430=LINE('',#12660,#3410);
#2431=LINE('',#12662,#3411);
#2432=LINE('',#12663,#3412);
#2433=LINE('',#12666,#3413);
#2434=LINE('',#12668,#3414);
#2435=LINE('',#12669,#3415);
#2436=LINE('',#12673,#3416);
#2437=LINE('',#12675,#3417);
#2438=LINE('',#12677,#3418);
#2439=LINE('',#12678,#3419);
#2440=LINE('',#12680,#3420);
#2441=LINE('',#12681,#3421);
#2442=LINE('',#12682,#3422);
#2443=LINE('',#12684,#3423);
#2444=LINE('',#12688,#3424);
#2445=LINE('',#12690,#3425);
#2446=LINE('',#12692,#3426);
#2447=LINE('',#12693,#3427);
#2448=LINE('',#12699,#3428);
#2449=LINE('',#12701,#3429);
#2450=LINE('',#12702,#3430);
#2451=LINE('',#12704,#3431);
#2452=LINE('',#12705,#3432);
#2453=LINE('',#12706,#3433);
#2454=LINE('',#12710,#3434);
#2455=LINE('',#12712,#3435);
#2456=LINE('',#12714,#3436);
#2457=LINE('',#12716,#3437);
#2458=LINE('',#12719,#3438);
#2459=LINE('',#12721,#3439);
#2460=LINE('',#12723,#3440);
#2461=LINE('',#12725,#3441);
#2462=LINE('',#12726,#3442);
#2463=LINE('',#12731,#3443);
#2464=LINE('',#12735,#3444);
#2465=LINE('',#12739,#3445);
#2466=LINE('',#12743,#3446);
#2467=LINE('',#12746,#3447);
#2468=LINE('',#12749,#3448);
#2469=LINE('',#12751,#3449);
#2470=LINE('',#12753,#3450);
#2471=LINE('',#12767,#3451);
#2472=LINE('',#12769,#3452);
#2473=LINE('',#12783,#3453);
#2474=LINE('',#12785,#3454);
#2475=LINE('',#12787,#3455);
#2476=LINE('',#12801,#3456);
#2477=LINE('',#12815,#3457);
#2478=LINE('',#12817,#3458);
#2479=LINE('',#12819,#3459);
#2480=LINE('',#12833,#3460);
#2481=LINE('',#12835,#3461);
#2482=LINE('',#12849,#3462);
#2483=LINE('',#12850,#3463);
#2484=LINE('',#12852,#3464);
#2485=LINE('',#12853,#3465);
#2486=LINE('',#12855,#3466);
#2487=LINE('',#12856,#3467);
#2488=LINE('',#12858,#3468);
#2489=LINE('',#12859,#3469);
#2490=LINE('',#12861,#3470);
#2491=LINE('',#12862,#3471);
#2492=LINE('',#12864,#3472);
#2493=LINE('',#12865,#3473);
#2494=LINE('',#12867,#3474);
#2495=LINE('',#12868,#3475);
#2496=LINE('',#12870,#3476);
#2497=LINE('',#12871,#3477);
#2498=LINE('',#12873,#3478);
#2499=LINE('',#12874,#3479);
#2500=LINE('',#12876,#3480);
#2501=LINE('',#12877,#3481);
#2502=LINE('',#12879,#3482);
#2503=LINE('',#12880,#3483);
#2504=LINE('',#12882,#3484);
#2505=LINE('',#12883,#3485);
#2506=LINE('',#12885,#3486);
#2507=LINE('',#12886,#3487);
#2508=LINE('',#12888,#3488);
#2509=LINE('',#12889,#3489);
#2510=LINE('',#12891,#3490);
#2511=LINE('',#12892,#3491);
#2512=LINE('',#12894,#3492);
#2513=LINE('',#12895,#3493);
#2514=LINE('',#12897,#3494);
#2515=LINE('',#12898,#3495);
#2516=LINE('',#12900,#3496);
#2517=LINE('',#12901,#3497);
#2518=LINE('',#12903,#3498);
#2519=LINE('',#12904,#3499);
#2520=LINE('',#12906,#3500);
#2521=LINE('',#12907,#3501);
#2522=LINE('',#12909,#3502);
#2523=LINE('',#12910,#3503);
#2524=LINE('',#12912,#3504);
#2525=LINE('',#12913,#3505);
#2526=LINE('',#12915,#3506);
#2527=LINE('',#12916,#3507);
#2528=LINE('',#12918,#3508);
#2529=LINE('',#12919,#3509);
#2530=LINE('',#12921,#3510);
#2531=LINE('',#12922,#3511);
#2532=LINE('',#12924,#3512);
#2533=LINE('',#12925,#3513);
#2534=LINE('',#12927,#3514);
#2535=LINE('',#12928,#3515);
#2536=LINE('',#12930,#3516);
#2537=LINE('',#12931,#3517);
#2538=LINE('',#12933,#3518);
#2539=LINE('',#12934,#3519);
#2540=LINE('',#12948,#3520);
#2541=LINE('',#12954,#3521);
#2542=LINE('',#12976,#3522);
#2543=LINE('',#12982,#3523);
#2544=LINE('',#12994,#3524);
#2545=LINE('',#12996,#3525);
#2546=LINE('',#12998,#3526);
#2547=LINE('',#12999,#3527);
#2548=LINE('',#13016,#3528);
#2549=LINE('',#13028,#3529);
#2550=LINE('',#13029,#3530);
#2551=LINE('',#13031,#3531);
#2552=LINE('',#13033,#3532);
#2553=LINE('',#13034,#3533);
#2554=LINE('',#13048,#3534);
#2555=LINE('',#13054,#3535);
#2556=LINE('',#13065,#3536);
#2557=LINE('',#13067,#3537);
#2558=LINE('',#13068,#3538);
#2559=LINE('',#13085,#3539);
#2560=LINE('',#13106,#3540);
#2561=LINE('',#13111,#3541);
#2562=LINE('',#13123,#3542);
#2563=LINE('',#13138,#3543);
#2564=LINE('',#13153,#3544);
#2565=LINE('',#13168,#3545);
#2566=LINE('',#13195,#3546);
#2567=LINE('',#13199,#3547);
#2568=LINE('',#13211,#3548);
#2569=LINE('',#13215,#3549);
#2570=LINE('',#13227,#3550);
#2571=LINE('',#13242,#3551);
#2572=LINE('',#13257,#3552);
#2573=LINE('',#13263,#3553);
#2574=LINE('',#13265,#3554);
#2575=LINE('',#13266,#3555);
#2576=LINE('',#13278,#3556);
#2577=LINE('',#13293,#3557);
#2578=LINE('',#13308,#3558);
#2579=LINE('',#13347,#3559);
#2580=LINE('',#13362,#3560);
#2581=LINE('',#13377,#3561);
#2582=LINE('',#13392,#3562);
#2583=LINE('',#13407,#3563);
#2584=LINE('',#13422,#3564);
#2585=LINE('',#13437,#3565);
#2586=LINE('',#13452,#3566);
#2587=LINE('',#13483,#3567);
#2588=LINE('',#13496,#3568);
#2589=LINE('',#13512,#3569);
#2590=LINE('',#13554,#3570);
#2591=LINE('',#13576,#3571);
#2592=LINE('',#13591,#3572);
#2593=LINE('',#13618,#3573);
#2594=LINE('',#13624,#3574);
#2595=LINE('',#13626,#3575);
#2596=LINE('',#13627,#3576);
#2597=LINE('',#13652,#3577);
#2598=LINE('',#13668,#3578);
#2599=LINE('',#13688,#3579);
#2600=LINE('',#13704,#3580);
#2601=LINE('',#13729,#3581);
#2602=LINE('',#13744,#3582);
#2603=LINE('',#13759,#3583);
#2604=LINE('',#13774,#3584);
#2605=LINE('',#13787,#3585);
#2606=LINE('',#13791,#3586);
#2607=LINE('',#13796,#3587);
#2608=LINE('',#13798,#3588);
#2609=LINE('',#13800,#3589);
#2610=LINE('',#13801,#3590);
#2611=LINE('',#13825,#3591);
#2612=LINE('',#13840,#3592);
#2613=LINE('',#13855,#3593);
#2614=LINE('',#13870,#3594);
#2615=LINE('',#13885,#3595);
#2616=LINE('',#13900,#3596);
#2617=LINE('',#13915,#3597);
#2618=LINE('',#13930,#3598);
#2619=LINE('',#13945,#3599);
#2620=LINE('',#13960,#3600);
#2621=LINE('',#13975,#3601);
#2622=LINE('',#13990,#3602);
#2623=LINE('',#14005,#3603);
#2624=LINE('',#14020,#3604);
#2625=LINE('',#14035,#3605);
#2626=LINE('',#14050,#3606);
#2627=LINE('',#14092,#3607);
#2628=LINE('',#14097,#3608);
#2629=LINE('',#14114,#3609);
#2630=LINE('',#14140,#3610);
#2631=LINE('',#14146,#3611);
#2632=LINE('',#14166,#3612);
#2633=LINE('',#14182,#3613);
#2634=LINE('',#14199,#3614);
#2635=LINE('',#14220,#3615);
#2636=LINE('',#14225,#3616);
#2637=LINE('',#14237,#3617);
#2638=LINE('',#14274,#3618);
#2639=LINE('',#14289,#3619);
#2640=LINE('',#14304,#3620);
#2641=LINE('',#14319,#3621);
#2642=LINE('',#14334,#3622);
#2643=LINE('',#14339,#3623);
#2644=LINE('',#14340,#3624);
#2645=LINE('',#14352,#3625);
#2646=LINE('',#14367,#3626);
#2647=LINE('',#14382,#3627);
#2648=LINE('',#14406,#3628);
#2649=LINE('',#14434,#3629);
#2650=LINE('',#14449,#3630);
#2651=LINE('',#14475,#3631);
#2652=LINE('',#14484,#3632);
#2653=LINE('',#14486,#3633);
#2654=LINE('',#14488,#3634);
#2655=LINE('',#14490,#3635);
#2656=LINE('',#14491,#3636);
#2657=LINE('',#14518,#3637);
#2658=LINE('',#14524,#3638);
#2659=LINE('',#14547,#3639);
#2660=LINE('',#14550,#3640);
#2661=LINE('',#14552,#3641);
#2662=LINE('',#14553,#3642);
#2663=LINE('',#14566,#3643);
#2664=LINE('',#14597,#3644);
#2665=LINE('',#14612,#3645);
#2666=LINE('',#14646,#3646);
#2667=LINE('',#14652,#3647);
#2668=LINE('',#14674,#3648);
#2669=LINE('',#14691,#3649);
#2670=LINE('',#14713,#3650);
#2671=LINE('',#14719,#3651);
#2672=LINE('',#14741,#3652);
#2673=LINE('',#14747,#3653);
#2674=LINE('',#14770,#3654);
#2675=LINE('',#14773,#3655);
#2676=LINE('',#14775,#3656);
#2677=LINE('',#14776,#3657);
#2678=LINE('',#14788,#3658);
#2679=LINE('',#14803,#3659);
#2680=LINE('',#14809,#3660);
#2681=LINE('',#14811,#3661);
#2682=LINE('',#14812,#3662);
#2683=LINE('',#14824,#3663);
#2684=LINE('',#14839,#3664);
#2685=LINE('',#14845,#3665);
#2686=LINE('',#14847,#3666);
#2687=LINE('',#14848,#3667);
#2688=LINE('',#14860,#3668);
#2689=LINE('',#14882,#3669);
#2690=LINE('',#14901,#3670);
#2691=LINE('',#14926,#3671);
#2692=LINE('',#14941,#3672);
#2693=LINE('',#14954,#3673);
#2694=LINE('',#14958,#3674);
#2695=LINE('',#14963,#3675);
#2696=LINE('',#14965,#3676);
#2697=LINE('',#14967,#3677);
#2698=LINE('',#14968,#3678);
#2699=LINE('',#14992,#3679);
#2700=LINE('',#14998,#3680);
#2701=LINE('',#15000,#3681);
#2702=LINE('',#15001,#3682);
#2703=LINE('',#15013,#3683);
#2704=LINE('',#15028,#3684);
#2705=LINE('',#15043,#3685);
#2706=LINE('',#15058,#3686);
#2707=LINE('',#15073,#3687);
#2708=LINE('',#15088,#3688);
#2709=LINE('',#15092,#3689);
#2710=LINE('',#15104,#3690);
#2711=LINE('',#15108,#3691);
#2712=LINE('',#15120,#3692);
#2713=LINE('',#15135,#3693);
#2714=LINE('',#15150,#3694);
#2715=LINE('',#15156,#3695);
#2716=LINE('',#15158,#3696);
#2717=LINE('',#15159,#3697);
#2718=LINE('',#15171,#3698);
#2719=LINE('',#15208,#3699);
#2720=LINE('',#15240,#3700);
#2721=LINE('',#15242,#3701);
#2722=LINE('',#15244,#3702);
#2723=LINE('',#15245,#3703);
#2724=LINE('',#15269,#3704);
#2725=LINE('',#15284,#3705);
#2726=LINE('',#15312,#3706);
#2727=LINE('',#15337,#3707);
#2728=LINE('',#15352,#3708);
#2729=LINE('',#15367,#3709);
#2730=LINE('',#15382,#3710);
#2731=LINE('',#15397,#3711);
#2732=LINE('',#15412,#3712);
#2733=LINE('',#15418,#3713);
#2734=LINE('',#15420,#3714);
#2735=LINE('',#15421,#3715);
#2736=LINE('',#15433,#3716);
#2737=LINE('',#15448,#3717);
#2738=LINE('',#15463,#3718);
#2739=LINE('',#15469,#3719);
#2740=LINE('',#15471,#3720);
#2741=LINE('',#15472,#3721);
#2742=LINE('',#15484,#3722);
#2743=LINE('',#15499,#3723);
#2744=LINE('',#15514,#3724);
#2745=LINE('',#15529,#3725);
#2746=LINE('',#15535,#3726);
#2747=LINE('',#15537,#3727);
#2748=LINE('',#15538,#3728);
#2749=LINE('',#15541,#3729);
#2750=LINE('',#15543,#3730);
#2751=LINE('',#15544,#3731);
#2752=LINE('',#15556,#3732);
#2753=LINE('',#15571,#3733);
#2754=LINE('',#15586,#3734);
#2755=LINE('',#15592,#3735);
#2756=LINE('',#15594,#3736);
#2757=LINE('',#15595,#3737);
#2758=LINE('',#15598,#3738);
#2759=LINE('',#15600,#3739);
#2760=LINE('',#15601,#3740);
#2761=LINE('',#15640,#3741);
#2762=LINE('',#15645,#3742);
#2763=LINE('',#15652,#3743);
#2764=LINE('',#15654,#3744);
#2765=LINE('',#15655,#3745);
#2766=LINE('',#15658,#3746);
#2767=LINE('',#15659,#3747);
#2768=LINE('',#15667,#3748);
#2769=LINE('',#15692,#3749);
#2770=LINE('',#15708,#3750);
#2771=LINE('',#15730,#3751);
#2772=LINE('',#15741,#3752);
#2773=LINE('',#15752,#3753);
#2774=LINE('',#15758,#3754);
#2775=LINE('',#15759,#3755);
#2776=LINE('',#15762,#3756);
#2777=LINE('',#15763,#3757);
#2778=LINE('',#15771,#3758);
#2779=LINE('',#15782,#3759);
#2780=LINE('',#15793,#3760);
#2781=LINE('',#15799,#3761);
#2782=LINE('',#15800,#3762);
#2783=LINE('',#15803,#3763);
#2784=LINE('',#15804,#3764);
#2785=LINE('',#15807,#3765);
#2786=LINE('',#15808,#3766);
#2787=LINE('',#15816,#3767);
#2788=LINE('',#15827,#3768);
#2789=LINE('',#15838,#3769);
#2790=LINE('',#15844,#3770);
#2791=LINE('',#15845,#3771);
#2792=LINE('',#15853,#3772);
#2793=LINE('',#15864,#3773);
#2794=LINE('',#15875,#3774);
#2795=LINE('',#15881,#3775);
#2796=LINE('',#15882,#3776);
#2797=LINE('',#15885,#3777);
#2798=LINE('',#15886,#3778);
#2799=LINE('',#15889,#3779);
#2800=LINE('',#15890,#3780);
#2801=LINE('',#15898,#3781);
#2802=LINE('',#15909,#3782);
#2803=LINE('',#15936,#3783);
#2804=LINE('',#15942,#3784);
#2805=LINE('',#15963,#3785);
#2806=LINE('',#15968,#3786);
#2807=LINE('',#15980,#3787);
#2808=LINE('',#15995,#3788);
#2809=LINE('',#16001,#3789);
#2810=LINE('',#16003,#3790);
#2811=LINE('',#16004,#3791);
#2812=LINE('',#16016,#3792);
#2813=LINE('',#16031,#3793);
#2814=LINE('',#16059,#3794);
#2815=LINE('',#16064,#3795);
#2816=LINE('',#16076,#3796);
#2817=LINE('',#16082,#3797);
#2818=LINE('',#16084,#3798);
#2819=LINE('',#16085,#3799);
#2820=LINE('',#16097,#3800);
#2821=LINE('',#16112,#3801);
#2822=LINE('',#16127,#3802);
#2823=LINE('',#16142,#3803);
#2824=LINE('',#16157,#3804);
#2825=LINE('',#16172,#3805);
#2826=LINE('',#16177,#3806);
#2827=LINE('',#16178,#3807);
#2828=LINE('',#16191,#3808);
#2829=LINE('',#16207,#3809);
#2830=LINE('',#16223,#3810);
#2831=LINE('',#16248,#3811);
#2832=LINE('',#16254,#3812);
#2833=LINE('',#16256,#3813);
#2834=LINE('',#16257,#3814);
#2835=LINE('',#16269,#3815);
#2836=LINE('',#16284,#3816);
#2837=LINE('',#16303,#3817);
#2838=LINE('',#16304,#3818);
#2839=LINE('',#16305,#3819);
#2840=LINE('',#16308,#3820);
#2841=LINE('',#16310,#3821);
#2842=LINE('',#16311,#3822);
#2843=LINE('',#16313,#3823);
#2844=LINE('',#16314,#3824);
#2845=LINE('',#16317,#3825);
#2846=LINE('',#16319,#3826);
#2847=LINE('',#16320,#3827);
#2848=LINE('',#16322,#3828);
#2849=LINE('',#16325,#3829);
#2850=LINE('',#16326,#3830);
#2851=LINE('',#16329,#3831);
#2852=LINE('',#16331,#3832);
#2853=LINE('',#16333,#3833);
#2854=LINE('',#16334,#3834);
#2855=LINE('',#16337,#3835);
#2856=LINE('',#16338,#3836);
#2857=LINE('',#16341,#3837);
#2858=LINE('',#16342,#3838);
#2859=LINE('',#16344,#3839);
#2860=LINE('',#16346,#3840);
#2861=LINE('',#16350,#3841);
#2862=LINE('',#16352,#3842);
#2863=LINE('',#16353,#3843);
#2864=LINE('',#16354,#3844);
#2865=LINE('',#16356,#3845);
#2866=LINE('',#16358,#3846);
#2867=LINE('',#16359,#3847);
#2868=LINE('',#16361,#3848);
#2869=LINE('',#16363,#3849);
#2870=LINE('',#16366,#3850);
#2871=LINE('',#16367,#3851);
#2872=LINE('',#16370,#3852);
#2873=LINE('',#16372,#3853);
#2874=LINE('',#16373,#3854);
#2875=LINE('',#16376,#3855);
#2876=LINE('',#16378,#3856);
#2877=LINE('',#16379,#3857);
#2878=LINE('',#16382,#3858);
#2879=LINE('',#16383,#3859);
#2880=LINE('',#16386,#3860);
#2881=LINE('',#16387,#3861);
#2882=LINE('',#16389,#3862);
#2883=LINE('',#16390,#3863);
#2884=LINE('',#16392,#3864);
#2885=LINE('',#16393,#3865);
#2886=LINE('',#16396,#3866);
#2887=LINE('',#16398,#3867);
#2888=LINE('',#16399,#3868);
#2889=LINE('',#16401,#3869);
#2890=LINE('',#16403,#3870);
#2891=LINE('',#16404,#3871);
#2892=LINE('',#16408,#3872);
#2893=LINE('',#16410,#3873);
#2894=LINE('',#16411,#3874);
#2895=LINE('',#16415,#3875);
#2896=LINE('',#16416,#3876);
#2897=LINE('',#16419,#3877);
#2898=LINE('',#16420,#3878);
#2899=LINE('',#16423,#3879);
#2900=LINE('',#16424,#3880);
#2901=LINE('',#16427,#3881);
#2902=LINE('',#16428,#3882);
#2903=LINE('',#16432,#3883);
#2904=LINE('',#16434,#3884);
#2905=LINE('',#16435,#3885);
#2906=LINE('',#16437,#3886);
#2907=LINE('',#16439,#3887);
#2908=LINE('',#16441,#3888);
#2909=LINE('',#16442,#3889);
#2910=LINE('',#16445,#3890);
#2911=LINE('',#16446,#3891);
#2912=LINE('',#16448,#3892);
#2913=LINE('',#16451,#3893);
#2914=LINE('',#16452,#3894);
#2915=LINE('',#16455,#3895);
#2916=LINE('',#16457,#3896);
#2917=LINE('',#16458,#3897);
#2918=LINE('',#16462,#3898);
#2919=LINE('',#16463,#3899);
#2920=LINE('',#16466,#3900);
#2921=LINE('',#16467,#3901);
#2922=LINE('',#16469,#3902);
#2923=LINE('',#16471,#3903);
#2924=LINE('',#16472,#3904);
#2925=LINE('',#16474,#3905);
#2926=LINE('',#16476,#3906);
#2927=LINE('',#16479,#3907);
#2928=LINE('',#16480,#3908);
#2929=LINE('',#16482,#3909);
#2930=LINE('',#16483,#3910);
#2931=LINE('',#16486,#3911);
#2932=LINE('',#16487,#3912);
#2933=LINE('',#16489,#3913);
#2934=LINE('',#16491,#3914);
#2935=LINE('',#16493,#3915);
#2936=LINE('',#16495,#3916);
#2937=LINE('',#16498,#3917);
#2938=LINE('',#16500,#3918);
#2939=LINE('',#16501,#3919);
#2940=LINE('',#16503,#3920);
#2941=LINE('',#16504,#3921);
#2942=LINE('',#16507,#3922);
#2943=LINE('',#16508,#3923);
#2944=LINE('',#16510,#3924);
#2945=LINE('',#16512,#3925);
#2946=LINE('',#16516,#3926);
#2947=LINE('',#16517,#3927);
#2948=LINE('',#16520,#3928);
#2949=LINE('',#16522,#3929);
#2950=LINE('',#16523,#3930);
#2951=LINE('',#16526,#3931);
#2952=LINE('',#16528,#3932);
#2953=LINE('',#16530,#3933);
#2954=LINE('',#16532,#3934);
#2955=LINE('',#16534,#3935);
#2956=LINE('',#16536,#3936);
#2957=LINE('',#16538,#3937);
#2958=LINE('',#16540,#3938);
#2959=LINE('',#16542,#3939);
#2960=LINE('',#16546,#3940);
#2961=LINE('',#16550,#3941);
#2962=LINE('',#16554,#3942);
#2963=LINE('',#16555,#3943);
#2964=LINE('',#16558,#3944);
#2965=LINE('',#16562,#3945);
#2966=LINE('',#16564,#3946);
#2967=LINE('',#16565,#3947);
#2968=LINE('',#16566,#3948);
#2969=LINE('',#16570,#3949);
#2970=LINE('',#16571,#3950);
#2971=LINE('',#16574,#3951);
#2972=LINE('',#16575,#3952);
#2973=LINE('',#16577,#3953);
#2974=LINE('',#16581,#3954);
#2975=LINE('',#16582,#3955);
#2976=LINE('',#16583,#3956);
#2977=LINE('',#16586,#3957);
#2978=LINE('',#16587,#3958);
#2979=LINE('',#16590,#3959);
#2980=LINE('',#16591,#3960);
#2981=LINE('',#16593,#3961);
#2982=VECTOR('',#10114,2.19999999999999);
#2983=VECTOR('',#10121,10.);
#2984=VECTOR('',#10126,10.);
#2985=VECTOR('',#10131,2.20000000000001);
#2986=VECTOR('',#10132,10.);
#2987=VECTOR('',#10139,2.20000000000001);
#2988=VECTOR('',#10148,2.2);
#2989=VECTOR('',#10155,10.);
#2990=VECTOR('',#10156,10.);
#2991=VECTOR('',#10159,10.);
#2992=VECTOR('',#10160,10.);
#2993=VECTOR('',#10161,10.);
#2994=VECTOR('',#10164,10.);
#2995=VECTOR('',#10165,10.);
#2996=VECTOR('',#10166,10.);
#2997=VECTOR('',#10167,10.);
#2998=VECTOR('',#10170,10.);
#2999=VECTOR('',#10171,10.);
#3000=VECTOR('',#10172,10.);
#3001=VECTOR('',#10175,10.);
#3002=VECTOR('',#10176,10.);
#3003=VECTOR('',#10177,10.);
#3004=VECTOR('',#10178,10.);
#3005=VECTOR('',#10181,10.);
#3006=VECTOR('',#10182,10.);
#3007=VECTOR('',#10183,10.);
#3008=VECTOR('',#10186,10.);
#3009=VECTOR('',#10189,10.);
#3010=VECTOR('',#10190,10.);
#3011=VECTOR('',#10191,10.);
#3012=VECTOR('',#10192,10.);
#3013=VECTOR('',#10195,10.);
#3014=VECTOR('',#10196,10.);
#3015=VECTOR('',#10197,10.);
#3016=VECTOR('',#10200,10.);
#3017=VECTOR('',#10201,10.);
#3018=VECTOR('',#10202,10.);
#3019=VECTOR('',#10203,10.);
#3020=VECTOR('',#10206,10.);
#3021=VECTOR('',#10207,10.);
#3022=VECTOR('',#10208,10.);
#3023=VECTOR('',#10211,10.);
#3024=VECTOR('',#10214,10.);
#3025=VECTOR('',#10215,10.);
#3026=VECTOR('',#10216,10.);
#3027=VECTOR('',#10217,10.);
#3028=VECTOR('',#10220,10.);
#3029=VECTOR('',#10221,10.);
#3030=VECTOR('',#10222,10.);
#3031=VECTOR('',#10225,10.);
#3032=VECTOR('',#10226,10.);
#3033=VECTOR('',#10227,10.);
#3034=VECTOR('',#10228,10.);
#3035=VECTOR('',#10231,10.);
#3036=VECTOR('',#10232,10.);
#3037=VECTOR('',#10233,10.);
#3038=VECTOR('',#10236,10.);
#3039=VECTOR('',#10239,10.);
#3040=VECTOR('',#10240,10.);
#3041=VECTOR('',#10241,10.);
#3042=VECTOR('',#10242,10.);
#3043=VECTOR('',#10245,10.);
#3044=VECTOR('',#10246,10.);
#3045=VECTOR('',#10247,10.);
#3046=VECTOR('',#10250,10.);
#3047=VECTOR('',#10251,10.);
#3048=VECTOR('',#10252,10.);
#3049=VECTOR('',#10253,10.);
#3050=VECTOR('',#10256,10.);
#3051=VECTOR('',#10257,10.);
#3052=VECTOR('',#10258,10.);
#3053=VECTOR('',#10261,10.);
#3054=VECTOR('',#10264,10.);
#3055=VECTOR('',#10265,10.);
#3056=VECTOR('',#10266,10.);
#3057=VECTOR('',#10267,10.);
#3058=VECTOR('',#10270,10.);
#3059=VECTOR('',#10271,10.);
#3060=VECTOR('',#10272,10.);
#3061=VECTOR('',#10275,10.);
#3062=VECTOR('',#10276,10.);
#3063=VECTOR('',#10277,10.);
#3064=VECTOR('',#10278,10.);
#3065=VECTOR('',#10281,10.);
#3066=VECTOR('',#10282,10.);
#3067=VECTOR('',#10283,10.);
#3068=VECTOR('',#10286,10.);
#3069=VECTOR('',#10289,10.);
#3070=VECTOR('',#10290,10.);
#3071=VECTOR('',#10291,10.);
#3072=VECTOR('',#10292,10.);
#3073=VECTOR('',#10295,10.);
#3074=VECTOR('',#10296,10.);
#3075=VECTOR('',#10297,10.);
#3076=VECTOR('',#10300,10.);
#3077=VECTOR('',#10301,10.);
#3078=VECTOR('',#10302,10.);
#3079=VECTOR('',#10303,10.);
#3080=VECTOR('',#10306,10.);
#3081=VECTOR('',#10307,10.);
#3082=VECTOR('',#10308,10.);
#3083=VECTOR('',#10311,10.);
#3084=VECTOR('',#10314,10.);
#3085=VECTOR('',#10315,10.);
#3086=VECTOR('',#10316,10.);
#3087=VECTOR('',#10317,10.);
#3088=VECTOR('',#10320,10.);
#3089=VECTOR('',#10321,10.);
#3090=VECTOR('',#10322,10.);
#3091=VECTOR('',#10325,10.);
#3092=VECTOR('',#10326,10.);
#3093=VECTOR('',#10327,10.);
#3094=VECTOR('',#10328,10.);
#3095=VECTOR('',#10331,10.);
#3096=VECTOR('',#10332,10.);
#3097=VECTOR('',#10333,10.);
#3098=VECTOR('',#10336,10.);
#3099=VECTOR('',#10339,10.);
#3100=VECTOR('',#10340,10.);
#3101=VECTOR('',#10341,10.);
#3102=VECTOR('',#10342,10.);
#3103=VECTOR('',#10345,10.);
#3104=VECTOR('',#10346,10.);
#3105=VECTOR('',#10347,10.);
#3106=VECTOR('',#10350,10.);
#3107=VECTOR('',#10351,10.);
#3108=VECTOR('',#10352,10.);
#3109=VECTOR('',#10353,10.);
#3110=VECTOR('',#10356,10.);
#3111=VECTOR('',#10357,10.);
#3112=VECTOR('',#10358,10.);
#3113=VECTOR('',#10361,10.);
#3114=VECTOR('',#10364,10.);
#3115=VECTOR('',#10365,10.);
#3116=VECTOR('',#10366,10.);
#3117=VECTOR('',#10367,10.);
#3118=VECTOR('',#10370,10.);
#3119=VECTOR('',#10371,10.);
#3120=VECTOR('',#10372,10.);
#3121=VECTOR('',#10375,10.);
#3122=VECTOR('',#10376,10.);
#3123=VECTOR('',#10377,10.);
#3124=VECTOR('',#10378,10.);
#3125=VECTOR('',#10381,10.);
#3126=VECTOR('',#10382,10.);
#3127=VECTOR('',#10383,10.);
#3128=VECTOR('',#10386,10.);
#3129=VECTOR('',#10389,10.);
#3130=VECTOR('',#10390,10.);
#3131=VECTOR('',#10391,10.);
#3132=VECTOR('',#10392,10.);
#3133=VECTOR('',#10395,10.);
#3134=VECTOR('',#10396,10.);
#3135=VECTOR('',#10397,10.);
#3136=VECTOR('',#10400,10.);
#3137=VECTOR('',#10401,10.);
#3138=VECTOR('',#10402,10.);
#3139=VECTOR('',#10403,10.);
#3140=VECTOR('',#10406,10.);
#3141=VECTOR('',#10407,10.);
#3142=VECTOR('',#10408,10.);
#3143=VECTOR('',#10411,10.);
#3144=VECTOR('',#10414,10.);
#3145=VECTOR('',#10415,10.);
#3146=VECTOR('',#10416,10.);
#3147=VECTOR('',#10417,10.);
#3148=VECTOR('',#10420,10.);
#3149=VECTOR('',#10421,10.);
#3150=VECTOR('',#10422,10.);
#3151=VECTOR('',#10425,10.);
#3152=VECTOR('',#10426,10.);
#3153=VECTOR('',#10427,10.);
#3154=VECTOR('',#10428,10.);
#3155=VECTOR('',#10431,10.);
#3156=VECTOR('',#10432,10.);
#3157=VECTOR('',#10433,10.);
#3158=VECTOR('',#10436,10.);
#3159=VECTOR('',#10439,10.);
#3160=VECTOR('',#10440,10.);
#3161=VECTOR('',#10441,10.);
#3162=VECTOR('',#10442,10.);
#3163=VECTOR('',#10445,10.);
#3164=VECTOR('',#10446,10.);
#3165=VECTOR('',#10447,10.);
#3166=VECTOR('',#10450,10.);
#3167=VECTOR('',#10451,10.);
#3168=VECTOR('',#10452,10.);
#3169=VECTOR('',#10453,10.);
#3170=VECTOR('',#10456,10.);
#3171=VECTOR('',#10457,10.);
#3172=VECTOR('',#10458,10.);
#3173=VECTOR('',#10461,10.);
#3174=VECTOR('',#10464,10.);
#3175=VECTOR('',#10465,10.);
#3176=VECTOR('',#10466,10.);
#3177=VECTOR('',#10467,10.);
#3178=VECTOR('',#10470,10.);
#3179=VECTOR('',#10471,10.);
#3180=VECTOR('',#10472,10.);
#3181=VECTOR('',#10475,10.);
#3182=VECTOR('',#10476,10.);
#3183=VECTOR('',#10477,10.);
#3184=VECTOR('',#10478,10.);
#3185=VECTOR('',#10481,10.);
#3186=VECTOR('',#10482,10.);
#3187=VECTOR('',#10483,10.);
#3188=VECTOR('',#10486,10.);
#3189=VECTOR('',#10489,10.);
#3190=VECTOR('',#10490,10.);
#3191=VECTOR('',#10491,10.);
#3192=VECTOR('',#10492,10.);
#3193=VECTOR('',#10495,10.);
#3194=VECTOR('',#10496,10.);
#3195=VECTOR('',#10497,10.);
#3196=VECTOR('',#10500,10.);
#3197=VECTOR('',#10501,10.);
#3198=VECTOR('',#10502,10.);
#3199=VECTOR('',#10503,10.);
#3200=VECTOR('',#10506,10.);
#3201=VECTOR('',#10507,10.);
#3202=VECTOR('',#10508,10.);
#3203=VECTOR('',#10511,10.);
#3204=VECTOR('',#10516,10.);
#3205=VECTOR('',#10517,10.);
#3206=VECTOR('',#10518,10.);
#3207=VECTOR('',#10519,10.);
#3208=VECTOR('',#10522,10.);
#3209=VECTOR('',#10523,10.);
#3210=VECTOR('',#10524,10.);
#3211=VECTOR('',#10527,10.);
#3212=VECTOR('',#10528,10.);
#3213=VECTOR('',#10533,10.);
#3214=VECTOR('',#10536,10.);
#3215=VECTOR('',#10537,10.);
#3216=VECTOR('',#10538,10.);
#3217=VECTOR('',#10539,10.);
#3218=VECTOR('',#10542,10.);
#3219=VECTOR('',#10543,10.);
#3220=VECTOR('',#10544,10.);
#3221=VECTOR('',#10547,10.);
#3222=VECTOR('',#10548,10.);
#3223=VECTOR('',#10549,10.);
#3224=VECTOR('',#10550,10.);
#3225=VECTOR('',#10553,10.);
#3226=VECTOR('',#10554,10.);
#3227=VECTOR('',#10555,10.);
#3228=VECTOR('',#10558,10.);
#3229=VECTOR('',#10561,10.);
#3230=VECTOR('',#10562,10.);
#3231=VECTOR('',#10563,10.);
#3232=VECTOR('',#10564,10.);
#3233=VECTOR('',#10567,10.);
#3234=VECTOR('',#10568,10.);
#3235=VECTOR('',#10569,10.);
#3236=VECTOR('',#10572,10.);
#3237=VECTOR('',#10573,10.);
#3238=VECTOR('',#10574,10.);
#3239=VECTOR('',#10575,10.);
#3240=VECTOR('',#10578,10.);
#3241=VECTOR('',#10579,10.);
#3242=VECTOR('',#10580,10.);
#3243=VECTOR('',#10583,10.);
#3244=VECTOR('',#10586,10.);
#3245=VECTOR('',#10587,10.);
#3246=VECTOR('',#10588,10.);
#3247=VECTOR('',#10589,10.);
#3248=VECTOR('',#10592,10.);
#3249=VECTOR('',#10593,10.);
#3250=VECTOR('',#10594,10.);
#3251=VECTOR('',#10597,10.);
#3252=VECTOR('',#10598,10.);
#3253=VECTOR('',#10599,10.);
#3254=VECTOR('',#10600,10.);
#3255=VECTOR('',#10603,10.);
#3256=VECTOR('',#10604,10.);
#3257=VECTOR('',#10605,10.);
#3258=VECTOR('',#10608,10.);
#3259=VECTOR('',#10611,10.);
#3260=VECTOR('',#10612,10.);
#3261=VECTOR('',#10613,10.);
#3262=VECTOR('',#10614,10.);
#3263=VECTOR('',#10617,10.);
#3264=VECTOR('',#10618,10.);
#3265=VECTOR('',#10619,10.);
#3266=VECTOR('',#10622,10.);
#3267=VECTOR('',#10623,10.);
#3268=VECTOR('',#10624,10.);
#3269=VECTOR('',#10625,10.);
#3270=VECTOR('',#10628,10.);
#3271=VECTOR('',#10629,10.);
#3272=VECTOR('',#10630,10.);
#3273=VECTOR('',#10633,10.);
#3274=VECTOR('',#10636,10.);
#3275=VECTOR('',#10637,10.);
#3276=VECTOR('',#10638,10.);
#3277=VECTOR('',#10639,10.);
#3278=VECTOR('',#10642,10.);
#3279=VECTOR('',#10643,10.);
#3280=VECTOR('',#10644,10.);
#3281=VECTOR('',#10647,10.);
#3282=VECTOR('',#10648,10.);
#3283=VECTOR('',#10649,10.);
#3284=VECTOR('',#10650,10.);
#3285=VECTOR('',#10653,10.);
#3286=VECTOR('',#10654,10.);
#3287=VECTOR('',#10655,10.);
#3288=VECTOR('',#10658,10.);
#3289=VECTOR('',#10661,10.);
#3290=VECTOR('',#10662,10.);
#3291=VECTOR('',#10663,10.);
#3292=VECTOR('',#10664,10.);
#3293=VECTOR('',#10667,10.);
#3294=VECTOR('',#10668,10.);
#3295=VECTOR('',#10669,10.);
#3296=VECTOR('',#10672,10.);
#3297=VECTOR('',#10673,10.);
#3298=VECTOR('',#10674,10.);
#3299=VECTOR('',#10675,10.);
#3300=VECTOR('',#10678,10.);
#3301=VECTOR('',#10679,10.);
#3302=VECTOR('',#10680,10.);
#3303=VECTOR('',#10683,10.);
#3304=VECTOR('',#10686,10.);
#3305=VECTOR('',#10687,10.);
#3306=VECTOR('',#10688,10.);
#3307=VECTOR('',#10689,10.);
#3308=VECTOR('',#10692,10.);
#3309=VECTOR('',#10693,10.);
#3310=VECTOR('',#10694,10.);
#3311=VECTOR('',#10697,10.);
#3312=VECTOR('',#10698,10.);
#3313=VECTOR('',#10699,10.);
#3314=VECTOR('',#10700,10.);
#3315=VECTOR('',#10703,10.);
#3316=VECTOR('',#10704,10.);
#3317=VECTOR('',#10705,10.);
#3318=VECTOR('',#10708,10.);
#3319=VECTOR('',#10711,10.);
#3320=VECTOR('',#10712,10.);
#3321=VECTOR('',#10713,10.);
#3322=VECTOR('',#10714,10.);
#3323=VECTOR('',#10717,10.);
#3324=VECTOR('',#10718,10.);
#3325=VECTOR('',#10719,10.);
#3326=VECTOR('',#10722,10.);
#3327=VECTOR('',#10723,10.);
#3328=VECTOR('',#10724,10.);
#3329=VECTOR('',#10725,10.);
#3330=VECTOR('',#10728,10.);
#3331=VECTOR('',#10729,10.);
#3332=VECTOR('',#10730,10.);
#3333=VECTOR('',#10733,10.);
#3334=VECTOR('',#10736,10.);
#3335=VECTOR('',#10737,10.);
#3336=VECTOR('',#10738,10.);
#3337=VECTOR('',#10739,10.);
#3338=VECTOR('',#10742,10.);
#3339=VECTOR('',#10743,10.);
#3340=VECTOR('',#10744,10.);
#3341=VECTOR('',#10747,10.);
#3342=VECTOR('',#10748,10.);
#3343=VECTOR('',#10749,10.);
#3344=VECTOR('',#10750,10.);
#3345=VECTOR('',#10753,10.);
#3346=VECTOR('',#10754,10.);
#3347=VECTOR('',#10755,10.);
#3348=VECTOR('',#10758,10.);
#3349=VECTOR('',#10761,10.);
#3350=VECTOR('',#10762,10.);
#3351=VECTOR('',#10763,10.);
#3352=VECTOR('',#10764,10.);
#3353=VECTOR('',#10767,10.);
#3354=VECTOR('',#10768,10.);
#3355=VECTOR('',#10769,10.);
#3356=VECTOR('',#10772,10.);
#3357=VECTOR('',#10773,10.);
#3358=VECTOR('',#10774,10.);
#3359=VECTOR('',#10775,10.);
#3360=VECTOR('',#10778,10.);
#3361=VECTOR('',#10779,10.);
#3362=VECTOR('',#10780,10.);
#3363=VECTOR('',#10783,10.);
#3364=VECTOR('',#10786,10.);
#3365=VECTOR('',#10787,10.);
#3366=VECTOR('',#10788,10.);
#3367=VECTOR('',#10789,10.);
#3368=VECTOR('',#10792,10.);
#3369=VECTOR('',#10793,10.);
#3370=VECTOR('',#10794,10.);
#3371=VECTOR('',#10797,10.);
#3372=VECTOR('',#10798,10.);
#3373=VECTOR('',#10799,10.);
#3374=VECTOR('',#10800,10.);
#3375=VECTOR('',#10803,10.);
#3376=VECTOR('',#10804,10.);
#3377=VECTOR('',#10805,10.);
#3378=VECTOR('',#10808,10.);
#3379=VECTOR('',#10811,10.);
#3380=VECTOR('',#10812,10.);
#3381=VECTOR('',#10813,10.);
#3382=VECTOR('',#10814,10.);
#3383=VECTOR('',#10817,10.);
#3384=VECTOR('',#10818,10.);
#3385=VECTOR('',#10819,10.);
#3386=VECTOR('',#10822,10.);
#3387=VECTOR('',#10823,10.);
#3388=VECTOR('',#10824,10.);
#3389=VECTOR('',#10825,10.);
#3390=VECTOR('',#10828,10.);
#3391=VECTOR('',#10829,10.);
#3392=VECTOR('',#10830,10.);
#3393=VECTOR('',#10833,10.);
#3394=VECTOR('',#10836,10.);
#3395=VECTOR('',#10837,10.);
#3396=VECTOR('',#10838,10.);
#3397=VECTOR('',#10839,10.);
#3398=VECTOR('',#10842,10.);
#3399=VECTOR('',#10843,10.);
#3400=VECTOR('',#10844,10.);
#3401=VECTOR('',#10847,10.);
#3402=VECTOR('',#10848,10.);
#3403=VECTOR('',#10849,10.);
#3404=VECTOR('',#10850,10.);
#3405=VECTOR('',#10853,10.);
#3406=VECTOR('',#10854,10.);
#3407=VECTOR('',#10855,10.);
#3408=VECTOR('',#10858,10.);
#3409=VECTOR('',#10861,10.);
#3410=VECTOR('',#10862,10.);
#3411=VECTOR('',#10863,10.);
#3412=VECTOR('',#10864,10.);
#3413=VECTOR('',#10867,10.);
#3414=VECTOR('',#10868,10.);
#3415=VECTOR('',#10869,10.);
#3416=VECTOR('',#10872,10.);
#3417=VECTOR('',#10873,10.);
#3418=VECTOR('',#10874,10.);
#3419=VECTOR('',#10875,10.);
#3420=VECTOR('',#10878,10.);
#3421=VECTOR('',#10879,10.);
#3422=VECTOR('',#10880,10.);
#3423=VECTOR('',#10883,10.);
#3424=VECTOR('',#10886,10.);
#3425=VECTOR('',#10887,10.);
#3426=VECTOR('',#10888,10.);
#3427=VECTOR('',#10889,10.);
#3428=VECTOR('',#10894,10.);
#3429=VECTOR('',#10895,10.);
#3430=VECTOR('',#10896,10.);
#3431=VECTOR('',#10899,10.);
#3432=VECTOR('',#10900,10.);
#3433=VECTOR('',#10901,10.);
#3434=VECTOR('',#10904,10.);
#3435=VECTOR('',#10905,10.);
#3436=VECTOR('',#10908,10.);
#3437=VECTOR('',#10911,10.);
#3438=VECTOR('',#10914,10.);
#3439=VECTOR('',#10915,10.);
#3440=VECTOR('',#10916,10.);
#3441=VECTOR('',#10917,10.);
#3442=VECTOR('',#10918,10.);
#3443=VECTOR('',#10925,10.);
#3444=VECTOR('',#10928,10.);
#3445=VECTOR('',#10933,10.);
#3446=VECTOR('',#10936,10.);
#3447=VECTOR('',#10941,10.);
#3448=VECTOR('',#10944,10.);
#3449=VECTOR('',#10945,10.);
#3450=VECTOR('',#10946,10.);
#3451=VECTOR('',#10947,10.);
#3452=VECTOR('',#10948,10.);
#3453=VECTOR('',#10949,10.);
#3454=VECTOR('',#10950,10.);
#3455=VECTOR('',#10951,10.);
#3456=VECTOR('',#10952,10.);
#3457=VECTOR('',#10953,10.);
#3458=VECTOR('',#10954,10.);
#3459=VECTOR('',#10955,10.);
#3460=VECTOR('',#10956,10.);
#3461=VECTOR('',#10957,10.);
#3462=VECTOR('',#10958,10.);
#3463=VECTOR('',#10959,10.);
#3464=VECTOR('',#10962,10.);
#3465=VECTOR('',#10963,10.);
#3466=VECTOR('',#10966,10.);
#3467=VECTOR('',#10967,10.);
#3468=VECTOR('',#10970,10.);
#3469=VECTOR('',#10971,10.);
#3470=VECTOR('',#10974,10.);
#3471=VECTOR('',#10975,10.);
#3472=VECTOR('',#10978,10.);
#3473=VECTOR('',#10979,10.);
#3474=VECTOR('',#10982,10.);
#3475=VECTOR('',#10983,10.);
#3476=VECTOR('',#10986,10.);
#3477=VECTOR('',#10987,10.);
#3478=VECTOR('',#10990,10.);
#3479=VECTOR('',#10991,10.);
#3480=VECTOR('',#10994,10.);
#3481=VECTOR('',#10995,10.);
#3482=VECTOR('',#10998,10.);
#3483=VECTOR('',#10999,10.);
#3484=VECTOR('',#11002,10.);
#3485=VECTOR('',#11003,10.);
#3486=VECTOR('',#11006,10.);
#3487=VECTOR('',#11007,10.);
#3488=VECTOR('',#11010,10.);
#3489=VECTOR('',#11011,10.);
#3490=VECTOR('',#11014,10.);
#3491=VECTOR('',#11015,10.);
#3492=VECTOR('',#11018,10.);
#3493=VECTOR('',#11019,10.);
#3494=VECTOR('',#11022,10.);
#3495=VECTOR('',#11023,10.);
#3496=VECTOR('',#11026,10.);
#3497=VECTOR('',#11027,10.);
#3498=VECTOR('',#11030,10.);
#3499=VECTOR('',#11031,10.);
#3500=VECTOR('',#11034,10.);
#3501=VECTOR('',#11035,10.);
#3502=VECTOR('',#11038,10.);
#3503=VECTOR('',#11039,10.);
#3504=VECTOR('',#11042,10.);
#3505=VECTOR('',#11043,10.);
#3506=VECTOR('',#11046,10.);
#3507=VECTOR('',#11047,10.);
#3508=VECTOR('',#11050,10.);
#3509=VECTOR('',#11051,10.);
#3510=VECTOR('',#11054,10.);
#3511=VECTOR('',#11055,10.);
#3512=VECTOR('',#11058,10.);
#3513=VECTOR('',#11059,10.);
#3514=VECTOR('',#11062,10.);
#3515=VECTOR('',#11063,10.);
#3516=VECTOR('',#11066,10.);
#3517=VECTOR('',#11067,10.);
#3518=VECTOR('',#11070,10.);
#3519=VECTOR('',#11071,10.);
#3520=VECTOR('',#11072,10.);
#3521=VECTOR('',#11073,10.);
#3522=VECTOR('',#11074,10.);
#3523=VECTOR('',#11075,10.);
#3524=VECTOR('',#11078,10.);
#3525=VECTOR('',#11079,10.);
#3526=VECTOR('',#11080,10.);
#3527=VECTOR('',#11081,10.);
#3528=VECTOR('',#11082,10.);
#3529=VECTOR('',#11085,10.);
#3530=VECTOR('',#11086,10.);
#3531=VECTOR('',#11087,10.);
#3532=VECTOR('',#11088,10.);
#3533=VECTOR('',#11089,10.);
#3534=VECTOR('',#11090,10.);
#3535=VECTOR('',#11091,10.);
#3536=VECTOR('',#11094,10.);
#3537=VECTOR('',#11095,10.);
#3538=VECTOR('',#11096,10.);
#3539=VECTOR('',#11097,10.);
#3540=VECTOR('',#11098,10.);
#3541=VECTOR('',#11099,10.);
#3542=VECTOR('',#11100,10.);
#3543=VECTOR('',#11101,10.);
#3544=VECTOR('',#11102,10.);
#3545=VECTOR('',#11103,10.);
#3546=VECTOR('',#11104,10.);
#3547=VECTOR('',#11105,10.);
#3548=VECTOR('',#11106,10.);
#3549=VECTOR('',#11107,10.);
#3550=VECTOR('',#11108,10.);
#3551=VECTOR('',#11109,10.);
#3552=VECTOR('',#11110,10.);
#3553=VECTOR('',#11113,10.);
#3554=VECTOR('',#11114,10.);
#3555=VECTOR('',#11115,10.);
#3556=VECTOR('',#11116,10.);
#3557=VECTOR('',#11117,10.);
#3558=VECTOR('',#11118,10.);
#3559=VECTOR('',#11119,10.);
#3560=VECTOR('',#11120,10.);
#3561=VECTOR('',#11121,10.);
#3562=VECTOR('',#11122,10.);
#3563=VECTOR('',#11123,10.);
#3564=VECTOR('',#11124,10.);
#3565=VECTOR('',#11125,10.);
#3566=VECTOR('',#11126,10.);
#3567=VECTOR('',#11129,10.);
#3568=VECTOR('',#11130,10.);
#3569=VECTOR('',#11131,10.);
#3570=VECTOR('',#11132,10.);
#3571=VECTOR('',#11133,10.);
#3572=VECTOR('',#11134,10.);
#3573=VECTOR('',#11135,10.);
#3574=VECTOR('',#11138,10.);
#3575=VECTOR('',#11139,10.);
#3576=VECTOR('',#11140,10.);
#3577=VECTOR('',#11141,10.);
#3578=VECTOR('',#11142,10.);
#3579=VECTOR('',#11143,10.);
#3580=VECTOR('',#11144,10.);
#3581=VECTOR('',#11145,10.);
#3582=VECTOR('',#11146,10.);
#3583=VECTOR('',#11147,10.);
#3584=VECTOR('',#11148,10.);
#3585=VECTOR('',#11149,10.);
#3586=VECTOR('',#11150,10.);
#3587=VECTOR('',#11155,10.);
#3588=VECTOR('',#11156,10.);
#3589=VECTOR('',#11157,10.);
#3590=VECTOR('',#11158,10.);
#3591=VECTOR('',#11159,10.);
#3592=VECTOR('',#11160,10.);
#3593=VECTOR('',#11161,10.);
#3594=VECTOR('',#11162,10.);
#3595=VECTOR('',#11163,10.);
#3596=VECTOR('',#11164,10.);
#3597=VECTOR('',#11165,10.);
#3598=VECTOR('',#11166,10.);
#3599=VECTOR('',#11167,10.);
#3600=VECTOR('',#11168,10.);
#3601=VECTOR('',#11169,10.);
#3602=VECTOR('',#11170,10.);
#3603=VECTOR('',#11171,10.);
#3604=VECTOR('',#11172,10.);
#3605=VECTOR('',#11173,10.);
#3606=VECTOR('',#11174,10.);
#3607=VECTOR('',#11177,10.);
#3608=VECTOR('',#11178,10.);
#3609=VECTOR('',#11179,10.);
#3610=VECTOR('',#11180,10.);
#3611=VECTOR('',#11181,10.);
#3612=VECTOR('',#11182,10.);
#3613=VECTOR('',#11183,10.);
#3614=VECTOR('',#11184,10.);
#3615=VECTOR('',#11185,10.);
#3616=VECTOR('',#11186,10.);
#3617=VECTOR('',#11187,10.);
#3618=VECTOR('',#11188,10.);
#3619=VECTOR('',#11189,10.);
#3620=VECTOR('',#11190,10.);
#3621=VECTOR('',#11191,10.);
#3622=VECTOR('',#11192,10.);
#3623=VECTOR('',#11195,10.);
#3624=VECTOR('',#11196,10.);
#3625=VECTOR('',#11197,10.);
#3626=VECTOR('',#11198,10.);
#3627=VECTOR('',#11199,10.);
#3628=VECTOR('',#11200,10.);
#3629=VECTOR('',#11201,10.);
#3630=VECTOR('',#11202,10.);
#3631=VECTOR('',#11203,10.);
#3632=VECTOR('',#11206,10.);
#3633=VECTOR('',#11207,10.);
#3634=VECTOR('',#11208,10.);
#3635=VECTOR('',#11209,10.);
#3636=VECTOR('',#11210,10.);
#3637=VECTOR('',#11213,10.);
#3638=VECTOR('',#11214,10.);
#3639=VECTOR('',#11215,10.);
#3640=VECTOR('',#11218,10.);
#3641=VECTOR('',#11219,10.);
#3642=VECTOR('',#11220,10.);
#3643=VECTOR('',#11221,10.);
#3644=VECTOR('',#11222,10.);
#3645=VECTOR('',#11223,10.);
#3646=VECTOR('',#11226,10.);
#3647=VECTOR('',#11227,10.);
#3648=VECTOR('',#11228,10.);
#3649=VECTOR('',#11229,10.);
#3650=VECTOR('',#11230,10.);
#3651=VECTOR('',#11231,10.);
#3652=VECTOR('',#11232,10.);
#3653=VECTOR('',#11233,10.);
#3654=VECTOR('',#11234,10.);
#3655=VECTOR('',#11237,10.);
#3656=VECTOR('',#11238,10.);
#3657=VECTOR('',#11239,10.);
#3658=VECTOR('',#11240,10.);
#3659=VECTOR('',#11241,10.);
#3660=VECTOR('',#11244,10.);
#3661=VECTOR('',#11245,10.);
#3662=VECTOR('',#11246,10.);
#3663=VECTOR('',#11247,10.);
#3664=VECTOR('',#11248,10.);
#3665=VECTOR('',#11251,10.);
#3666=VECTOR('',#11252,10.);
#3667=VECTOR('',#11253,10.);
#3668=VECTOR('',#11254,10.);
#3669=VECTOR('',#11255,10.);
#3670=VECTOR('',#11256,10.);
#3671=VECTOR('',#11257,10.);
#3672=VECTOR('',#11258,10.);
#3673=VECTOR('',#11259,10.);
#3674=VECTOR('',#11260,10.);
#3675=VECTOR('',#11265,10.);
#3676=VECTOR('',#11266,10.);
#3677=VECTOR('',#11267,10.);
#3678=VECTOR('',#11268,10.);
#3679=VECTOR('',#11269,10.);
#3680=VECTOR('',#11272,10.);
#3681=VECTOR('',#11273,10.);
#3682=VECTOR('',#11274,10.);
#3683=VECTOR('',#11275,10.);
#3684=VECTOR('',#11276,10.);
#3685=VECTOR('',#11277,10.);
#3686=VECTOR('',#11278,10.);
#3687=VECTOR('',#11279,10.);
#3688=VECTOR('',#11280,10.);
#3689=VECTOR('',#11281,10.);
#3690=VECTOR('',#11282,10.);
#3691=VECTOR('',#11283,10.);
#3692=VECTOR('',#11284,10.);
#3693=VECTOR('',#11285,10.);
#3694=VECTOR('',#11286,10.);
#3695=VECTOR('',#11289,10.);
#3696=VECTOR('',#11290,10.);
#3697=VECTOR('',#11291,10.);
#3698=VECTOR('',#11292,10.);
#3699=VECTOR('',#11293,10.);
#3700=VECTOR('',#11298,10.);
#3701=VECTOR('',#11299,10.);
#3702=VECTOR('',#11300,10.);
#3703=VECTOR('',#11301,10.);
#3704=VECTOR('',#11302,10.);
#3705=VECTOR('',#11303,10.);
#3706=VECTOR('',#11304,10.);
#3707=VECTOR('',#11305,10.);
#3708=VECTOR('',#11306,10.);
#3709=VECTOR('',#11307,10.);
#3710=VECTOR('',#11308,10.);
#3711=VECTOR('',#11309,10.);
#3712=VECTOR('',#11310,10.);
#3713=VECTOR('',#11313,10.);
#3714=VECTOR('',#11314,10.);
#3715=VECTOR('',#11315,10.);
#3716=VECTOR('',#11316,10.);
#3717=VECTOR('',#11317,10.);
#3718=VECTOR('',#11318,10.);
#3719=VECTOR('',#11321,10.);
#3720=VECTOR('',#11322,10.);
#3721=VECTOR('',#11323,10.);
#3722=VECTOR('',#11324,10.);
#3723=VECTOR('',#11325,10.);
#3724=VECTOR('',#11326,10.);
#3725=VECTOR('',#11327,10.);
#3726=VECTOR('',#11330,10.);
#3727=VECTOR('',#11331,10.);
#3728=VECTOR('',#11332,10.);
#3729=VECTOR('',#11335,10.);
#3730=VECTOR('',#11336,10.);
#3731=VECTOR('',#11337,10.);
#3732=VECTOR('',#11338,10.);
#3733=VECTOR('',#11339,10.);
#3734=VECTOR('',#11340,10.);
#3735=VECTOR('',#11343,10.);
#3736=VECTOR('',#11344,10.);
#3737=VECTOR('',#11345,10.);
#3738=VECTOR('',#11348,10.);
#3739=VECTOR('',#11349,10.);
#3740=VECTOR('',#11350,10.);
#3741=VECTOR('',#11353,10.);
#3742=VECTOR('',#11354,10.);
#3743=VECTOR('',#11357,10.);
#3744=VECTOR('',#11358,10.);
#3745=VECTOR('',#11359,10.);
#3746=VECTOR('',#11362,10.);
#3747=VECTOR('',#11363,10.);
#3748=VECTOR('',#11364,10.);
#3749=VECTOR('',#11365,10.);
#3750=VECTOR('',#11366,10.);
#3751=VECTOR('',#11367,10.);
#3752=VECTOR('',#11368,10.);
#3753=VECTOR('',#11369,10.);
#3754=VECTOR('',#11372,10.);
#3755=VECTOR('',#11373,10.);
#3756=VECTOR('',#11376,10.);
#3757=VECTOR('',#11377,10.);
#3758=VECTOR('',#11378,10.);
#3759=VECTOR('',#11379,10.);
#3760=VECTOR('',#11380,10.);
#3761=VECTOR('',#11383,10.);
#3762=VECTOR('',#11384,10.);
#3763=VECTOR('',#11387,10.);
#3764=VECTOR('',#11388,10.);
#3765=VECTOR('',#11391,10.);
#3766=VECTOR('',#11392,10.);
#3767=VECTOR('',#11393,10.);
#3768=VECTOR('',#11394,10.);
#3769=VECTOR('',#11395,10.);
#3770=VECTOR('',#11398,10.);
#3771=VECTOR('',#11399,10.);
#3772=VECTOR('',#11400,10.);
#3773=VECTOR('',#11401,10.);
#3774=VECTOR('',#11402,10.);
#3775=VECTOR('',#11405,10.);
#3776=VECTOR('',#11406,10.);
#3777=VECTOR('',#11409,10.);
#3778=VECTOR('',#11410,10.);
#3779=VECTOR('',#11413,10.);
#3780=VECTOR('',#11414,10.);
#3781=VECTOR('',#11415,10.);
#3782=VECTOR('',#11416,10.);
#3783=VECTOR('',#11419,10.);
#3784=VECTOR('',#11420,10.);
#3785=VECTOR('',#11421,10.);
#3786=VECTOR('',#11422,10.);
#3787=VECTOR('',#11423,10.);
#3788=VECTOR('',#11424,10.);
#3789=VECTOR('',#11427,10.);
#3790=VECTOR('',#11428,10.);
#3791=VECTOR('',#11429,10.);
#3792=VECTOR('',#11430,10.);
#3793=VECTOR('',#11431,10.);
#3794=VECTOR('',#11432,10.);
#3795=VECTOR('',#11433,10.);
#3796=VECTOR('',#11434,10.);
#3797=VECTOR('',#11437,10.);
#3798=VECTOR('',#11438,10.);
#3799=VECTOR('',#11439,10.);
#3800=VECTOR('',#11440,10.);
#3801=VECTOR('',#11441,10.);
#3802=VECTOR('',#11442,10.);
#3803=VECTOR('',#11443,10.);
#3804=VECTOR('',#11444,10.);
#3805=VECTOR('',#11445,10.);
#3806=VECTOR('',#11448,10.);
#3807=VECTOR('',#11449,10.);
#3808=VECTOR('',#11450,10.);
#3809=VECTOR('',#11451,10.);
#3810=VECTOR('',#11452,10.);
#3811=VECTOR('',#11453,10.);
#3812=VECTOR('',#11456,10.);
#3813=VECTOR('',#11457,10.);
#3814=VECTOR('',#11458,10.);
#3815=VECTOR('',#11459,10.);
#3816=VECTOR('',#11460,10.);
#3817=VECTOR('',#11465,10.);
#3818=VECTOR('',#11466,10.);
#3819=VECTOR('',#11467,10.);
#3820=VECTOR('',#11470,10.);
#3821=VECTOR('',#11471,10.);
#3822=VECTOR('',#11472,10.);
#3823=VECTOR('',#11475,10.);
#3824=VECTOR('',#11476,10.);
#3825=VECTOR('',#11479,10.);
#3826=VECTOR('',#11480,10.);
#3827=VECTOR('',#11481,10.);
#3828=VECTOR('',#11484,10.);
#3829=VECTOR('',#11487,10.);
#3830=VECTOR('',#11488,10.);
#3831=VECTOR('',#11491,10.);
#3832=VECTOR('',#11492,10.);
#3833=VECTOR('',#11493,10.);
#3834=VECTOR('',#11494,10.);
#3835=VECTOR('',#11497,10.);
#3836=VECTOR('',#11498,10.);
#3837=VECTOR('',#11501,10.);
#3838=VECTOR('',#11502,10.);
#3839=VECTOR('',#11505,10.);
#3840=VECTOR('',#11508,10.);
#3841=VECTOR('',#11513,10.);
#3842=VECTOR('',#11514,10.);
#3843=VECTOR('',#11515,10.);
#3844=VECTOR('',#11516,10.);
#3845=VECTOR('',#11517,10.);
#3846=VECTOR('',#11518,10.);
#3847=VECTOR('',#11519,10.);
#3848=VECTOR('',#11522,10.);
#3849=VECTOR('',#11525,10.);
#3850=VECTOR('',#11528,10.);
#3851=VECTOR('',#11529,10.);
#3852=VECTOR('',#11532,10.);
#3853=VECTOR('',#11533,10.);
#3854=VECTOR('',#11534,10.);
#3855=VECTOR('',#11537,10.);
#3856=VECTOR('',#11538,10.);
#3857=VECTOR('',#11539,10.);
#3858=VECTOR('',#11542,10.);
#3859=VECTOR('',#11543,10.);
#3860=VECTOR('',#11546,10.);
#3861=VECTOR('',#11547,10.);
#3862=VECTOR('',#11550,10.);
#3863=VECTOR('',#11551,10.);
#3864=VECTOR('',#11554,10.);
#3865=VECTOR('',#11555,10.);
#3866=VECTOR('',#11558,10.);
#3867=VECTOR('',#11559,10.);
#3868=VECTOR('',#11560,10.);
#3869=VECTOR('',#11563,10.);
#3870=VECTOR('',#11564,10.);
#3871=VECTOR('',#11565,10.);
#3872=VECTOR('',#11570,10.);
#3873=VECTOR('',#11571,10.);
#3874=VECTOR('',#11572,10.);
#3875=VECTOR('',#11577,10.);
#3876=VECTOR('',#11578,10.);
#3877=VECTOR('',#11581,10.);
#3878=VECTOR('',#11582,10.);
#3879=VECTOR('',#11585,10.);
#3880=VECTOR('',#11586,10.);
#3881=VECTOR('',#11589,10.);
#3882=VECTOR('',#11590,10.);
#3883=VECTOR('',#11595,10.);
#3884=VECTOR('',#11596,10.);
#3885=VECTOR('',#11597,10.);
#3886=VECTOR('',#11600,10.);
#3887=VECTOR('',#11601,10.);
#3888=VECTOR('',#11602,10.);
#3889=VECTOR('',#11603,10.);
#3890=VECTOR('',#11606,10.);
#3891=VECTOR('',#11607,10.);
#3892=VECTOR('',#11610,10.);
#3893=VECTOR('',#11615,10.);
#3894=VECTOR('',#11616,10.);
#3895=VECTOR('',#11619,10.);
#3896=VECTOR('',#11620,10.);
#3897=VECTOR('',#11621,10.);
#3898=VECTOR('',#11628,10.);
#3899=VECTOR('',#11629,10.);
#3900=VECTOR('',#11632,10.);
#3901=VECTOR('',#11633,10.);
#3902=VECTOR('',#11636,10.);
#3903=VECTOR('',#11639,10.);
#3904=VECTOR('',#11640,10.);
#3905=VECTOR('',#11643,10.);
#3906=VECTOR('',#11646,10.);
#3907=VECTOR('',#11649,10.);
#3908=VECTOR('',#11650,10.);
#3909=VECTOR('',#11653,10.);
#3910=VECTOR('',#11654,10.);
#3911=VECTOR('',#11657,10.);
#3912=VECTOR('',#11658,10.);
#3913=VECTOR('',#11661,10.);
#3914=VECTOR('',#11664,10.);
#3915=VECTOR('',#11667,10.);
#3916=VECTOR('',#11670,10.);
#3917=VECTOR('',#11673,10.);
#3918=VECTOR('',#11674,10.);
#3919=VECTOR('',#11675,10.);
#3920=VECTOR('',#11678,10.);
#3921=VECTOR('',#11679,10.);
#3922=VECTOR('',#11682,10.);
#3923=VECTOR('',#11683,10.);
#3924=VECTOR('',#11686,10.);
#3925=VECTOR('',#11689,10.);
#3926=VECTOR('',#11696,10.);
#3927=VECTOR('',#11697,10.);
#3928=VECTOR('',#11700,10.);
#3929=VECTOR('',#11701,10.);
#3930=VECTOR('',#11702,10.);
#3931=VECTOR('',#11705,10.);
#3932=VECTOR('',#11706,10.);
#3933=VECTOR('',#11707,10.);
#3934=VECTOR('',#11708,10.);
#3935=VECTOR('',#11709,10.);
#3936=VECTOR('',#11710,10.);
#3937=VECTOR('',#11711,10.);
#3938=VECTOR('',#11712,10.);
#3939=VECTOR('',#11713,10.);
#3940=VECTOR('',#11716,10.);
#3941=VECTOR('',#11721,10.);
#3942=VECTOR('',#11726,10.);
#3943=VECTOR('',#11727,10.);
#3944=VECTOR('',#11730,10.);
#3945=VECTOR('',#11735,10.);
#3946=VECTOR('',#11736,10.);
#3947=VECTOR('',#11737,10.);
#3948=VECTOR('',#11738,10.);
#3949=VECTOR('',#11743,10.);
#3950=VECTOR('',#11744,10.);
#3951=VECTOR('',#11747,10.);
#3952=VECTOR('',#11748,10.);
#3953=VECTOR('',#11751,10.);
#3954=VECTOR('',#11754,10.);
#3955=VECTOR('',#11755,10.);
#3956=VECTOR('',#11756,10.);
#3957=VECTOR('',#11759,10.);
#3958=VECTOR('',#11760,10.);
#3959=VECTOR('',#11763,10.);
#3960=VECTOR('',#11764,10.);
#3961=VECTOR('',#11767,10.);
#3962=CIRCLE('',#9768,2.19999999999999);
#3963=CIRCLE('',#9769,2.19999999999999);
#3964=CIRCLE('',#9772,2.20000000000001);
#3965=CIRCLE('',#9773,2.20000000000001);
#3966=CIRCLE('',#9775,2.20000000000001);
#3967=CIRCLE('',#9778,2.20000000000001);
#3968=CIRCLE('',#9779,2.20000000000001);
#3969=CIRCLE('',#9782,2.2);
#3970=CIRCLE('',#9783,2.2);
#3971=CIRCLE('',#9942,6.);
#3972=CIRCLE('',#9944,6.);
#3973=CIRCLE('',#9945,6.);
#3974=CIRCLE('',#9947,6.);
#3975=CIRCLE('',#9948,6.);
#3976=CIRCLE('',#10090,6.);
#3977=CIRCLE('',#10091,6.);
#3978=CIRCLE('',#10093,6.);
#3979=CIRCLE('',#10096,6.);
#3980=VERTEX_POINT('',#11774);
#3981=VERTEX_POINT('',#11776);
#3982=VERTEX_POINT('',#11781);
#3983=VERTEX_POINT('',#11782);
#3984=VERTEX_POINT('',#11784);
#3985=VERTEX_POINT('',#11786);
#3986=VERTEX_POINT('',#11790);
#3987=VERTEX_POINT('',#11793);
#3988=VERTEX_POINT('',#11797);
#3989=VERTEX_POINT('',#11799);
#3990=VERTEX_POINT('',#11804);
#3991=VERTEX_POINT('',#11806);
#3992=VERTEX_POINT('',#11811);
#3993=VERTEX_POINT('',#11813);
#3994=VERTEX_POINT('',#11815);
#3995=VERTEX_POINT('',#11817);
#3996=VERTEX_POINT('',#11819);
#3997=VERTEX_POINT('',#11823);
#3998=VERTEX_POINT('',#11824);
#3999=VERTEX_POINT('',#11826);
#4000=VERTEX_POINT('',#11828);
#4001=VERTEX_POINT('',#11832);
#4002=VERTEX_POINT('',#11834);
#4003=VERTEX_POINT('',#11838);
#4004=VERTEX_POINT('',#11839);
#4005=VERTEX_POINT('',#11841);
#4006=VERTEX_POINT('',#11843);
#4007=VERTEX_POINT('',#11853);
#4008=VERTEX_POINT('',#11854);
#4009=VERTEX_POINT('',#11856);
#4010=VERTEX_POINT('',#11858);
#4011=VERTEX_POINT('',#11862);
#4012=VERTEX_POINT('',#11864);
#4013=VERTEX_POINT('',#11868);
#4014=VERTEX_POINT('',#11869);
#4015=VERTEX_POINT('',#11871);
#4016=VERTEX_POINT('',#11873);
#4017=VERTEX_POINT('',#11883);
#4018=VERTEX_POINT('',#11884);
#4019=VERTEX_POINT('',#11886);
#4020=VERTEX_POINT('',#11888);
#4021=VERTEX_POINT('',#11892);
#4022=VERTEX_POINT('',#11894);
#4023=VERTEX_POINT('',#11898);
#4024=VERTEX_POINT('',#11899);
#4025=VERTEX_POINT('',#11901);
#4026=VERTEX_POINT('',#11903);
#4027=VERTEX_POINT('',#11913);
#4028=VERTEX_POINT('',#11914);
#4029=VERTEX_POINT('',#11916);
#4030=VERTEX_POINT('',#11918);
#4031=VERTEX_POINT('',#11922);
#4032=VERTEX_POINT('',#11924);
#4033=VERTEX_POINT('',#11928);
#4034=VERTEX_POINT('',#11929);
#4035=VERTEX_POINT('',#11931);
#4036=VERTEX_POINT('',#11933);
#4037=VERTEX_POINT('',#11943);
#4038=VERTEX_POINT('',#11944);
#4039=VERTEX_POINT('',#11946);
#4040=VERTEX_POINT('',#11948);
#4041=VERTEX_POINT('',#11952);
#4042=VERTEX_POINT('',#11954);
#4043=VERTEX_POINT('',#11958);
#4044=VERTEX_POINT('',#11959);
#4045=VERTEX_POINT('',#11961);
#4046=VERTEX_POINT('',#11963);
#4047=VERTEX_POINT('',#11973);
#4048=VERTEX_POINT('',#11974);
#4049=VERTEX_POINT('',#11976);
#4050=VERTEX_POINT('',#11978);
#4051=VERTEX_POINT('',#11982);
#4052=VERTEX_POINT('',#11984);
#4053=VERTEX_POINT('',#11988);
#4054=VERTEX_POINT('',#11989);
#4055=VERTEX_POINT('',#11991);
#4056=VERTEX_POINT('',#11993);
#4057=VERTEX_POINT('',#12003);
#4058=VERTEX_POINT('',#12004);
#4059=VERTEX_POINT('',#12006);
#4060=VERTEX_POINT('',#12008);
#4061=VERTEX_POINT('',#12012);
#4062=VERTEX_POINT('',#12014);
#4063=VERTEX_POINT('',#12018);
#4064=VERTEX_POINT('',#12019);
#4065=VERTEX_POINT('',#12021);
#4066=VERTEX_POINT('',#12023);
#4067=VERTEX_POINT('',#12033);
#4068=VERTEX_POINT('',#12034);
#4069=VERTEX_POINT('',#12036);
#4070=VERTEX_POINT('',#12038);
#4071=VERTEX_POINT('',#12042);
#4072=VERTEX_POINT('',#12044);
#4073=VERTEX_POINT('',#12048);
#4074=VERTEX_POINT('',#12049);
#4075=VERTEX_POINT('',#12051);
#4076=VERTEX_POINT('',#12053);
#4077=VERTEX_POINT('',#12063);
#4078=VERTEX_POINT('',#12064);
#4079=VERTEX_POINT('',#12066);
#4080=VERTEX_POINT('',#12068);
#4081=VERTEX_POINT('',#12072);
#4082=VERTEX_POINT('',#12074);
#4083=VERTEX_POINT('',#12078);
#4084=VERTEX_POINT('',#12079);
#4085=VERTEX_POINT('',#12081);
#4086=VERTEX_POINT('',#12083);
#4087=VERTEX_POINT('',#12093);
#4088=VERTEX_POINT('',#12094);
#4089=VERTEX_POINT('',#12096);
#4090=VERTEX_POINT('',#12098);
#4091=VERTEX_POINT('',#12102);
#4092=VERTEX_POINT('',#12104);
#4093=VERTEX_POINT('',#12108);
#4094=VERTEX_POINT('',#12109);
#4095=VERTEX_POINT('',#12111);
#4096=VERTEX_POINT('',#12113);
#4097=VERTEX_POINT('',#12123);
#4098=VERTEX_POINT('',#12124);
#4099=VERTEX_POINT('',#12126);
#4100=VERTEX_POINT('',#12128);
#4101=VERTEX_POINT('',#12132);
#4102=VERTEX_POINT('',#12134);
#4103=VERTEX_POINT('',#12138);
#4104=VERTEX_POINT('',#12139);
#4105=VERTEX_POINT('',#12141);
#4106=VERTEX_POINT('',#12143);
#4107=VERTEX_POINT('',#12153);
#4108=VERTEX_POINT('',#12154);
#4109=VERTEX_POINT('',#12156);
#4110=VERTEX_POINT('',#12158);
#4111=VERTEX_POINT('',#12162);
#4112=VERTEX_POINT('',#12164);
#4113=VERTEX_POINT('',#12168);
#4114=VERTEX_POINT('',#12169);
#4115=VERTEX_POINT('',#12171);
#4116=VERTEX_POINT('',#12173);
#4117=VERTEX_POINT('',#12183);
#4118=VERTEX_POINT('',#12184);
#4119=VERTEX_POINT('',#12186);
#4120=VERTEX_POINT('',#12188);
#4121=VERTEX_POINT('',#12192);
#4122=VERTEX_POINT('',#12194);
#4123=VERTEX_POINT('',#12198);
#4124=VERTEX_POINT('',#12199);
#4125=VERTEX_POINT('',#12201);
#4126=VERTEX_POINT('',#12203);
#4127=VERTEX_POINT('',#12213);
#4128=VERTEX_POINT('',#12214);
#4129=VERTEX_POINT('',#12216);
#4130=VERTEX_POINT('',#12218);
#4131=VERTEX_POINT('',#12222);
#4132=VERTEX_POINT('',#12224);
#4133=VERTEX_POINT('',#12228);
#4134=VERTEX_POINT('',#12229);
#4135=VERTEX_POINT('',#12231);
#4136=VERTEX_POINT('',#12233);
#4137=VERTEX_POINT('',#12243);
#4138=VERTEX_POINT('',#12244);
#4139=VERTEX_POINT('',#12246);
#4140=VERTEX_POINT('',#12248);
#4141=VERTEX_POINT('',#12250);
#4142=VERTEX_POINT('',#12258);
#4143=VERTEX_POINT('',#12262);
#4144=VERTEX_POINT('',#12266);
#4145=VERTEX_POINT('',#12267);
#4146=VERTEX_POINT('',#12269);
#4147=VERTEX_POINT('',#12271);
#4148=VERTEX_POINT('',#12275);
#4149=VERTEX_POINT('',#12277);
#4150=VERTEX_POINT('',#12281);
#4151=VERTEX_POINT('',#12282);
#4152=VERTEX_POINT('',#12284);
#4153=VERTEX_POINT('',#12286);
#4154=VERTEX_POINT('',#12296);
#4155=VERTEX_POINT('',#12297);
#4156=VERTEX_POINT('',#12299);
#4157=VERTEX_POINT('',#12301);
#4158=VERTEX_POINT('',#12305);
#4159=VERTEX_POINT('',#12307);
#4160=VERTEX_POINT('',#12311);
#4161=VERTEX_POINT('',#12312);
#4162=VERTEX_POINT('',#12314);
#4163=VERTEX_POINT('',#12316);
#4164=VERTEX_POINT('',#12326);
#4165=VERTEX_POINT('',#12327);
#4166=VERTEX_POINT('',#12329);
#4167=VERTEX_POINT('',#12331);
#4168=VERTEX_POINT('',#12335);
#4169=VERTEX_POINT('',#12337);
#4170=VERTEX_POINT('',#12341);
#4171=VERTEX_POINT('',#12342);
#4172=VERTEX_POINT('',#12344);
#4173=VERTEX_POINT('',#12346);
#4174=VERTEX_POINT('',#12356);
#4175=VERTEX_POINT('',#12357);
#4176=VERTEX_POINT('',#12359);
#4177=VERTEX_POINT('',#12361);
#4178=VERTEX_POINT('',#12365);
#4179=VERTEX_POINT('',#12367);
#4180=VERTEX_POINT('',#12371);
#4181=VERTEX_POINT('',#12372);
#4182=VERTEX_POINT('',#12374);
#4183=VERTEX_POINT('',#12376);
#4184=VERTEX_POINT('',#12386);
#4185=VERTEX_POINT('',#12387);
#4186=VERTEX_POINT('',#12389);
#4187=VERTEX_POINT('',#12391);
#4188=VERTEX_POINT('',#12395);
#4189=VERTEX_POINT('',#12397);
#4190=VERTEX_POINT('',#12401);
#4191=VERTEX_POINT('',#12402);
#4192=VERTEX_POINT('',#12404);
#4193=VERTEX_POINT('',#12406);
#4194=VERTEX_POINT('',#12416);
#4195=VERTEX_POINT('',#12417);
#4196=VERTEX_POINT('',#12419);
#4197=VERTEX_POINT('',#12421);
#4198=VERTEX_POINT('',#12425);
#4199=VERTEX_POINT('',#12427);
#4200=VERTEX_POINT('',#12431);
#4201=VERTEX_POINT('',#12432);
#4202=VERTEX_POINT('',#12434);
#4203=VERTEX_POINT('',#12436);
#4204=VERTEX_POINT('',#12446);
#4205=VERTEX_POINT('',#12447);
#4206=VERTEX_POINT('',#12449);
#4207=VERTEX_POINT('',#12451);
#4208=VERTEX_POINT('',#12455);
#4209=VERTEX_POINT('',#12457);
#4210=VERTEX_POINT('',#12461);
#4211=VERTEX_POINT('',#12462);
#4212=VERTEX_POINT('',#12464);
#4213=VERTEX_POINT('',#12466);
#4214=VERTEX_POINT('',#12476);
#4215=VERTEX_POINT('',#12477);
#4216=VERTEX_POINT('',#12479);
#4217=VERTEX_POINT('',#12481);
#4218=VERTEX_POINT('',#12485);
#4219=VERTEX_POINT('',#12487);
#4220=VERTEX_POINT('',#12491);
#4221=VERTEX_POINT('',#12492);
#4222=VERTEX_POINT('',#12494);
#4223=VERTEX_POINT('',#12496);
#4224=VERTEX_POINT('',#12506);
#4225=VERTEX_POINT('',#12507);
#4226=VERTEX_POINT('',#12509);
#4227=VERTEX_POINT('',#12511);
#4228=VERTEX_POINT('',#12515);
#4229=VERTEX_POINT('',#12517);
#4230=VERTEX_POINT('',#12521);
#4231=VERTEX_POINT('',#12522);
#4232=VERTEX_POINT('',#12524);
#4233=VERTEX_POINT('',#12526);
#4234=VERTEX_POINT('',#12536);
#4235=VERTEX_POINT('',#12537);
#4236=VERTEX_POINT('',#12539);
#4237=VERTEX_POINT('',#12541);
#4238=VERTEX_POINT('',#12545);
#4239=VERTEX_POINT('',#12547);
#4240=VERTEX_POINT('',#12551);
#4241=VERTEX_POINT('',#12552);
#4242=VERTEX_POINT('',#12554);
#4243=VERTEX_POINT('',#12556);
#4244=VERTEX_POINT('',#12566);
#4245=VERTEX_POINT('',#12567);
#4246=VERTEX_POINT('',#12569);
#4247=VERTEX_POINT('',#12571);
#4248=VERTEX_POINT('',#12575);
#4249=VERTEX_POINT('',#12577);
#4250=VERTEX_POINT('',#12581);
#4251=VERTEX_POINT('',#12582);
#4252=VERTEX_POINT('',#12584);
#4253=VERTEX_POINT('',#12586);
#4254=VERTEX_POINT('',#12596);
#4255=VERTEX_POINT('',#12597);
#4256=VERTEX_POINT('',#12599);
#4257=VERTEX_POINT('',#12601);
#4258=VERTEX_POINT('',#12605);
#4259=VERTEX_POINT('',#12607);
#4260=VERTEX_POINT('',#12611);
#4261=VERTEX_POINT('',#12612);
#4262=VERTEX_POINT('',#12614);
#4263=VERTEX_POINT('',#12616);
#4264=VERTEX_POINT('',#12626);
#4265=VERTEX_POINT('',#12627);
#4266=VERTEX_POINT('',#12629);
#4267=VERTEX_POINT('',#12631);
#4268=VERTEX_POINT('',#12635);
#4269=VERTEX_POINT('',#12637);
#4270=VERTEX_POINT('',#12641);
#4271=VERTEX_POINT('',#12642);
#4272=VERTEX_POINT('',#12644);
#4273=VERTEX_POINT('',#12646);
#4274=VERTEX_POINT('',#12656);
#4275=VERTEX_POINT('',#12657);
#4276=VERTEX_POINT('',#12659);
#4277=VERTEX_POINT('',#12661);
#4278=VERTEX_POINT('',#12665);
#4279=VERTEX_POINT('',#12667);
#4280=VERTEX_POINT('',#12671);
#4281=VERTEX_POINT('',#12672);
#4282=VERTEX_POINT('',#12674);
#4283=VERTEX_POINT('',#12676);
#4284=VERTEX_POINT('',#12686);
#4285=VERTEX_POINT('',#12687);
#4286=VERTEX_POINT('',#12689);
#4287=VERTEX_POINT('',#12691);
#4288=VERTEX_POINT('',#12695);
#4289=VERTEX_POINT('',#12696);
#4290=VERTEX_POINT('',#12698);
#4291=VERTEX_POINT('',#12700);
#4292=VERTEX_POINT('',#12708);
#4293=VERTEX_POINT('',#12709);
#4294=VERTEX_POINT('',#12711);
#4295=VERTEX_POINT('',#12718);
#4296=VERTEX_POINT('',#12720);
#4297=VERTEX_POINT('',#12722);
#4298=VERTEX_POINT('',#12724);
#4299=VERTEX_POINT('',#12730);
#4300=VERTEX_POINT('',#12732);
#4301=VERTEX_POINT('',#12734);
#4302=VERTEX_POINT('',#12738);
#4303=VERTEX_POINT('',#12740);
#4304=VERTEX_POINT('',#12742);
#4305=VERTEX_POINT('',#12748);
#4306=VERTEX_POINT('',#12750);
#4307=VERTEX_POINT('',#12752);
#4308=VERTEX_POINT('',#12754);
#4309=VERTEX_POINT('',#12758);
#4310=VERTEX_POINT('',#12762);
#4311=VERTEX_POINT('',#12766);
#4312=VERTEX_POINT('',#12768);
#4313=VERTEX_POINT('',#12770);
#4314=VERTEX_POINT('',#12774);
#4315=VERTEX_POINT('',#12778);
#4316=VERTEX_POINT('',#12782);
#4317=VERTEX_POINT('',#12784);
#4318=VERTEX_POINT('',#12786);
#4319=VERTEX_POINT('',#12788);
#4320=VERTEX_POINT('',#12792);
#4321=VERTEX_POINT('',#12796);
#4322=VERTEX_POINT('',#12800);
#4323=VERTEX_POINT('',#12802);
#4324=VERTEX_POINT('',#12806);
#4325=VERTEX_POINT('',#12810);
#4326=VERTEX_POINT('',#12814);
#4327=VERTEX_POINT('',#12816);
#4328=VERTEX_POINT('',#12818);
#4329=VERTEX_POINT('',#12820);
#4330=VERTEX_POINT('',#12824);
#4331=VERTEX_POINT('',#12828);
#4332=VERTEX_POINT('',#12832);
#4333=VERTEX_POINT('',#12834);
#4334=VERTEX_POINT('',#12836);
#4335=VERTEX_POINT('',#12840);
#4336=VERTEX_POINT('',#12844);
#4337=VERTEX_POINT('',#12848);
#4338=VERTEX_POINT('',#12941);
#4339=VERTEX_POINT('',#12942);
#4340=VERTEX_POINT('',#12947);
#4341=VERTEX_POINT('',#12949);
#4342=VERTEX_POINT('',#12953);
#4343=VERTEX_POINT('',#12955);
#4344=VERTEX_POINT('',#12969);
#4345=VERTEX_POINT('',#12970);
#4346=VERTEX_POINT('',#12975);
#4347=VERTEX_POINT('',#12977);
#4348=VERTEX_POINT('',#12981);
#4349=VERTEX_POINT('',#12983);
#4350=VERTEX_POINT('',#12992);
#4351=VERTEX_POINT('',#12993);
#4352=VERTEX_POINT('',#12995);
#4353=VERTEX_POINT('',#12997);
#4354=VERTEX_POINT('',#13006);
#4355=VERTEX_POINT('',#13011);
#4356=VERTEX_POINT('',#13015);
#4357=VERTEX_POINT('',#13017);
#4358=VERTEX_POINT('',#13026);
#4359=VERTEX_POINT('',#13027);
#4360=VERTEX_POINT('',#13030);
#4361=VERTEX_POINT('',#13032);
#4362=VERTEX_POINT('',#13041);
#4363=VERTEX_POINT('',#13042);
#4364=VERTEX_POINT('',#13047);
#4365=VERTEX_POINT('',#13049);
#4366=VERTEX_POINT('',#13053);
#4367=VERTEX_POINT('',#13055);
#4368=VERTEX_POINT('',#13064);
#4369=VERTEX_POINT('',#13066);
#4370=VERTEX_POINT('',#13075);
#4371=VERTEX_POINT('',#13080);
#4372=VERTEX_POINT('',#13084);
#4373=VERTEX_POINT('',#13086);
#4374=VERTEX_POINT('',#13100);
#4375=VERTEX_POINT('',#13101);
#4376=VERTEX_POINT('',#13105);
#4377=VERTEX_POINT('',#13107);
#4378=VERTEX_POINT('',#13118);
#4379=VERTEX_POINT('',#13122);
#4380=VERTEX_POINT('',#13133);
#4381=VERTEX_POINT('',#13137);
#4382=VERTEX_POINT('',#13148);
#4383=VERTEX_POINT('',#13152);
#4384=VERTEX_POINT('',#13163);
#4385=VERTEX_POINT('',#13167);
#4386=VERTEX_POINT('',#13190);
#4387=VERTEX_POINT('',#13194);
#4388=VERTEX_POINT('',#13206);
#4389=VERTEX_POINT('',#13210);
#4390=VERTEX_POINT('',#13222);
#4391=VERTEX_POINT('',#13226);
#4392=VERTEX_POINT('',#13237);
#4393=VERTEX_POINT('',#13241);
#4394=VERTEX_POINT('',#13252);
#4395=VERTEX_POINT('',#13256);
#4396=VERTEX_POINT('',#13262);
#4397=VERTEX_POINT('',#13264);
#4398=VERTEX_POINT('',#13273);
#4399=VERTEX_POINT('',#13277);
#4400=VERTEX_POINT('',#13288);
#4401=VERTEX_POINT('',#13292);
#4402=VERTEX_POINT('',#13303);
#4403=VERTEX_POINT('',#13307);
#4404=VERTEX_POINT('',#13330);
#4405=VERTEX_POINT('',#13337);
#4406=VERTEX_POINT('',#13342);
#4407=VERTEX_POINT('',#13346);
#4408=VERTEX_POINT('',#13357);
#4409=VERTEX_POINT('',#13361);
#4410=VERTEX_POINT('',#13372);
#4411=VERTEX_POINT('',#13376);
#4412=VERTEX_POINT('',#13387);
#4413=VERTEX_POINT('',#13391);
#4414=VERTEX_POINT('',#13402);
#4415=VERTEX_POINT('',#13406);
#4416=VERTEX_POINT('',#13417);
#4417=VERTEX_POINT('',#13421);
#4418=VERTEX_POINT('',#13432);
#4419=VERTEX_POINT('',#13436);
#4420=VERTEX_POINT('',#13447);
#4421=VERTEX_POINT('',#13451);
#4422=VERTEX_POINT('',#13475);
#4423=VERTEX_POINT('',#13479);
#4424=VERTEX_POINT('',#13490);
#4425=VERTEX_POINT('',#13495);
#4426=VERTEX_POINT('',#13506);
#4427=VERTEX_POINT('',#13511);
#4428=VERTEX_POINT('',#13522);
#4429=VERTEX_POINT('',#13529);
#4430=VERTEX_POINT('',#13546);
#4431=VERTEX_POINT('',#13550);
#4432=VERTEX_POINT('',#13561);
#4433=VERTEX_POINT('',#13566);
#4434=VERTEX_POINT('',#13571);
#4435=VERTEX_POINT('',#13575);
#4436=VERTEX_POINT('',#13586);
#4437=VERTEX_POINT('',#13590);
#4438=VERTEX_POINT('',#13613);
#4439=VERTEX_POINT('',#13617);
#4440=VERTEX_POINT('',#13623);
#4441=VERTEX_POINT('',#13625);
#4442=VERTEX_POINT('',#13646);
#4443=VERTEX_POINT('',#13651);
#4444=VERTEX_POINT('',#13662);
#4445=VERTEX_POINT('',#13667);
#4446=VERTEX_POINT('',#13678);
#4447=VERTEX_POINT('',#13687);
#4448=VERTEX_POINT('',#13698);
#4449=VERTEX_POINT('',#13703);
#4450=VERTEX_POINT('',#13714);
#4451=VERTEX_POINT('',#13719);
#4452=VERTEX_POINT('',#13724);
#4453=VERTEX_POINT('',#13728);
#4454=VERTEX_POINT('',#13739);
#4455=VERTEX_POINT('',#13743);
#4456=VERTEX_POINT('',#13754);
#4457=VERTEX_POINT('',#13758);
#4458=VERTEX_POINT('',#13769);
#4459=VERTEX_POINT('',#13773);
#4460=VERTEX_POINT('',#13794);
#4461=VERTEX_POINT('',#13795);
#4462=VERTEX_POINT('',#13797);
#4463=VERTEX_POINT('',#13799);
#4464=VERTEX_POINT('',#13820);
#4465=VERTEX_POINT('',#13824);
#4466=VERTEX_POINT('',#13835);
#4467=VERTEX_POINT('',#13839);
#4468=VERTEX_POINT('',#13850);
#4469=VERTEX_POINT('',#13854);
#4470=VERTEX_POINT('',#13865);
#4471=VERTEX_POINT('',#13869);
#4472=VERTEX_POINT('',#13880);
#4473=VERTEX_POINT('',#13884);
#4474=VERTEX_POINT('',#13895);
#4475=VERTEX_POINT('',#13899);
#4476=VERTEX_POINT('',#13910);
#4477=VERTEX_POINT('',#13914);
#4478=VERTEX_POINT('',#13925);
#4479=VERTEX_POINT('',#13929);
#4480=VERTEX_POINT('',#13940);
#4481=VERTEX_POINT('',#13944);
#4482=VERTEX_POINT('',#13955);
#4483=VERTEX_POINT('',#13959);
#4484=VERTEX_POINT('',#13970);
#4485=VERTEX_POINT('',#13974);
#4486=VERTEX_POINT('',#13985);
#4487=VERTEX_POINT('',#13989);
#4488=VERTEX_POINT('',#14000);
#4489=VERTEX_POINT('',#14004);
#4490=VERTEX_POINT('',#14015);
#4491=VERTEX_POINT('',#14019);
#4492=VERTEX_POINT('',#14030);
#4493=VERTEX_POINT('',#14034);
#4494=VERTEX_POINT('',#14045);
#4495=VERTEX_POINT('',#14049);
#4496=VERTEX_POINT('',#14085);
#4497=VERTEX_POINT('',#14086);
#4498=VERTEX_POINT('',#14091);
#4499=VERTEX_POINT('',#14093);
#4500=VERTEX_POINT('',#14104);
#4501=VERTEX_POINT('',#14109);
#4502=VERTEX_POINT('',#14113);
#4503=VERTEX_POINT('',#14115);
#4504=VERTEX_POINT('',#14129);
#4505=VERTEX_POINT('',#14130);
#4506=VERTEX_POINT('',#14135);
#4507=VERTEX_POINT('',#14139);
#4508=VERTEX_POINT('',#14141);
#4509=VERTEX_POINT('',#14145);
#4510=VERTEX_POINT('',#14157);
#4511=VERTEX_POINT('',#14162);
#4512=VERTEX_POINT('',#14173);
#4513=VERTEX_POINT('',#14178);
#4514=VERTEX_POINT('',#14189);
#4515=VERTEX_POINT('',#14194);
#4516=VERTEX_POINT('',#14198);
#4517=VERTEX_POINT('',#14200);
#4518=VERTEX_POINT('',#14214);
#4519=VERTEX_POINT('',#14215);
#4520=VERTEX_POINT('',#14219);
#4521=VERTEX_POINT('',#14221);
#4522=VERTEX_POINT('',#14232);
#4523=VERTEX_POINT('',#14236);
#4524=VERTEX_POINT('',#14259);
#4525=VERTEX_POINT('',#14264);
#4526=VERTEX_POINT('',#14269);
#4527=VERTEX_POINT('',#14273);
#4528=VERTEX_POINT('',#14284);
#4529=VERTEX_POINT('',#14288);
#4530=VERTEX_POINT('',#14299);
#4531=VERTEX_POINT('',#14303);
#4532=VERTEX_POINT('',#14314);
#4533=VERTEX_POINT('',#14318);
#4534=VERTEX_POINT('',#14329);
#4535=VERTEX_POINT('',#14333);
#4536=VERTEX_POINT('',#14347);
#4537=VERTEX_POINT('',#14351);
#4538=VERTEX_POINT('',#14362);
#4539=VERTEX_POINT('',#14366);
#4540=VERTEX_POINT('',#14377);
#4541=VERTEX_POINT('',#14381);
#4542=VERTEX_POINT('',#14392);
#4543=VERTEX_POINT('',#14393);
#4544=VERTEX_POINT('',#14398);
#4545=VERTEX_POINT('',#14405);
#4546=VERTEX_POINT('',#14419);
#4547=VERTEX_POINT('',#14424);
#4548=VERTEX_POINT('',#14429);
#4549=VERTEX_POINT('',#14433);
#4550=VERTEX_POINT('',#14444);
#4551=VERTEX_POINT('',#14448);
#4552=VERTEX_POINT('',#14459);
#4553=VERTEX_POINT('',#14460);
#4554=VERTEX_POINT('',#14465);
#4555=VERTEX_POINT('',#14474);
#4556=VERTEX_POINT('',#14483);
#4557=VERTEX_POINT('',#14485);
#4558=VERTEX_POINT('',#14487);
#4559=VERTEX_POINT('',#14489);
#4560=VERTEX_POINT('',#14511);
#4561=VERTEX_POINT('',#14512);
#4562=VERTEX_POINT('',#14517);
#4563=VERTEX_POINT('',#14519);
#4564=VERTEX_POINT('',#14523);
#4565=VERTEX_POINT('',#14525);
#4566=VERTEX_POINT('',#14539);
#4567=VERTEX_POINT('',#14543);
#4568=VERTEX_POINT('',#14549);
#4569=VERTEX_POINT('',#14551);
#4570=VERTEX_POINT('',#14560);
#4571=VERTEX_POINT('',#14565);
#4572=VERTEX_POINT('',#14576);
#4573=VERTEX_POINT('',#14587);
#4574=VERTEX_POINT('',#14592);
#4575=VERTEX_POINT('',#14596);
#4576=VERTEX_POINT('',#14607);
#4577=VERTEX_POINT('',#14611);
#4578=VERTEX_POINT('',#14635);
#4579=VERTEX_POINT('',#14636);
#4580=VERTEX_POINT('',#14641);
#4581=VERTEX_POINT('',#14645);
#4582=VERTEX_POINT('',#14647);
#4583=VERTEX_POINT('',#14651);
#4584=VERTEX_POINT('',#14665);
#4585=VERTEX_POINT('',#14670);
#4586=VERTEX_POINT('',#14681);
#4587=VERTEX_POINT('',#14686);
#4588=VERTEX_POINT('',#14690);
#4589=VERTEX_POINT('',#14692);
#4590=VERTEX_POINT('',#14706);
#4591=VERTEX_POINT('',#14707);
#4592=VERTEX_POINT('',#14712);
#4593=VERTEX_POINT('',#14714);
#4594=VERTEX_POINT('',#14718);
#4595=VERTEX_POINT('',#14720);
#4596=VERTEX_POINT('',#14734);
#4597=VERTEX_POINT('',#14735);
#4598=VERTEX_POINT('',#14740);
#4599=VERTEX_POINT('',#14742);
#4600=VERTEX_POINT('',#14746);
#4601=VERTEX_POINT('',#14748);
#4602=VERTEX_POINT('',#14762);
#4603=VERTEX_POINT('',#14766);
#4604=VERTEX_POINT('',#14772);
#4605=VERTEX_POINT('',#14774);
#4606=VERTEX_POINT('',#14783);
#4607=VERTEX_POINT('',#14787);
#4608=VERTEX_POINT('',#14798);
#4609=VERTEX_POINT('',#14802);
#4610=VERTEX_POINT('',#14808);
#4611=VERTEX_POINT('',#14810);
#4612=VERTEX_POINT('',#14819);
#4613=VERTEX_POINT('',#14823);
#4614=VERTEX_POINT('',#14834);
#4615=VERTEX_POINT('',#14838);
#4616=VERTEX_POINT('',#14844);
#4617=VERTEX_POINT('',#14846);
#4618=VERTEX_POINT('',#14855);
#4619=VERTEX_POINT('',#14859);
#4620=VERTEX_POINT('',#14870);
#4621=VERTEX_POINT('',#14871);
#4622=VERTEX_POINT('',#14876);
#4623=VERTEX_POINT('',#14881);
#4624=VERTEX_POINT('',#14895);
#4625=VERTEX_POINT('',#14900);
#4626=VERTEX_POINT('',#14911);
#4627=VERTEX_POINT('',#14916);
#4628=VERTEX_POINT('',#14921);
#4629=VERTEX_POINT('',#14925);
#4630=VERTEX_POINT('',#14936);
#4631=VERTEX_POINT('',#14940);
#4632=VERTEX_POINT('',#14961);
#4633=VERTEX_POINT('',#14962);
#4634=VERTEX_POINT('',#14964);
#4635=VERTEX_POINT('',#14966);
#4636=VERTEX_POINT('',#14987);
#4637=VERTEX_POINT('',#14991);
#4638=VERTEX_POINT('',#14997);
#4639=VERTEX_POINT('',#14999);
#4640=VERTEX_POINT('',#15008);
#4641=VERTEX_POINT('',#15012);
#4642=VERTEX_POINT('',#15023);
#4643=VERTEX_POINT('',#15027);
#4644=VERTEX_POINT('',#15038);
#4645=VERTEX_POINT('',#15042);
#4646=VERTEX_POINT('',#15053);
#4647=VERTEX_POINT('',#15057);
#4648=VERTEX_POINT('',#15068);
#4649=VERTEX_POINT('',#15072);
#4650=VERTEX_POINT('',#15083);
#4651=VERTEX_POINT('',#15087);
#4652=VERTEX_POINT('',#15099);
#4653=VERTEX_POINT('',#15103);
#4654=VERTEX_POINT('',#15115);
#4655=VERTEX_POINT('',#15119);
#4656=VERTEX_POINT('',#15130);
#4657=VERTEX_POINT('',#15134);
#4658=VERTEX_POINT('',#15145);
#4659=VERTEX_POINT('',#15149);
#4660=VERTEX_POINT('',#15155);
#4661=VERTEX_POINT('',#15157);
#4662=VERTEX_POINT('',#15166);
#4663=VERTEX_POINT('',#15170);
#4664=VERTEX_POINT('',#15193);
#4665=VERTEX_POINT('',#15198);
#4666=VERTEX_POINT('',#15203);
#4667=VERTEX_POINT('',#15207);
#4668=VERTEX_POINT('',#15238);
#4669=VERTEX_POINT('',#15239);
#4670=VERTEX_POINT('',#15241);
#4671=VERTEX_POINT('',#15243);
#4672=VERTEX_POINT('',#15264);
#4673=VERTEX_POINT('',#15268);
#4674=VERTEX_POINT('',#15279);
#4675=VERTEX_POINT('',#15283);
#4676=VERTEX_POINT('',#15306);
#4677=VERTEX_POINT('',#15311);
#4678=VERTEX_POINT('',#15322);
#4679=VERTEX_POINT('',#15327);
#4680=VERTEX_POINT('',#15332);
#4681=VERTEX_POINT('',#15336);
#4682=VERTEX_POINT('',#15347);
#4683=VERTEX_POINT('',#15351);
#4684=VERTEX_POINT('',#15362);
#4685=VERTEX_POINT('',#15366);
#4686=VERTEX_POINT('',#15377);
#4687=VERTEX_POINT('',#15381);
#4688=VERTEX_POINT('',#15392);
#4689=VERTEX_POINT('',#15396);
#4690=VERTEX_POINT('',#15407);
#4691=VERTEX_POINT('',#15411);
#4692=VERTEX_POINT('',#15417);
#4693=VERTEX_POINT('',#15419);
#4694=VERTEX_POINT('',#15428);
#4695=VERTEX_POINT('',#15432);
#4696=VERTEX_POINT('',#15443);
#4697=VERTEX_POINT('',#15447);
#4698=VERTEX_POINT('',#15458);
#4699=VERTEX_POINT('',#15462);
#4700=VERTEX_POINT('',#15468);
#4701=VERTEX_POINT('',#15470);
#4702=VERTEX_POINT('',#15479);
#4703=VERTEX_POINT('',#15483);
#4704=VERTEX_POINT('',#15494);
#4705=VERTEX_POINT('',#15498);
#4706=VERTEX_POINT('',#15509);
#4707=VERTEX_POINT('',#15513);
#4708=VERTEX_POINT('',#15524);
#4709=VERTEX_POINT('',#15528);
#4710=VERTEX_POINT('',#15534);
#4711=VERTEX_POINT('',#15536);
#4712=VERTEX_POINT('',#15540);
#4713=VERTEX_POINT('',#15542);
#4714=VERTEX_POINT('',#15551);
#4715=VERTEX_POINT('',#15555);
#4716=VERTEX_POINT('',#15566);
#4717=VERTEX_POINT('',#15570);
#4718=VERTEX_POINT('',#15581);
#4719=VERTEX_POINT('',#15585);
#4720=VERTEX_POINT('',#15591);
#4721=VERTEX_POINT('',#15593);
#4722=VERTEX_POINT('',#15597);
#4723=VERTEX_POINT('',#15599);
#4724=VERTEX_POINT('',#15633);
#4725=VERTEX_POINT('',#15634);
#4726=VERTEX_POINT('',#15639);
#4727=VERTEX_POINT('',#15641);
#4728=VERTEX_POINT('',#15651);
#4729=VERTEX_POINT('',#15653);
#4730=VERTEX_POINT('',#15657);
#4731=VERTEX_POINT('',#15666);
#4732=VERTEX_POINT('',#15686);
#4733=VERTEX_POINT('',#15691);
#4734=VERTEX_POINT('',#15702);
#4735=VERTEX_POINT('',#15707);
#4736=VERTEX_POINT('',#15718);
#4737=VERTEX_POINT('',#15729);
#4738=VERTEX_POINT('',#15740);
#4739=VERTEX_POINT('',#15751);
#4740=VERTEX_POINT('',#15757);
#4741=VERTEX_POINT('',#15761);
#4742=VERTEX_POINT('',#15770);
#4743=VERTEX_POINT('',#15781);
#4744=VERTEX_POINT('',#15792);
#4745=VERTEX_POINT('',#15798);
#4746=VERTEX_POINT('',#15802);
#4747=VERTEX_POINT('',#15806);
#4748=VERTEX_POINT('',#15815);
#4749=VERTEX_POINT('',#15826);
#4750=VERTEX_POINT('',#15837);
#4751=VERTEX_POINT('',#15843);
#4752=VERTEX_POINT('',#15852);
#4753=VERTEX_POINT('',#15863);
#4754=VERTEX_POINT('',#15874);
#4755=VERTEX_POINT('',#15880);
#4756=VERTEX_POINT('',#15884);
#4757=VERTEX_POINT('',#15888);
#4758=VERTEX_POINT('',#15897);
#4759=VERTEX_POINT('',#15908);
#4760=VERTEX_POINT('',#15929);
#4761=VERTEX_POINT('',#15930);
#4762=VERTEX_POINT('',#15935);
#4763=VERTEX_POINT('',#15937);
#4764=VERTEX_POINT('',#15941);
#4765=VERTEX_POINT('',#15943);
#4766=VERTEX_POINT('',#15957);
#4767=VERTEX_POINT('',#15958);
#4768=VERTEX_POINT('',#15962);
#4769=VERTEX_POINT('',#15964);
#4770=VERTEX_POINT('',#15975);
#4771=VERTEX_POINT('',#15979);
#4772=VERTEX_POINT('',#15990);
#4773=VERTEX_POINT('',#15994);
#4774=VERTEX_POINT('',#16000);
#4775=VERTEX_POINT('',#16002);
#4776=VERTEX_POINT('',#16011);
#4777=VERTEX_POINT('',#16015);
#4778=VERTEX_POINT('',#16026);
#4779=VERTEX_POINT('',#16030);
#4780=VERTEX_POINT('',#16053);
#4781=VERTEX_POINT('',#16054);
#4782=VERTEX_POINT('',#16058);
#4783=VERTEX_POINT('',#16060);
#4784=VERTEX_POINT('',#16071);
#4785=VERTEX_POINT('',#16075);
#4786=VERTEX_POINT('',#16081);
#4787=VERTEX_POINT('',#16083);
#4788=VERTEX_POINT('',#16092);
#4789=VERTEX_POINT('',#16096);
#4790=VERTEX_POINT('',#16107);
#4791=VERTEX_POINT('',#16111);
#4792=VERTEX_POINT('',#16122);
#4793=VERTEX_POINT('',#16126);
#4794=VERTEX_POINT('',#16137);
#4795=VERTEX_POINT('',#16141);
#4796=VERTEX_POINT('',#16152);
#4797=VERTEX_POINT('',#16156);
#4798=VERTEX_POINT('',#16167);
#4799=VERTEX_POINT('',#16171);
#4800=VERTEX_POINT('',#16185);
#4801=VERTEX_POINT('',#16190);
#4802=VERTEX_POINT('',#16201);
#4803=VERTEX_POINT('',#16206);
#4804=VERTEX_POINT('',#16217);
#4805=VERTEX_POINT('',#16222);
#4806=VERTEX_POINT('',#16233);
#4807=VERTEX_POINT('',#16238);
#4808=VERTEX_POINT('',#16243);
#4809=VERTEX_POINT('',#16247);
#4810=VERTEX_POINT('',#16253);
#4811=VERTEX_POINT('',#16255);
#4812=VERTEX_POINT('',#16264);
#4813=VERTEX_POINT('',#16268);
#4814=VERTEX_POINT('',#16279);
#4815=VERTEX_POINT('',#16283);
#4816=VERTEX_POINT('',#16302);
#4817=VERTEX_POINT('',#16307);
#4818=VERTEX_POINT('',#16309);
#4819=VERTEX_POINT('',#16316);
#4820=VERTEX_POINT('',#16318);
#4821=VERTEX_POINT('',#16324);
#4822=VERTEX_POINT('',#16328);
#4823=VERTEX_POINT('',#16330);
#4824=VERTEX_POINT('',#16332);
#4825=VERTEX_POINT('',#16336);
#4826=VERTEX_POINT('',#16340);
#4827=VERTEX_POINT('',#16349);
#4828=VERTEX_POINT('',#16351);
#4829=VERTEX_POINT('',#16355);
#4830=VERTEX_POINT('',#16357);
#4831=VERTEX_POINT('',#16365);
#4832=VERTEX_POINT('',#16369);
#4833=VERTEX_POINT('',#16371);
#4834=VERTEX_POINT('',#16375);
#4835=VERTEX_POINT('',#16377);
#4836=VERTEX_POINT('',#16381);
#4837=VERTEX_POINT('',#16385);
#4838=VERTEX_POINT('',#16395);
#4839=VERTEX_POINT('',#16397);
#4840=VERTEX_POINT('',#16402);
#4841=VERTEX_POINT('',#16407);
#4842=VERTEX_POINT('',#16409);
#4843=VERTEX_POINT('',#16414);
#4844=VERTEX_POINT('',#16418);
#4845=VERTEX_POINT('',#16422);
#4846=VERTEX_POINT('',#16426);
#4847=VERTEX_POINT('',#16431);
#4848=VERTEX_POINT('',#16433);
#4849=VERTEX_POINT('',#16438);
#4850=VERTEX_POINT('',#16440);
#4851=VERTEX_POINT('',#16444);
#4852=VERTEX_POINT('',#16454);
#4853=VERTEX_POINT('',#16456);
#4854=VERTEX_POINT('',#16465);
#4855=VERTEX_POINT('',#16478);
#4856=VERTEX_POINT('',#16485);
#4857=VERTEX_POINT('',#16497);
#4858=VERTEX_POINT('',#16499);
#4859=VERTEX_POINT('',#16506);
#4860=VERTEX_POINT('',#16519);
#4861=VERTEX_POINT('',#16521);
#4862=VERTEX_POINT('',#16525);
#4863=VERTEX_POINT('',#16527);
#4864=VERTEX_POINT('',#16529);
#4865=VERTEX_POINT('',#16531);
#4866=VERTEX_POINT('',#16533);
#4867=VERTEX_POINT('',#16535);
#4868=VERTEX_POINT('',#16537);
#4869=VERTEX_POINT('',#16539);
#4870=VERTEX_POINT('',#16541);
#4871=VERTEX_POINT('',#16543);
#4872=VERTEX_POINT('',#16545);
#4873=VERTEX_POINT('',#16549);
#4874=VERTEX_POINT('',#16553);
#4875=VERTEX_POINT('',#16557);
#4876=VERTEX_POINT('',#16561);
#4877=VERTEX_POINT('',#16563);
#4878=VERTEX_POINT('',#16569);
#4879=VERTEX_POINT('',#16573);
#4880=VERTEX_POINT('',#16579);
#4881=VERTEX_POINT('',#16580);
#4882=VERTEX_POINT('',#16585);
#4883=VERTEX_POINT('',#16589);
#4884=EDGE_CURVE('',#3980,#3980,#3962,.T.);
#4885=EDGE_CURVE('',#3980,#3981,#2002,.T.);
#4886=EDGE_CURVE('',#3981,#3981,#3963,.T.);
#4887=EDGE_CURVE('',#3982,#3983,#2003,.T.);
#4888=EDGE_CURVE('',#3984,#3982,#3964,.T.);
#4889=EDGE_CURVE('',#3985,#3984,#3965,.T.);
#4890=EDGE_CURVE('',#3983,#3985,#2004,.T.);
#4891=EDGE_CURVE('',#3986,#3986,#3966,.T.);
#4892=EDGE_CURVE('',#3986,#3984,#2005,.T.);
#4893=EDGE_CURVE('',#3987,#3982,#2006,.T.);
#4894=EDGE_CURVE('',#3985,#3987,#661,.T.);
#4895=EDGE_CURVE('',#3988,#3988,#3967,.T.);
#4896=EDGE_CURVE('',#3988,#3989,#2007,.T.);
#4897=EDGE_CURVE('',#3989,#3989,#3968,.T.);
#4898=EDGE_CURVE('',#3990,#3990,#3969,.T.);
#4899=EDGE_CURVE('',#3990,#3991,#2008,.T.);
#4900=EDGE_CURVE('',#3991,#3991,#3970,.T.);
#4901=EDGE_CURVE('',#3987,#3992,#2009,.T.);
#4902=EDGE_CURVE('',#3993,#3992,#2010,.T.);
#4903=EDGE_CURVE('',#3994,#3993,#662,.T.);
#4904=EDGE_CURVE('',#3995,#3994,#2011,.T.);
#4905=EDGE_CURVE('',#3995,#3996,#2012,.T.);
#4906=EDGE_CURVE('',#3996,#3983,#2013,.T.);
#4907=EDGE_CURVE('',#3997,#3998,#2014,.T.);
#4908=EDGE_CURVE('',#3997,#3999,#2015,.T.);
#4909=EDGE_CURVE('',#4000,#3999,#2016,.T.);
#4910=EDGE_CURVE('',#3998,#4000,#2017,.T.);
#4911=EDGE_CURVE('',#4000,#4001,#2018,.T.);
#4912=EDGE_CURVE('',#4002,#3999,#2019,.T.);
#4913=EDGE_CURVE('',#4001,#4002,#2020,.T.);
#4914=EDGE_CURVE('',#4003,#4004,#2021,.T.);
#4915=EDGE_CURVE('',#4005,#4003,#2022,.T.);
#4916=EDGE_CURVE('',#4005,#4006,#2023,.T.);
#4917=EDGE_CURVE('',#4006,#4004,#2024,.T.);
#4918=EDGE_CURVE('',#4001,#4005,#2025,.T.);
#4919=EDGE_CURVE('',#4001,#4002,#2026,.T.);
#4920=EDGE_CURVE('',#4006,#4002,#2027,.T.);
#4921=EDGE_CURVE('',#4004,#3997,#2028,.T.);
#4922=EDGE_CURVE('',#4007,#4008,#2029,.T.);
#4923=EDGE_CURVE('',#4007,#4009,#2030,.T.);
#4924=EDGE_CURVE('',#4010,#4009,#2031,.T.);
#4925=EDGE_CURVE('',#4008,#4010,#2032,.T.);
#4926=EDGE_CURVE('',#4010,#4011,#2033,.T.);
#4927=EDGE_CURVE('',#4012,#4009,#2034,.T.);
#4928=EDGE_CURVE('',#4011,#4012,#2035,.T.);
#4929=EDGE_CURVE('',#4013,#4014,#2036,.T.);
#4930=EDGE_CURVE('',#4015,#4013,#2037,.T.);
#4931=EDGE_CURVE('',#4015,#4016,#2038,.T.);
#4932=EDGE_CURVE('',#4016,#4014,#2039,.T.);
#4933=EDGE_CURVE('',#4011,#4015,#2040,.T.);
#4934=EDGE_CURVE('',#4011,#4012,#2041,.T.);
#4935=EDGE_CURVE('',#4016,#4012,#2042,.T.);
#4936=EDGE_CURVE('',#4014,#4007,#2043,.T.);
#4937=EDGE_CURVE('',#4017,#4018,#2044,.T.);
#4938=EDGE_CURVE('',#4017,#4019,#2045,.T.);
#4939=EDGE_CURVE('',#4020,#4019,#2046,.T.);
#4940=EDGE_CURVE('',#4018,#4020,#2047,.T.);
#4941=EDGE_CURVE('',#4020,#4021,#2048,.T.);
#4942=EDGE_CURVE('',#4022,#4019,#2049,.T.);
#4943=EDGE_CURVE('',#4021,#4022,#2050,.T.);
#4944=EDGE_CURVE('',#4023,#4024,#2051,.T.);
#4945=EDGE_CURVE('',#4025,#4023,#2052,.T.);
#4946=EDGE_CURVE('',#4025,#4026,#2053,.T.);
#4947=EDGE_CURVE('',#4026,#4024,#2054,.T.);
#4948=EDGE_CURVE('',#4021,#4025,#2055,.T.);
#4949=EDGE_CURVE('',#4021,#4022,#2056,.T.);
#4950=EDGE_CURVE('',#4026,#4022,#2057,.T.);
#4951=EDGE_CURVE('',#4024,#4017,#2058,.T.);
#4952=EDGE_CURVE('',#4027,#4028,#2059,.T.);
#4953=EDGE_CURVE('',#4027,#4029,#2060,.T.);
#4954=EDGE_CURVE('',#4030,#4029,#2061,.T.);
#4955=EDGE_CURVE('',#4028,#4030,#2062,.T.);
#4956=EDGE_CURVE('',#4030,#4031,#2063,.T.);
#4957=EDGE_CURVE('',#4032,#4029,#2064,.T.);
#4958=EDGE_CURVE('',#4031,#4032,#2065,.T.);
#4959=EDGE_CURVE('',#4033,#4034,#2066,.T.);
#4960=EDGE_CURVE('',#4035,#4033,#2067,.T.);
#4961=EDGE_CURVE('',#4035,#4036,#2068,.T.);
#4962=EDGE_CURVE('',#4036,#4034,#2069,.T.);
#4963=EDGE_CURVE('',#4031,#4035,#2070,.T.);
#4964=EDGE_CURVE('',#4031,#4032,#2071,.T.);
#4965=EDGE_CURVE('',#4036,#4032,#2072,.T.);
#4966=EDGE_CURVE('',#4034,#4027,#2073,.T.);
#4967=EDGE_CURVE('',#4037,#4038,#2074,.T.);
#4968=EDGE_CURVE('',#4037,#4039,#2075,.T.);
#4969=EDGE_CURVE('',#4040,#4039,#2076,.T.);
#4970=EDGE_CURVE('',#4038,#4040,#2077,.T.);
#4971=EDGE_CURVE('',#4040,#4041,#2078,.T.);
#4972=EDGE_CURVE('',#4042,#4039,#2079,.T.);
#4973=EDGE_CURVE('',#4041,#4042,#2080,.T.);
#4974=EDGE_CURVE('',#4043,#4044,#2081,.T.);
#4975=EDGE_CURVE('',#4045,#4043,#2082,.T.);
#4976=EDGE_CURVE('',#4045,#4046,#2083,.T.);
#4977=EDGE_CURVE('',#4046,#4044,#2084,.T.);
#4978=EDGE_CURVE('',#4041,#4045,#2085,.T.);
#4979=EDGE_CURVE('',#4041,#4042,#2086,.T.);
#4980=EDGE_CURVE('',#4046,#4042,#2087,.T.);
#4981=EDGE_CURVE('',#4044,#4037,#2088,.T.);
#4982=EDGE_CURVE('',#4047,#4048,#2089,.T.);
#4983=EDGE_CURVE('',#4047,#4049,#2090,.T.);
#4984=EDGE_CURVE('',#4050,#4049,#2091,.T.);
#4985=EDGE_CURVE('',#4048,#4050,#2092,.T.);
#4986=EDGE_CURVE('',#4050,#4051,#2093,.T.);
#4987=EDGE_CURVE('',#4052,#4049,#2094,.T.);
#4988=EDGE_CURVE('',#4051,#4052,#2095,.T.);
#4989=EDGE_CURVE('',#4053,#4054,#2096,.T.);
#4990=EDGE_CURVE('',#4055,#4053,#2097,.T.);
#4991=EDGE_CURVE('',#4055,#4056,#2098,.T.);
#4992=EDGE_CURVE('',#4056,#4054,#2099,.T.);
#4993=EDGE_CURVE('',#4051,#4055,#2100,.T.);
#4994=EDGE_CURVE('',#4051,#4052,#2101,.T.);
#4995=EDGE_CURVE('',#4056,#4052,#2102,.T.);
#4996=EDGE_CURVE('',#4054,#4047,#2103,.T.);
#4997=EDGE_CURVE('',#4057,#4058,#2104,.T.);
#4998=EDGE_CURVE('',#4057,#4059,#2105,.T.);
#4999=EDGE_CURVE('',#4060,#4059,#2106,.T.);
#5000=EDGE_CURVE('',#4058,#4060,#2107,.T.);
#5001=EDGE_CURVE('',#4060,#4061,#2108,.T.);
#5002=EDGE_CURVE('',#4062,#4059,#2109,.T.);
#5003=EDGE_CURVE('',#4061,#4062,#2110,.T.);
#5004=EDGE_CURVE('',#4063,#4064,#2111,.T.);
#5005=EDGE_CURVE('',#4065,#4063,#2112,.T.);
#5006=EDGE_CURVE('',#4065,#4066,#2113,.T.);
#5007=EDGE_CURVE('',#4066,#4064,#2114,.T.);
#5008=EDGE_CURVE('',#4061,#4065,#2115,.T.);
#5009=EDGE_CURVE('',#4061,#4062,#2116,.T.);
#5010=EDGE_CURVE('',#4066,#4062,#2117,.T.);
#5011=EDGE_CURVE('',#4064,#4057,#2118,.T.);
#5012=EDGE_CURVE('',#4067,#4068,#2119,.T.);
#5013=EDGE_CURVE('',#4067,#4069,#2120,.T.);
#5014=EDGE_CURVE('',#4070,#4069,#2121,.T.);
#5015=EDGE_CURVE('',#4068,#4070,#2122,.T.);
#5016=EDGE_CURVE('',#4070,#4071,#2123,.T.);
#5017=EDGE_CURVE('',#4072,#4069,#2124,.T.);
#5018=EDGE_CURVE('',#4071,#4072,#2125,.T.);
#5019=EDGE_CURVE('',#4073,#4074,#2126,.T.);
#5020=EDGE_CURVE('',#4075,#4073,#2127,.T.);
#5021=EDGE_CURVE('',#4075,#4076,#2128,.T.);
#5022=EDGE_CURVE('',#4076,#4074,#2129,.T.);
#5023=EDGE_CURVE('',#4071,#4075,#2130,.T.);
#5024=EDGE_CURVE('',#4071,#4072,#2131,.T.);
#5025=EDGE_CURVE('',#4076,#4072,#2132,.T.);
#5026=EDGE_CURVE('',#4074,#4067,#2133,.T.);
#5027=EDGE_CURVE('',#4077,#4078,#2134,.T.);
#5028=EDGE_CURVE('',#4077,#4079,#2135,.T.);
#5029=EDGE_CURVE('',#4080,#4079,#2136,.T.);
#5030=EDGE_CURVE('',#4078,#4080,#2137,.T.);
#5031=EDGE_CURVE('',#4080,#4081,#2138,.T.);
#5032=EDGE_CURVE('',#4082,#4079,#2139,.T.);
#5033=EDGE_CURVE('',#4081,#4082,#2140,.T.);
#5034=EDGE_CURVE('',#4083,#4084,#2141,.T.);
#5035=EDGE_CURVE('',#4085,#4083,#2142,.T.);
#5036=EDGE_CURVE('',#4085,#4086,#2143,.T.);
#5037=EDGE_CURVE('',#4086,#4084,#2144,.T.);
#5038=EDGE_CURVE('',#4081,#4085,#2145,.T.);
#5039=EDGE_CURVE('',#4081,#4082,#2146,.T.);
#5040=EDGE_CURVE('',#4086,#4082,#2147,.T.);
#5041=EDGE_CURVE('',#4084,#4077,#2148,.T.);
#5042=EDGE_CURVE('',#4087,#4088,#2149,.T.);
#5043=EDGE_CURVE('',#4087,#4089,#2150,.T.);
#5044=EDGE_CURVE('',#4090,#4089,#2151,.T.);
#5045=EDGE_CURVE('',#4088,#4090,#2152,.T.);
#5046=EDGE_CURVE('',#4090,#4091,#2153,.T.);
#5047=EDGE_CURVE('',#4092,#4089,#2154,.T.);
#5048=EDGE_CURVE('',#4091,#4092,#2155,.T.);
#5049=EDGE_CURVE('',#4093,#4094,#2156,.T.);
#5050=EDGE_CURVE('',#4095,#4093,#2157,.T.);
#5051=EDGE_CURVE('',#4095,#4096,#2158,.T.);
#5052=EDGE_CURVE('',#4096,#4094,#2159,.T.);
#5053=EDGE_CURVE('',#4091,#4095,#2160,.T.);
#5054=EDGE_CURVE('',#4091,#4092,#2161,.T.);
#5055=EDGE_CURVE('',#4096,#4092,#2162,.T.);
#5056=EDGE_CURVE('',#4094,#4087,#2163,.T.);
#5057=EDGE_CURVE('',#4097,#4098,#2164,.T.);
#5058=EDGE_CURVE('',#4097,#4099,#2165,.T.);
#5059=EDGE_CURVE('',#4100,#4099,#2166,.T.);
#5060=EDGE_CURVE('',#4098,#4100,#2167,.T.);
#5061=EDGE_CURVE('',#4100,#4101,#2168,.T.);
#5062=EDGE_CURVE('',#4102,#4099,#2169,.T.);
#5063=EDGE_CURVE('',#4101,#4102,#2170,.T.);
#5064=EDGE_CURVE('',#4103,#4104,#2171,.T.);
#5065=EDGE_CURVE('',#4105,#4103,#2172,.T.);
#5066=EDGE_CURVE('',#4105,#4106,#2173,.T.);
#5067=EDGE_CURVE('',#4106,#4104,#2174,.T.);
#5068=EDGE_CURVE('',#4101,#4105,#2175,.T.);
#5069=EDGE_CURVE('',#4101,#4102,#2176,.T.);
#5070=EDGE_CURVE('',#4106,#4102,#2177,.T.);
#5071=EDGE_CURVE('',#4104,#4097,#2178,.T.);
#5072=EDGE_CURVE('',#4107,#4108,#2179,.T.);
#5073=EDGE_CURVE('',#4107,#4109,#2180,.T.);
#5074=EDGE_CURVE('',#4110,#4109,#2181,.T.);
#5075=EDGE_CURVE('',#4108,#4110,#2182,.T.);
#5076=EDGE_CURVE('',#4110,#4111,#2183,.T.);
#5077=EDGE_CURVE('',#4112,#4109,#2184,.T.);
#5078=EDGE_CURVE('',#4111,#4112,#2185,.T.);
#5079=EDGE_CURVE('',#4113,#4114,#2186,.T.);
#5080=EDGE_CURVE('',#4115,#4113,#2187,.T.);
#5081=EDGE_CURVE('',#4115,#4116,#2188,.T.);
#5082=EDGE_CURVE('',#4116,#4114,#2189,.T.);
#5083=EDGE_CURVE('',#4111,#4115,#2190,.T.);
#5084=EDGE_CURVE('',#4111,#4112,#2191,.T.);
#5085=EDGE_CURVE('',#4116,#4112,#2192,.T.);
#5086=EDGE_CURVE('',#4114,#4107,#2193,.T.);
#5087=EDGE_CURVE('',#4117,#4118,#2194,.T.);
#5088=EDGE_CURVE('',#4117,#4119,#2195,.T.);
#5089=EDGE_CURVE('',#4120,#4119,#2196,.T.);
#5090=EDGE_CURVE('',#4118,#4120,#2197,.T.);
#5091=EDGE_CURVE('',#4120,#4121,#2198,.T.);
#5092=EDGE_CURVE('',#4122,#4119,#2199,.T.);
#5093=EDGE_CURVE('',#4121,#4122,#2200,.T.);
#5094=EDGE_CURVE('',#4123,#4124,#2201,.T.);
#5095=EDGE_CURVE('',#4125,#4123,#2202,.T.);
#5096=EDGE_CURVE('',#4125,#4126,#2203,.T.);
#5097=EDGE_CURVE('',#4126,#4124,#2204,.T.);
#5098=EDGE_CURVE('',#4121,#4125,#2205,.T.);
#5099=EDGE_CURVE('',#4121,#4122,#2206,.T.);
#5100=EDGE_CURVE('',#4126,#4122,#2207,.T.);
#5101=EDGE_CURVE('',#4124,#4117,#2208,.T.);
#5102=EDGE_CURVE('',#4127,#4128,#2209,.T.);
#5103=EDGE_CURVE('',#4127,#4129,#2210,.T.);
#5104=EDGE_CURVE('',#4130,#4129,#2211,.T.);
#5105=EDGE_CURVE('',#4128,#4130,#2212,.T.);
#5106=EDGE_CURVE('',#4130,#4131,#2213,.T.);
#5107=EDGE_CURVE('',#4132,#4129,#2214,.T.);
#5108=EDGE_CURVE('',#4131,#4132,#2215,.T.);
#5109=EDGE_CURVE('',#4133,#4134,#2216,.T.);
#5110=EDGE_CURVE('',#4135,#4133,#2217,.T.);
#5111=EDGE_CURVE('',#4135,#4136,#2218,.T.);
#5112=EDGE_CURVE('',#4136,#4134,#2219,.T.);
#5113=EDGE_CURVE('',#4131,#4135,#2220,.T.);
#5114=EDGE_CURVE('',#4131,#4132,#2221,.T.);
#5115=EDGE_CURVE('',#4136,#4132,#2222,.T.);
#5116=EDGE_CURVE('',#4134,#4127,#2223,.T.);
#5117=EDGE_CURVE('',#4137,#4138,#663,.T.);
#5118=EDGE_CURVE('',#4137,#4139,#2224,.T.);
#5119=EDGE_CURVE('',#4140,#4139,#2225,.T.);
#5120=EDGE_CURVE('',#4141,#4140,#2226,.T.);
#5121=EDGE_CURVE('',#4138,#4141,#2227,.T.);
#5122=EDGE_CURVE('',#4141,#3995,#2228,.T.);
#5123=EDGE_CURVE('',#4141,#4140,#2229,.T.);
#5124=EDGE_CURVE('',#3996,#4140,#2230,.T.);
#5125=EDGE_CURVE('',#4142,#4139,#2231,.T.);
#5126=EDGE_CURVE('',#3992,#4142,#2232,.T.);
#5127=EDGE_CURVE('',#4143,#4137,#664,.T.);
#5128=EDGE_CURVE('',#4142,#4143,#2233,.T.);
#5129=EDGE_CURVE('',#4144,#4145,#2234,.T.);
#5130=EDGE_CURVE('',#4144,#4146,#2235,.T.);
#5131=EDGE_CURVE('',#4147,#4146,#2236,.T.);
#5132=EDGE_CURVE('',#4145,#4147,#2237,.T.);
#5133=EDGE_CURVE('',#4147,#4148,#2238,.T.);
#5134=EDGE_CURVE('',#4149,#4146,#2239,.T.);
#5135=EDGE_CURVE('',#4148,#4149,#2240,.T.);
#5136=EDGE_CURVE('',#4150,#4151,#2241,.T.);
#5137=EDGE_CURVE('',#4152,#4150,#2242,.T.);
#5138=EDGE_CURVE('',#4152,#4153,#2243,.T.);
#5139=EDGE_CURVE('',#4153,#4151,#2244,.T.);
#5140=EDGE_CURVE('',#4148,#4152,#2245,.T.);
#5141=EDGE_CURVE('',#4148,#4149,#2246,.T.);
#5142=EDGE_CURVE('',#4153,#4149,#2247,.T.);
#5143=EDGE_CURVE('',#4151,#4144,#2248,.T.);
#5144=EDGE_CURVE('',#4154,#4155,#2249,.T.);
#5145=EDGE_CURVE('',#4154,#4156,#2250,.T.);
#5146=EDGE_CURVE('',#4157,#4156,#2251,.T.);
#5147=EDGE_CURVE('',#4155,#4157,#2252,.T.);
#5148=EDGE_CURVE('',#4157,#4158,#2253,.T.);
#5149=EDGE_CURVE('',#4159,#4156,#2254,.T.);
#5150=EDGE_CURVE('',#4158,#4159,#2255,.T.);
#5151=EDGE_CURVE('',#4160,#4161,#2256,.T.);
#5152=EDGE_CURVE('',#4162,#4160,#2257,.T.);
#5153=EDGE_CURVE('',#4162,#4163,#2258,.T.);
#5154=EDGE_CURVE('',#4163,#4161,#2259,.T.);
#5155=EDGE_CURVE('',#4158,#4162,#2260,.T.);
#5156=EDGE_CURVE('',#4158,#4159,#2261,.T.);
#5157=EDGE_CURVE('',#4163,#4159,#2262,.T.);
#5158=EDGE_CURVE('',#4161,#4154,#2263,.T.);
#5159=EDGE_CURVE('',#4164,#4165,#2264,.T.);
#5160=EDGE_CURVE('',#4164,#4166,#2265,.T.);
#5161=EDGE_CURVE('',#4167,#4166,#2266,.T.);
#5162=EDGE_CURVE('',#4165,#4167,#2267,.T.);
#5163=EDGE_CURVE('',#4167,#4168,#2268,.T.);
#5164=EDGE_CURVE('',#4169,#4166,#2269,.T.);
#5165=EDGE_CURVE('',#4168,#4169,#2270,.T.);
#5166=EDGE_CURVE('',#4170,#4171,#2271,.T.);
#5167=EDGE_CURVE('',#4172,#4170,#2272,.T.);
#5168=EDGE_CURVE('',#4172,#4173,#2273,.T.);
#5169=EDGE_CURVE('',#4173,#4171,#2274,.T.);
#5170=EDGE_CURVE('',#4168,#4172,#2275,.T.);
#5171=EDGE_CURVE('',#4168,#4169,#2276,.T.);
#5172=EDGE_CURVE('',#4173,#4169,#2277,.T.);
#5173=EDGE_CURVE('',#4171,#4164,#2278,.T.);
#5174=EDGE_CURVE('',#4174,#4175,#2279,.T.);
#5175=EDGE_CURVE('',#4174,#4176,#2280,.T.);
#5176=EDGE_CURVE('',#4177,#4176,#2281,.T.);
#5177=EDGE_CURVE('',#4175,#4177,#2282,.T.);
#5178=EDGE_CURVE('',#4177,#4178,#2283,.T.);
#5179=EDGE_CURVE('',#4179,#4176,#2284,.T.);
#5180=EDGE_CURVE('',#4178,#4179,#2285,.T.);
#5181=EDGE_CURVE('',#4180,#4181,#2286,.T.);
#5182=EDGE_CURVE('',#4182,#4180,#2287,.T.);
#5183=EDGE_CURVE('',#4182,#4183,#2288,.T.);
#5184=EDGE_CURVE('',#4183,#4181,#2289,.T.);
#5185=EDGE_CURVE('',#4178,#4182,#2290,.T.);
#5186=EDGE_CURVE('',#4178,#4179,#2291,.T.);
#5187=EDGE_CURVE('',#4183,#4179,#2292,.T.);
#5188=EDGE_CURVE('',#4181,#4174,#2293,.T.);
#5189=EDGE_CURVE('',#4184,#4185,#2294,.T.);
#5190=EDGE_CURVE('',#4184,#4186,#2295,.T.);
#5191=EDGE_CURVE('',#4187,#4186,#2296,.T.);
#5192=EDGE_CURVE('',#4185,#4187,#2297,.T.);
#5193=EDGE_CURVE('',#4187,#4188,#2298,.T.);
#5194=EDGE_CURVE('',#4189,#4186,#2299,.T.);
#5195=EDGE_CURVE('',#4188,#4189,#2300,.T.);
#5196=EDGE_CURVE('',#4190,#4191,#2301,.T.);
#5197=EDGE_CURVE('',#4192,#4190,#2302,.T.);
#5198=EDGE_CURVE('',#4192,#4193,#2303,.T.);
#5199=EDGE_CURVE('',#4193,#4191,#2304,.T.);
#5200=EDGE_CURVE('',#4188,#4192,#2305,.T.);
#5201=EDGE_CURVE('',#4188,#4189,#2306,.T.);
#5202=EDGE_CURVE('',#4193,#4189,#2307,.T.);
#5203=EDGE_CURVE('',#4191,#4184,#2308,.T.);
#5204=EDGE_CURVE('',#4194,#4195,#2309,.T.);
#5205=EDGE_CURVE('',#4194,#4196,#2310,.T.);
#5206=EDGE_CURVE('',#4197,#4196,#2311,.T.);
#5207=EDGE_CURVE('',#4195,#4197,#2312,.T.);
#5208=EDGE_CURVE('',#4197,#4198,#2313,.T.);
#5209=EDGE_CURVE('',#4199,#4196,#2314,.T.);
#5210=EDGE_CURVE('',#4198,#4199,#2315,.T.);
#5211=EDGE_CURVE('',#4200,#4201,#2316,.T.);
#5212=EDGE_CURVE('',#4202,#4200,#2317,.T.);
#5213=EDGE_CURVE('',#4202,#4203,#2318,.T.);
#5214=EDGE_CURVE('',#4203,#4201,#2319,.T.);
#5215=EDGE_CURVE('',#4198,#4202,#2320,.T.);
#5216=EDGE_CURVE('',#4198,#4199,#2321,.T.);
#5217=EDGE_CURVE('',#4203,#4199,#2322,.T.);
#5218=EDGE_CURVE('',#4201,#4194,#2323,.T.);
#5219=EDGE_CURVE('',#4204,#4205,#2324,.T.);
#5220=EDGE_CURVE('',#4204,#4206,#2325,.T.);
#5221=EDGE_CURVE('',#4207,#4206,#2326,.T.);
#5222=EDGE_CURVE('',#4205,#4207,#2327,.T.);
#5223=EDGE_CURVE('',#4207,#4208,#2328,.T.);
#5224=EDGE_CURVE('',#4209,#4206,#2329,.T.);
#5225=EDGE_CURVE('',#4208,#4209,#2330,.T.);
#5226=EDGE_CURVE('',#4210,#4211,#2331,.T.);
#5227=EDGE_CURVE('',#4212,#4210,#2332,.T.);
#5228=EDGE_CURVE('',#4212,#4213,#2333,.T.);
#5229=EDGE_CURVE('',#4213,#4211,#2334,.T.);
#5230=EDGE_CURVE('',#4208,#4212,#2335,.T.);
#5231=EDGE_CURVE('',#4208,#4209,#2336,.T.);
#5232=EDGE_CURVE('',#4213,#4209,#2337,.T.);
#5233=EDGE_CURVE('',#4211,#4204,#2338,.T.);
#5234=EDGE_CURVE('',#4214,#4215,#2339,.T.);
#5235=EDGE_CURVE('',#4214,#4216,#2340,.T.);
#5236=EDGE_CURVE('',#4217,#4216,#2341,.T.);
#5237=EDGE_CURVE('',#4215,#4217,#2342,.T.);
#5238=EDGE_CURVE('',#4217,#4218,#2343,.T.);
#5239=EDGE_CURVE('',#4219,#4216,#2344,.T.);
#5240=EDGE_CURVE('',#4218,#4219,#2345,.T.);
#5241=EDGE_CURVE('',#4220,#4221,#2346,.T.);
#5242=EDGE_CURVE('',#4222,#4220,#2347,.T.);
#5243=EDGE_CURVE('',#4222,#4223,#2348,.T.);
#5244=EDGE_CURVE('',#4223,#4221,#2349,.T.);
#5245=EDGE_CURVE('',#4218,#4222,#2350,.T.);
#5246=EDGE_CURVE('',#4218,#4219,#2351,.T.);
#5247=EDGE_CURVE('',#4223,#4219,#2352,.T.);
#5248=EDGE_CURVE('',#4221,#4214,#2353,.T.);
#5249=EDGE_CURVE('',#4224,#4225,#2354,.T.);
#5250=EDGE_CURVE('',#4224,#4226,#2355,.T.);
#5251=EDGE_CURVE('',#4227,#4226,#2356,.T.);
#5252=EDGE_CURVE('',#4225,#4227,#2357,.T.);
#5253=EDGE_CURVE('',#4227,#4228,#2358,.T.);
#5254=EDGE_CURVE('',#4229,#4226,#2359,.T.);
#5255=EDGE_CURVE('',#4228,#4229,#2360,.T.);
#5256=EDGE_CURVE('',#4230,#4231,#2361,.T.);
#5257=EDGE_CURVE('',#4232,#4230,#2362,.T.);
#5258=EDGE_CURVE('',#4232,#4233,#2363,.T.);
#5259=EDGE_CURVE('',#4233,#4231,#2364,.T.);
#5260=EDGE_CURVE('',#4228,#4232,#2365,.T.);
#5261=EDGE_CURVE('',#4228,#4229,#2366,.T.);
#5262=EDGE_CURVE('',#4233,#4229,#2367,.T.);
#5263=EDGE_CURVE('',#4231,#4224,#2368,.T.);
#5264=EDGE_CURVE('',#4234,#4235,#2369,.T.);
#5265=EDGE_CURVE('',#4234,#4236,#2370,.T.);
#5266=EDGE_CURVE('',#4237,#4236,#2371,.T.);
#5267=EDGE_CURVE('',#4235,#4237,#2372,.T.);
#5268=EDGE_CURVE('',#4237,#4238,#2373,.T.);
#5269=EDGE_CURVE('',#4239,#4236,#2374,.T.);
#5270=EDGE_CURVE('',#4238,#4239,#2375,.T.);
#5271=EDGE_CURVE('',#4240,#4241,#2376,.T.);
#5272=EDGE_CURVE('',#4242,#4240,#2377,.T.);
#5273=EDGE_CURVE('',#4242,#4243,#2378,.T.);
#5274=EDGE_CURVE('',#4243,#4241,#2379,.T.);
#5275=EDGE_CURVE('',#4238,#4242,#2380,.T.);
#5276=EDGE_CURVE('',#4238,#4239,#2381,.T.);
#5277=EDGE_CURVE('',#4243,#4239,#2382,.T.);
#5278=EDGE_CURVE('',#4241,#4234,#2383,.T.);
#5279=EDGE_CURVE('',#4244,#4245,#2384,.T.);
#5280=EDGE_CURVE('',#4244,#4246,#2385,.T.);
#5281=EDGE_CURVE('',#4247,#4246,#2386,.T.);
#5282=EDGE_CURVE('',#4245,#4247,#2387,.T.);
#5283=EDGE_CURVE('',#4247,#4248,#2388,.T.);
#5284=EDGE_CURVE('',#4249,#4246,#2389,.T.);
#5285=EDGE_CURVE('',#4248,#4249,#2390,.T.);
#5286=EDGE_CURVE('',#4250,#4251,#2391,.T.);
#5287=EDGE_CURVE('',#4252,#4250,#2392,.T.);
#5288=EDGE_CURVE('',#4252,#4253,#2393,.T.);
#5289=EDGE_CURVE('',#4253,#4251,#2394,.T.);
#5290=EDGE_CURVE('',#4248,#4252,#2395,.T.);
#5291=EDGE_CURVE('',#4248,#4249,#2396,.T.);
#5292=EDGE_CURVE('',#4253,#4249,#2397,.T.);
#5293=EDGE_CURVE('',#4251,#4244,#2398,.T.);
#5294=EDGE_CURVE('',#4254,#4255,#2399,.T.);
#5295=EDGE_CURVE('',#4254,#4256,#2400,.T.);
#5296=EDGE_CURVE('',#4257,#4256,#2401,.T.);
#5297=EDGE_CURVE('',#4255,#4257,#2402,.T.);
#5298=EDGE_CURVE('',#4257,#4258,#2403,.T.);
#5299=EDGE_CURVE('',#4259,#4256,#2404,.T.);
#5300=EDGE_CURVE('',#4258,#4259,#2405,.T.);
#5301=EDGE_CURVE('',#4260,#4261,#2406,.T.);
#5302=EDGE_CURVE('',#4262,#4260,#2407,.T.);
#5303=EDGE_CURVE('',#4262,#4263,#2408,.T.);
#5304=EDGE_CURVE('',#4263,#4261,#2409,.T.);
#5305=EDGE_CURVE('',#4258,#4262,#2410,.T.);
#5306=EDGE_CURVE('',#4258,#4259,#2411,.T.);
#5307=EDGE_CURVE('',#4263,#4259,#2412,.T.);
#5308=EDGE_CURVE('',#4261,#4254,#2413,.T.);
#5309=EDGE_CURVE('',#4264,#4265,#2414,.T.);
#5310=EDGE_CURVE('',#4264,#4266,#2415,.T.);
#5311=EDGE_CURVE('',#4267,#4266,#2416,.T.);
#5312=EDGE_CURVE('',#4265,#4267,#2417,.T.);
#5313=EDGE_CURVE('',#4267,#4268,#2418,.T.);
#5314=EDGE_CURVE('',#4269,#4266,#2419,.T.);
#5315=EDGE_CURVE('',#4268,#4269,#2420,.T.);
#5316=EDGE_CURVE('',#4270,#4271,#2421,.T.);
#5317=EDGE_CURVE('',#4272,#4270,#2422,.T.);
#5318=EDGE_CURVE('',#4272,#4273,#2423,.T.);
#5319=EDGE_CURVE('',#4273,#4271,#2424,.T.);
#5320=EDGE_CURVE('',#4268,#4272,#2425,.T.);
#5321=EDGE_CURVE('',#4268,#4269,#2426,.T.);
#5322=EDGE_CURVE('',#4273,#4269,#2427,.T.);
#5323=EDGE_CURVE('',#4271,#4264,#2428,.T.);
#5324=EDGE_CURVE('',#4274,#4275,#2429,.T.);
#5325=EDGE_CURVE('',#4274,#4276,#2430,.T.);
#5326=EDGE_CURVE('',#4277,#4276,#2431,.T.);
#5327=EDGE_CURVE('',#4275,#4277,#2432,.T.);
#5328=EDGE_CURVE('',#4277,#4278,#2433,.T.);
#5329=EDGE_CURVE('',#4279,#4276,#2434,.T.);
#5330=EDGE_CURVE('',#4278,#4279,#2435,.T.);
#5331=EDGE_CURVE('',#4280,#4281,#2436,.T.);
#5332=EDGE_CURVE('',#4282,#4280,#2437,.T.);
#5333=EDGE_CURVE('',#4282,#4283,#2438,.T.);
#5334=EDGE_CURVE('',#4283,#4281,#2439,.T.);
#5335=EDGE_CURVE('',#4278,#4282,#2440,.T.);
#5336=EDGE_CURVE('',#4278,#4279,#2441,.T.);
#5337=EDGE_CURVE('',#4283,#4279,#2442,.T.);
#5338=EDGE_CURVE('',#4281,#4274,#2443,.T.);
#5339=EDGE_CURVE('',#4284,#4285,#2444,.T.);
#5340=EDGE_CURVE('',#4284,#4286,#2445,.T.);
#5341=EDGE_CURVE('',#4287,#4286,#2446,.T.);
#5342=EDGE_CURVE('',#4285,#4287,#2447,.T.);
#5343=EDGE_CURVE('',#4288,#4289,#665,.T.);
#5344=EDGE_CURVE('',#4288,#4290,#2448,.T.);
#5345=EDGE_CURVE('',#4291,#4290,#2449,.T.);
#5346=EDGE_CURVE('',#4289,#4291,#2450,.T.);
#5347=EDGE_CURVE('',#4287,#4288,#2451,.T.);
#5348=EDGE_CURVE('',#4290,#4286,#2452,.T.);
#5349=EDGE_CURVE('',#4288,#4290,#2453,.T.);
#5350=EDGE_CURVE('',#4292,#4293,#2454,.T.);
#5351=EDGE_CURVE('',#4294,#4292,#2455,.T.);
#5352=EDGE_CURVE('',#4289,#4294,#666,.T.);
#5353=EDGE_CURVE('',#4291,#4293,#2456,.T.);
#5354=EDGE_CURVE('',#4293,#4284,#2457,.T.);
#5355=EDGE_CURVE('',#4295,#3994,#2458,.T.);
#5356=EDGE_CURVE('',#4296,#4295,#2459,.T.);
#5357=EDGE_CURVE('',#4296,#4297,#2460,.T.);
#5358=EDGE_CURVE('',#4297,#4298,#2461,.T.);
#5359=EDGE_CURVE('',#4141,#4298,#2462,.T.);
#5360=EDGE_CURVE('',#3993,#4295,#3971,.T.);
#5361=EDGE_CURVE('',#4138,#4299,#2463,.T.);
#5362=EDGE_CURVE('',#4299,#4300,#3972,.T.);
#5363=EDGE_CURVE('',#4300,#4301,#2464,.T.);
#5364=EDGE_CURVE('',#4301,#4143,#3973,.T.);
#5365=EDGE_CURVE('',#4294,#4302,#2465,.T.);
#5366=EDGE_CURVE('',#4302,#4303,#3974,.T.);
#5367=EDGE_CURVE('',#4303,#4304,#2466,.T.);
#5368=EDGE_CURVE('',#4304,#4288,#3975,.T.);
#5369=EDGE_CURVE('',#4302,#4292,#2467,.T.);
#5370=EDGE_CURVE('',#4305,#4148,#2468,.T.);
#5371=EDGE_CURVE('',#4305,#4306,#2469,.T.);
#5372=EDGE_CURVE('',#4306,#4307,#2470,.T.);
#5373=EDGE_CURVE('',#4307,#4308,#215,.T.);
#5374=EDGE_CURVE('',#4308,#4309,#216,.T.);
#5375=EDGE_CURVE('',#4309,#4310,#217,.T.);
#5376=EDGE_CURVE('',#4310,#4311,#2471,.T.);
#5377=EDGE_CURVE('',#4311,#4312,#2472,.T.);
#5378=EDGE_CURVE('',#4312,#4313,#218,.T.);
#5379=EDGE_CURVE('',#4313,#4314,#219,.T.);
#5380=EDGE_CURVE('',#4314,#4315,#220,.T.);
#5381=EDGE_CURVE('',#4315,#4316,#2473,.T.);
#5382=EDGE_CURVE('',#4316,#4317,#2474,.T.);
#5383=EDGE_CURVE('',#4317,#4318,#2475,.T.);
#5384=EDGE_CURVE('',#4318,#4319,#221,.T.);
#5385=EDGE_CURVE('',#4319,#4320,#222,.T.);
#5386=EDGE_CURVE('',#4320,#4321,#223,.T.);
#5387=EDGE_CURVE('',#4321,#4322,#2476,.T.);
#5388=EDGE_CURVE('',#4322,#4323,#224,.T.);
#5389=EDGE_CURVE('',#4323,#4324,#225,.T.);
#5390=EDGE_CURVE('',#4324,#4325,#226,.T.);
#5391=EDGE_CURVE('',#4325,#4326,#2477,.T.);
#5392=EDGE_CURVE('',#4326,#4327,#2478,.T.);
#5393=EDGE_CURVE('',#4327,#4328,#2479,.T.);
#5394=EDGE_CURVE('',#4328,#4329,#227,.T.);
#5395=EDGE_CURVE('',#4329,#4330,#228,.T.);
#5396=EDGE_CURVE('',#4330,#4331,#229,.T.);
#5397=EDGE_CURVE('',#4331,#4332,#2480,.T.);
#5398=EDGE_CURVE('',#4332,#4333,#2481,.T.);
#5399=EDGE_CURVE('',#4333,#4334,#230,.T.);
#5400=EDGE_CURVE('',#4334,#4335,#231,.T.);
#5401=EDGE_CURVE('',#4335,#4336,#232,.T.);
#5402=EDGE_CURVE('',#4336,#4337,#2482,.T.);
#5403=EDGE_CURVE('',#4145,#4337,#2483,.T.);
#5404=EDGE_CURVE('',#4155,#4133,#2484,.T.);
#5405=EDGE_CURVE('',#4131,#4158,#2485,.T.);
#5406=EDGE_CURVE('',#4148,#4131,#2486,.T.);
#5407=EDGE_CURVE('',#4128,#4150,#2487,.T.);
#5408=EDGE_CURVE('',#4165,#4123,#2488,.T.);
#5409=EDGE_CURVE('',#4121,#4168,#2489,.T.);
#5410=EDGE_CURVE('',#4158,#4121,#2490,.T.);
#5411=EDGE_CURVE('',#4118,#4160,#2491,.T.);
#5412=EDGE_CURVE('',#4175,#4113,#2492,.T.);
#5413=EDGE_CURVE('',#4111,#4178,#2493,.T.);
#5414=EDGE_CURVE('',#4168,#4111,#2494,.T.);
#5415=EDGE_CURVE('',#4108,#4170,#2495,.T.);
#5416=EDGE_CURVE('',#4185,#4103,#2496,.T.);
#5417=EDGE_CURVE('',#4101,#4188,#2497,.T.);
#5418=EDGE_CURVE('',#4178,#4101,#2498,.T.);
#5419=EDGE_CURVE('',#4098,#4180,#2499,.T.);
#5420=EDGE_CURVE('',#4195,#4093,#2500,.T.);
#5421=EDGE_CURVE('',#4091,#4198,#2501,.T.);
#5422=EDGE_CURVE('',#4188,#4091,#2502,.T.);
#5423=EDGE_CURVE('',#4088,#4190,#2503,.T.);
#5424=EDGE_CURVE('',#4205,#4083,#2504,.T.);
#5425=EDGE_CURVE('',#4081,#4208,#2505,.T.);
#5426=EDGE_CURVE('',#4198,#4081,#2506,.T.);
#5427=EDGE_CURVE('',#4078,#4200,#2507,.T.);
#5428=EDGE_CURVE('',#4215,#4073,#2508,.T.);
#5429=EDGE_CURVE('',#4071,#4218,#2509,.T.);
#5430=EDGE_CURVE('',#4208,#4071,#2510,.T.);
#5431=EDGE_CURVE('',#4068,#4210,#2511,.T.);
#5432=EDGE_CURVE('',#4225,#4063,#2512,.T.);
#5433=EDGE_CURVE('',#4061,#4228,#2513,.T.);
#5434=EDGE_CURVE('',#4218,#4061,#2514,.T.);
#5435=EDGE_CURVE('',#4058,#4220,#2515,.T.);
#5436=EDGE_CURVE('',#4235,#4053,#2516,.T.);
#5437=EDGE_CURVE('',#4051,#4238,#2517,.T.);
#5438=EDGE_CURVE('',#4228,#4051,#2518,.T.);
#5439=EDGE_CURVE('',#4048,#4230,#2519,.T.);
#5440=EDGE_CURVE('',#4245,#4043,#2520,.T.);
#5441=EDGE_CURVE('',#4041,#4248,#2521,.T.);
#5442=EDGE_CURVE('',#4238,#4041,#2522,.T.);
#5443=EDGE_CURVE('',#4038,#4240,#2523,.T.);
#5444=EDGE_CURVE('',#4255,#4033,#2524,.T.);
#5445=EDGE_CURVE('',#4031,#4258,#2525,.T.);
#5446=EDGE_CURVE('',#4248,#4031,#2526,.T.);
#5447=EDGE_CURVE('',#4028,#4250,#2527,.T.);
#5448=EDGE_CURVE('',#4265,#4023,#2528,.T.);
#5449=EDGE_CURVE('',#4021,#4268,#2529,.T.);
#5450=EDGE_CURVE('',#4258,#4021,#2530,.T.);
#5451=EDGE_CURVE('',#4018,#4260,#2531,.T.);
#5452=EDGE_CURVE('',#4275,#4013,#2532,.T.);
#5453=EDGE_CURVE('',#4011,#4278,#2533,.T.);
#5454=EDGE_CURVE('',#4268,#4011,#2534,.T.);
#5455=EDGE_CURVE('',#4008,#4270,#2535,.T.);
#5456=EDGE_CURVE('',#4285,#4003,#2536,.T.);
#5457=EDGE_CURVE('',#4001,#4288,#2537,.T.);
#5458=EDGE_CURVE('',#4278,#4001,#2538,.T.);
#5459=EDGE_CURVE('',#3998,#4280,#2539,.T.);
#5460=EDGE_CURVE('',#4338,#4339,#233,.T.);
#5461=EDGE_CURVE('',#4338,#4340,#2540,.T.);
#5462=EDGE_CURVE('',#4340,#4341,#234,.T.);
#5463=EDGE_CURVE('',#4342,#4341,#2541,.T.);
#5464=EDGE_CURVE('',#4343,#4342,#235,.T.);
#5465=EDGE_CURVE('',#4339,#4343,#236,.T.);
#5466=EDGE_CURVE('',#4344,#4345,#237,.T.);
#5467=EDGE_CURVE('',#4344,#4346,#2542,.T.);
#5468=EDGE_CURVE('',#4346,#4347,#238,.T.);
#5469=EDGE_CURVE('',#4348,#4347,#2543,.T.);
#5470=EDGE_CURVE('',#4349,#4348,#239,.T.);
#5471=EDGE_CURVE('',#4345,#4349,#240,.T.);
#5472=EDGE_CURVE('',#4350,#4351,#2544,.T.);
#5473=EDGE_CURVE('',#4350,#4352,#2545,.T.);
#5474=EDGE_CURVE('',#4352,#4353,#2546,.T.);
#5475=EDGE_CURVE('',#4351,#4353,#2547,.T.);
#5476=EDGE_CURVE('',#4351,#4354,#241,.T.);
#5477=EDGE_CURVE('',#4353,#4355,#242,.T.);
#5478=EDGE_CURVE('',#4356,#4355,#2548,.T.);
#5479=EDGE_CURVE('',#4357,#4356,#243,.T.);
#5480=EDGE_CURVE('',#4354,#4357,#244,.T.);
#5481=EDGE_CURVE('',#4358,#4359,#2549,.T.);
#5482=EDGE_CURVE('',#4348,#4358,#2550,.T.);
#5483=EDGE_CURVE('',#4347,#4360,#2551,.T.);
#5484=EDGE_CURVE('',#4361,#4360,#2552,.T.);
#5485=EDGE_CURVE('',#4359,#4361,#2553,.T.);
#5486=EDGE_CURVE('',#4362,#4363,#245,.T.);
#5487=EDGE_CURVE('',#4362,#4364,#2554,.T.);
#5488=EDGE_CURVE('',#4364,#4365,#246,.T.);
#5489=EDGE_CURVE('',#4366,#4365,#2555,.T.);
#5490=EDGE_CURVE('',#4367,#4366,#247,.T.);
#5491=EDGE_CURVE('',#4363,#4367,#248,.T.);
#5492=EDGE_CURVE('',#4361,#4368,#2556,.T.);
#5493=EDGE_CURVE('',#4360,#4369,#2557,.T.);
#5494=EDGE_CURVE('',#4368,#4369,#2558,.T.);
#5495=EDGE_CURVE('',#4368,#4370,#249,.T.);
#5496=EDGE_CURVE('',#4369,#4371,#250,.T.);
#5497=EDGE_CURVE('',#4372,#4371,#2559,.T.);
#5498=EDGE_CURVE('',#4373,#4372,#251,.T.);
#5499=EDGE_CURVE('',#4370,#4373,#252,.T.);
#5500=EDGE_CURVE('',#4374,#4375,#253,.T.);
#5501=EDGE_CURVE('',#4374,#4376,#2560,.T.);
#5502=EDGE_CURVE('',#4376,#4377,#254,.T.);
#5503=EDGE_CURVE('',#4375,#4377,#2561,.T.);
#5504=EDGE_CURVE('',#4378,#4374,#255,.T.);
#5505=EDGE_CURVE('',#4378,#4379,#2562,.T.);
#5506=EDGE_CURVE('',#4379,#4376,#256,.T.);
#5507=EDGE_CURVE('',#4380,#4378,#257,.T.);
#5508=EDGE_CURVE('',#4380,#4381,#2563,.T.);
#5509=EDGE_CURVE('',#4381,#4379,#258,.T.);
#5510=EDGE_CURVE('',#4382,#4380,#259,.T.);
#5511=EDGE_CURVE('',#4382,#4383,#2564,.T.);
#5512=EDGE_CURVE('',#4383,#4381,#260,.T.);
#5513=EDGE_CURVE('',#4384,#4382,#261,.T.);
#5514=EDGE_CURVE('',#4384,#4385,#2565,.T.);
#5515=EDGE_CURVE('',#4385,#4383,#262,.T.);
#5516=EDGE_CURVE('',#4375,#4384,#263,.T.);
#5517=EDGE_CURVE('',#4377,#4385,#264,.T.);
#5518=EDGE_CURVE('',#4386,#4356,#265,.T.);
#5519=EDGE_CURVE('',#4386,#4387,#2566,.T.);
#5520=EDGE_CURVE('',#4387,#4355,#266,.T.);
#5521=EDGE_CURVE('',#4356,#4355,#2567,.T.);
#5522=EDGE_CURVE('',#4388,#4386,#267,.T.);
#5523=EDGE_CURVE('',#4388,#4389,#2568,.T.);
#5524=EDGE_CURVE('',#4389,#4387,#268,.T.);
#5525=EDGE_CURVE('',#4386,#4387,#2569,.T.);
#5526=EDGE_CURVE('',#4390,#4388,#269,.T.);
#5527=EDGE_CURVE('',#4390,#4391,#2570,.T.);
#5528=EDGE_CURVE('',#4391,#4389,#270,.T.);
#5529=EDGE_CURVE('',#4392,#4390,#271,.T.);
#5530=EDGE_CURVE('',#4392,#4393,#2571,.T.);
#5531=EDGE_CURVE('',#4393,#4391,#272,.T.);
#5532=EDGE_CURVE('',#4394,#4392,#273,.T.);
#5533=EDGE_CURVE('',#4394,#4395,#2572,.T.);
#5534=EDGE_CURVE('',#4395,#4393,#274,.T.);
#5535=EDGE_CURVE('',#4396,#4394,#2573,.T.);
#5536=EDGE_CURVE('',#4396,#4397,#2574,.T.);
#5537=EDGE_CURVE('',#4397,#4395,#2575,.T.);
#5538=EDGE_CURVE('',#4398,#4396,#275,.T.);
#5539=EDGE_CURVE('',#4398,#4399,#2576,.T.);
#5540=EDGE_CURVE('',#4399,#4397,#276,.T.);
#5541=EDGE_CURVE('',#4400,#4398,#277,.T.);
#5542=EDGE_CURVE('',#4400,#4401,#2577,.T.);
#5543=EDGE_CURVE('',#4401,#4399,#278,.T.);
#5544=EDGE_CURVE('',#4402,#4400,#279,.T.);
#5545=EDGE_CURVE('',#4402,#4403,#2578,.T.);
#5546=EDGE_CURVE('',#4403,#4401,#280,.T.);
#5547=EDGE_CURVE('',#4342,#4402,#281,.T.);
#5548=EDGE_CURVE('',#4341,#4403,#282,.T.);
#5549=EDGE_CURVE('',#4404,#4338,#283,.T.);
#5550=EDGE_CURVE('',#4405,#4404,#284,.T.);
#5551=EDGE_CURVE('',#4406,#4405,#285,.T.);
#5552=EDGE_CURVE('',#4406,#4407,#2579,.T.);
#5553=EDGE_CURVE('',#4407,#4340,#286,.T.);
#5554=EDGE_CURVE('',#4408,#4406,#287,.T.);
#5555=EDGE_CURVE('',#4408,#4409,#2580,.T.);
#5556=EDGE_CURVE('',#4409,#4407,#288,.T.);
#5557=EDGE_CURVE('',#4410,#4408,#289,.T.);
#5558=EDGE_CURVE('',#4410,#4411,#2581,.T.);
#5559=EDGE_CURVE('',#4411,#4409,#290,.T.);
#5560=EDGE_CURVE('',#4412,#4410,#291,.T.);
#5561=EDGE_CURVE('',#4412,#4413,#2582,.T.);
#5562=EDGE_CURVE('',#4413,#4411,#292,.T.);
#5563=EDGE_CURVE('',#4414,#4412,#293,.T.);
#5564=EDGE_CURVE('',#4414,#4415,#2583,.T.);
#5565=EDGE_CURVE('',#4415,#4413,#294,.T.);
#5566=EDGE_CURVE('',#4416,#4414,#295,.T.);
#5567=EDGE_CURVE('',#4416,#4417,#2584,.T.);
#5568=EDGE_CURVE('',#4417,#4415,#296,.T.);
#5569=EDGE_CURVE('',#4418,#4416,#297,.T.);
#5570=EDGE_CURVE('',#4418,#4419,#2585,.T.);
#5571=EDGE_CURVE('',#4419,#4417,#298,.T.);
#5572=EDGE_CURVE('',#4420,#4418,#299,.T.);
#5573=EDGE_CURVE('',#4420,#4421,#2586,.T.);
#5574=EDGE_CURVE('',#4421,#4419,#300,.T.);
#5575=EDGE_CURVE('',#4356,#4420,#301,.T.);
#5576=EDGE_CURVE('',#4355,#4421,#302,.T.);
#5577=EDGE_CURVE('',#4366,#4422,#303,.T.);
#5578=EDGE_CURVE('',#4365,#4423,#304,.T.);
#5579=EDGE_CURVE('',#4422,#4423,#2587,.T.);
#5580=EDGE_CURVE('',#4424,#4362,#305,.T.);
#5581=EDGE_CURVE('',#4424,#4425,#2588,.T.);
#5582=EDGE_CURVE('',#4425,#4364,#306,.T.);
#5583=EDGE_CURVE('',#4426,#4424,#307,.T.);
#5584=EDGE_CURVE('',#4426,#4427,#2589,.T.);
#5585=EDGE_CURVE('',#4427,#4425,#308,.T.);
#5586=EDGE_CURVE('',#4428,#4426,#309,.T.);
#5587=EDGE_CURVE('',#4429,#4428,#310,.T.);
#5588=EDGE_CURVE('',#4422,#4429,#311,.T.);
#5589=EDGE_CURVE('',#4423,#4427,#312,.T.);
#5590=EDGE_CURVE('',#4372,#4430,#313,.T.);
#5591=EDGE_CURVE('',#4371,#4431,#314,.T.);
#5592=EDGE_CURVE('',#4430,#4431,#2590,.T.);
#5593=EDGE_CURVE('',#4432,#4344,#315,.T.);
#5594=EDGE_CURVE('',#4433,#4432,#316,.T.);
#5595=EDGE_CURVE('',#4434,#4433,#317,.T.);
#5596=EDGE_CURVE('',#4434,#4435,#2591,.T.);
#5597=EDGE_CURVE('',#4435,#4346,#318,.T.);
#5598=EDGE_CURVE('',#4436,#4434,#319,.T.);
#5599=EDGE_CURVE('',#4436,#4437,#2592,.T.);
#5600=EDGE_CURVE('',#4437,#4435,#320,.T.);
#5601=EDGE_CURVE('',#4386,#4436,#321,.T.);
#5602=EDGE_CURVE('',#4387,#4437,#322,.T.);
#5603=EDGE_CURVE('',#4438,#4386,#323,.T.);
#5604=EDGE_CURVE('',#4438,#4439,#2593,.T.);
#5605=EDGE_CURVE('',#4439,#4387,#324,.T.);
#5606=EDGE_CURVE('',#4440,#4438,#2594,.T.);
#5607=EDGE_CURVE('',#4440,#4441,#2595,.T.);
#5608=EDGE_CURVE('',#4441,#4439,#2596,.T.);
#5609=EDGE_CURVE('',#4356,#4440,#325,.T.);
#5610=EDGE_CURVE('',#4355,#4441,#326,.T.);
#5611=EDGE_CURVE('',#4442,#4350,#327,.T.);
#5612=EDGE_CURVE('',#4442,#4443,#2597,.T.);
#5613=EDGE_CURVE('',#4443,#4352,#328,.T.);
#5614=EDGE_CURVE('',#4444,#4442,#329,.T.);
#5615=EDGE_CURVE('',#4444,#4445,#2598,.T.);
#5616=EDGE_CURVE('',#4445,#4443,#330,.T.);
#5617=EDGE_CURVE('',#4446,#4444,#331,.T.);
#5618=EDGE_CURVE('',#4446,#4447,#2599,.T.);
#5619=EDGE_CURVE('',#4447,#4445,#332,.T.);
#5620=EDGE_CURVE('',#4448,#4446,#333,.T.);
#5621=EDGE_CURVE('',#4448,#4449,#2600,.T.);
#5622=EDGE_CURVE('',#4449,#4447,#334,.T.);
#5623=EDGE_CURVE('',#4450,#4448,#335,.T.);
#5624=EDGE_CURVE('',#4451,#4450,#336,.T.);
#5625=EDGE_CURVE('',#4452,#4451,#337,.T.);
#5626=EDGE_CURVE('',#4452,#4453,#2601,.T.);
#5627=EDGE_CURVE('',#4453,#4449,#338,.T.);
#5628=EDGE_CURVE('',#4454,#4452,#339,.T.);
#5629=EDGE_CURVE('',#4454,#4455,#2602,.T.);
#5630=EDGE_CURVE('',#4455,#4453,#340,.T.);
#5631=EDGE_CURVE('',#4456,#4454,#341,.T.);
#5632=EDGE_CURVE('',#4456,#4457,#2603,.T.);
#5633=EDGE_CURVE('',#4457,#4455,#342,.T.);
#5634=EDGE_CURVE('',#4458,#4456,#343,.T.);
#5635=EDGE_CURVE('',#4458,#4459,#2604,.T.);
#5636=EDGE_CURVE('',#4459,#4457,#344,.T.);
#5637=EDGE_CURVE('',#4430,#4458,#345,.T.);
#5638=EDGE_CURVE('',#4430,#4431,#2605,.T.);
#5639=EDGE_CURVE('',#4431,#4459,#346,.T.);
#5640=EDGE_CURVE('',#4458,#4459,#2606,.T.);
#5641=EDGE_CURVE('',#4460,#4461,#2607,.T.);
#5642=EDGE_CURVE('',#4460,#4462,#2608,.T.);
#5643=EDGE_CURVE('',#4462,#4463,#2609,.T.);
#5644=EDGE_CURVE('',#4461,#4463,#2610,.T.);
#5645=EDGE_CURVE('',#4458,#4460,#347,.T.);
#5646=EDGE_CURVE('',#4459,#4462,#348,.T.);
#5647=EDGE_CURVE('',#4464,#4458,#349,.T.);
#5648=EDGE_CURVE('',#4464,#4465,#2611,.T.);
#5649=EDGE_CURVE('',#4465,#4459,#350,.T.);
#5650=EDGE_CURVE('',#4466,#4464,#351,.T.);
#5651=EDGE_CURVE('',#4466,#4467,#2612,.T.);
#5652=EDGE_CURVE('',#4467,#4465,#352,.T.);
#5653=EDGE_CURVE('',#4468,#4466,#353,.T.);
#5654=EDGE_CURVE('',#4468,#4469,#2613,.T.);
#5655=EDGE_CURVE('',#4469,#4467,#354,.T.);
#5656=EDGE_CURVE('',#4470,#4468,#355,.T.);
#5657=EDGE_CURVE('',#4470,#4471,#2614,.T.);
#5658=EDGE_CURVE('',#4471,#4469,#356,.T.);
#5659=EDGE_CURVE('',#4472,#4470,#357,.T.);
#5660=EDGE_CURVE('',#4472,#4473,#2615,.T.);
#5661=EDGE_CURVE('',#4473,#4471,#358,.T.);
#5662=EDGE_CURVE('',#4474,#4472,#359,.T.);
#5663=EDGE_CURVE('',#4474,#4475,#2616,.T.);
#5664=EDGE_CURVE('',#4475,#4473,#360,.T.);
#5665=EDGE_CURVE('',#4476,#4474,#361,.T.);
#5666=EDGE_CURVE('',#4476,#4477,#2617,.T.);
#5667=EDGE_CURVE('',#4477,#4475,#362,.T.);
#5668=EDGE_CURVE('',#4478,#4476,#363,.T.);
#5669=EDGE_CURVE('',#4478,#4479,#2618,.T.);
#5670=EDGE_CURVE('',#4479,#4477,#364,.T.);
#5671=EDGE_CURVE('',#4480,#4478,#365,.T.);
#5672=EDGE_CURVE('',#4480,#4481,#2619,.T.);
#5673=EDGE_CURVE('',#4481,#4479,#366,.T.);
#5674=EDGE_CURVE('',#4482,#4480,#367,.T.);
#5675=EDGE_CURVE('',#4482,#4483,#2620,.T.);
#5676=EDGE_CURVE('',#4483,#4481,#368,.T.);
#5677=EDGE_CURVE('',#4484,#4482,#369,.T.);
#5678=EDGE_CURVE('',#4484,#4485,#2621,.T.);
#5679=EDGE_CURVE('',#4485,#4483,#370,.T.);
#5680=EDGE_CURVE('',#4486,#4484,#371,.T.);
#5681=EDGE_CURVE('',#4486,#4487,#2622,.T.);
#5682=EDGE_CURVE('',#4487,#4485,#372,.T.);
#5683=EDGE_CURVE('',#4488,#4486,#373,.T.);
#5684=EDGE_CURVE('',#4488,#4489,#2623,.T.);
#5685=EDGE_CURVE('',#4489,#4487,#374,.T.);
#5686=EDGE_CURVE('',#4490,#4488,#375,.T.);
#5687=EDGE_CURVE('',#4490,#4491,#2624,.T.);
#5688=EDGE_CURVE('',#4491,#4489,#376,.T.);
#5689=EDGE_CURVE('',#4492,#4490,#377,.T.);
#5690=EDGE_CURVE('',#4492,#4493,#2625,.T.);
#5691=EDGE_CURVE('',#4493,#4491,#378,.T.);
#5692=EDGE_CURVE('',#4494,#4492,#379,.T.);
#5693=EDGE_CURVE('',#4494,#4495,#2626,.T.);
#5694=EDGE_CURVE('',#4495,#4493,#380,.T.);
#5695=EDGE_CURVE('',#4430,#4494,#381,.T.);
#5696=EDGE_CURVE('',#4431,#4495,#382,.T.);
#5697=EDGE_CURVE('',#4461,#4430,#383,.T.);
#5698=EDGE_CURVE('',#4463,#4431,#384,.T.);
#5699=EDGE_CURVE('',#4496,#4497,#385,.T.);
#5700=EDGE_CURVE('',#4496,#4498,#2627,.T.);
#5701=EDGE_CURVE('',#4498,#4499,#386,.T.);
#5702=EDGE_CURVE('',#4497,#4499,#2628,.T.);
#5703=EDGE_CURVE('',#4497,#4500,#387,.T.);
#5704=EDGE_CURVE('',#4499,#4501,#388,.T.);
#5705=EDGE_CURVE('',#4502,#4501,#2629,.T.);
#5706=EDGE_CURVE('',#4503,#4502,#389,.T.);
#5707=EDGE_CURVE('',#4500,#4503,#390,.T.);
#5708=EDGE_CURVE('',#4504,#4505,#391,.T.);
#5709=EDGE_CURVE('',#4506,#4504,#392,.T.);
#5710=EDGE_CURVE('',#4506,#4507,#2630,.T.);
#5711=EDGE_CURVE('',#4507,#4508,#393,.T.);
#5712=EDGE_CURVE('',#4509,#4508,#2631,.T.);
#5713=EDGE_CURVE('',#4505,#4509,#394,.T.);
#5714=EDGE_CURVE('',#4509,#4510,#395,.T.);
#5715=EDGE_CURVE('',#4508,#4511,#396,.T.);
#5716=EDGE_CURVE('',#4510,#4511,#2632,.T.);
#5717=EDGE_CURVE('',#4510,#4512,#397,.T.);
#5718=EDGE_CURVE('',#4511,#4513,#398,.T.);
#5719=EDGE_CURVE('',#4512,#4513,#2633,.T.);
#5720=EDGE_CURVE('',#4512,#4514,#399,.T.);
#5721=EDGE_CURVE('',#4513,#4515,#400,.T.);
#5722=EDGE_CURVE('',#4516,#4515,#2634,.T.);
#5723=EDGE_CURVE('',#4517,#4516,#401,.T.);
#5724=EDGE_CURVE('',#4514,#4517,#402,.T.);
#5725=EDGE_CURVE('',#4518,#4519,#403,.T.);
#5726=EDGE_CURVE('',#4518,#4520,#2635,.T.);
#5727=EDGE_CURVE('',#4520,#4521,#404,.T.);
#5728=EDGE_CURVE('',#4519,#4521,#2636,.T.);
#5729=EDGE_CURVE('',#4522,#4518,#405,.T.);
#5730=EDGE_CURVE('',#4522,#4523,#2637,.T.);
#5731=EDGE_CURVE('',#4523,#4520,#406,.T.);
#5732=EDGE_CURVE('',#4502,#4522,#407,.T.);
#5733=EDGE_CURVE('',#4501,#4523,#408,.T.);
#5734=EDGE_CURVE('',#4524,#4496,#409,.T.);
#5735=EDGE_CURVE('',#4525,#4524,#410,.T.);
#5736=EDGE_CURVE('',#4526,#4525,#411,.T.);
#5737=EDGE_CURVE('',#4526,#4527,#2638,.T.);
#5738=EDGE_CURVE('',#4527,#4498,#412,.T.);
#5739=EDGE_CURVE('',#4528,#4526,#413,.T.);
#5740=EDGE_CURVE('',#4528,#4529,#2639,.T.);
#5741=EDGE_CURVE('',#4529,#4527,#414,.T.);
#5742=EDGE_CURVE('',#4530,#4528,#415,.T.);
#5743=EDGE_CURVE('',#4530,#4531,#2640,.T.);
#5744=EDGE_CURVE('',#4531,#4529,#416,.T.);
#5745=EDGE_CURVE('',#4532,#4530,#417,.T.);
#5746=EDGE_CURVE('',#4532,#4533,#2641,.T.);
#5747=EDGE_CURVE('',#4533,#4531,#418,.T.);
#5748=EDGE_CURVE('',#4534,#4532,#419,.T.);
#5749=EDGE_CURVE('',#4534,#4535,#2642,.T.);
#5750=EDGE_CURVE('',#4535,#4533,#420,.T.);
#5751=EDGE_CURVE('',#4516,#4534,#2643,.T.);
#5752=EDGE_CURVE('',#4515,#4535,#2644,.T.);
#5753=EDGE_CURVE('',#4536,#4506,#421,.T.);
#5754=EDGE_CURVE('',#4536,#4537,#2645,.T.);
#5755=EDGE_CURVE('',#4537,#4507,#422,.T.);
#5756=EDGE_CURVE('',#4538,#4536,#423,.T.);
#5757=EDGE_CURVE('',#4538,#4539,#2646,.T.);
#5758=EDGE_CURVE('',#4539,#4537,#424,.T.);
#5759=EDGE_CURVE('',#4540,#4538,#425,.T.);
#5760=EDGE_CURVE('',#4540,#4541,#2647,.T.);
#5761=EDGE_CURVE('',#4541,#4539,#426,.T.);
#5762=EDGE_CURVE('',#4542,#4543,#427,.T.);
#5763=EDGE_CURVE('',#4544,#4542,#428,.T.);
#5764=EDGE_CURVE('',#4544,#4545,#2648,.T.);
#5765=EDGE_CURVE('',#4545,#4541,#429,.T.);
#5766=EDGE_CURVE('',#4543,#4540,#430,.T.);
#5767=EDGE_CURVE('',#4546,#4544,#431,.T.);
#5768=EDGE_CURVE('',#4547,#4546,#432,.T.);
#5769=EDGE_CURVE('',#4548,#4547,#433,.T.);
#5770=EDGE_CURVE('',#4548,#4549,#2649,.T.);
#5771=EDGE_CURVE('',#4549,#4545,#434,.T.);
#5772=EDGE_CURVE('',#4550,#4548,#435,.T.);
#5773=EDGE_CURVE('',#4550,#4551,#2650,.T.);
#5774=EDGE_CURVE('',#4551,#4549,#436,.T.);
#5775=EDGE_CURVE('',#4552,#4553,#437,.T.);
#5776=EDGE_CURVE('',#4554,#4552,#438,.T.);
#5777=EDGE_CURVE('',#4554,#4555,#2651,.T.);
#5778=EDGE_CURVE('',#4555,#4551,#439,.T.);
#5779=EDGE_CURVE('',#4553,#4550,#440,.T.);
#5780=EDGE_CURVE('',#4556,#4554,#2652,.T.);
#5781=EDGE_CURVE('',#4557,#4556,#2653,.T.);
#5782=EDGE_CURVE('',#4558,#4557,#2654,.T.);
#5783=EDGE_CURVE('',#4558,#4559,#2655,.T.);
#5784=EDGE_CURVE('',#4559,#4555,#2656,.T.);
#5785=EDGE_CURVE('',#4519,#4558,#441,.T.);
#5786=EDGE_CURVE('',#4521,#4559,#442,.T.);
#5787=EDGE_CURVE('',#4560,#4561,#443,.T.);
#5788=EDGE_CURVE('',#4560,#4562,#2657,.T.);
#5789=EDGE_CURVE('',#4562,#4563,#444,.T.);
#5790=EDGE_CURVE('',#4564,#4563,#2658,.T.);
#5791=EDGE_CURVE('',#4565,#4564,#445,.T.);
#5792=EDGE_CURVE('',#4561,#4565,#446,.T.);
#5793=EDGE_CURVE('',#4564,#4566,#447,.T.);
#5794=EDGE_CURVE('',#4563,#4567,#448,.T.);
#5795=EDGE_CURVE('',#4566,#4567,#2659,.T.);
#5796=EDGE_CURVE('',#4568,#4560,#2660,.T.);
#5797=EDGE_CURVE('',#4568,#4569,#2661,.T.);
#5798=EDGE_CURVE('',#4569,#4562,#2662,.T.);
#5799=EDGE_CURVE('',#4570,#4568,#449,.T.);
#5800=EDGE_CURVE('',#4570,#4571,#2663,.T.);
#5801=EDGE_CURVE('',#4571,#4569,#450,.T.);
#5802=EDGE_CURVE('',#4572,#4570,#451,.T.);
#5803=EDGE_CURVE('',#4573,#4572,#452,.T.);
#5804=EDGE_CURVE('',#4574,#4573,#453,.T.);
#5805=EDGE_CURVE('',#4574,#4575,#2664,.T.);
#5806=EDGE_CURVE('',#4575,#4571,#454,.T.);
#5807=EDGE_CURVE('',#4576,#4574,#455,.T.);
#5808=EDGE_CURVE('',#4576,#4577,#2665,.T.);
#5809=EDGE_CURVE('',#4577,#4575,#456,.T.);
#5810=EDGE_CURVE('',#4566,#4576,#457,.T.);
#5811=EDGE_CURVE('',#4567,#4577,#458,.T.);
#5812=EDGE_CURVE('',#4578,#4579,#459,.T.);
#5813=EDGE_CURVE('',#4580,#4578,#460,.T.);
#5814=EDGE_CURVE('',#4580,#4581,#2666,.T.);
#5815=EDGE_CURVE('',#4581,#4582,#461,.T.);
#5816=EDGE_CURVE('',#4583,#4582,#2667,.T.);
#5817=EDGE_CURVE('',#4579,#4583,#462,.T.);
#5818=EDGE_CURVE('',#4583,#4584,#463,.T.);
#5819=EDGE_CURVE('',#4582,#4585,#464,.T.);
#5820=EDGE_CURVE('',#4584,#4585,#2668,.T.);
#5821=EDGE_CURVE('',#4584,#4586,#465,.T.);
#5822=EDGE_CURVE('',#4585,#4587,#466,.T.);
#5823=EDGE_CURVE('',#4588,#4587,#2669,.T.);
#5824=EDGE_CURVE('',#4589,#4588,#467,.T.);
#5825=EDGE_CURVE('',#4586,#4589,#468,.T.);
#5826=EDGE_CURVE('',#4590,#4591,#469,.T.);
#5827=EDGE_CURVE('',#4590,#4592,#2670,.T.);
#5828=EDGE_CURVE('',#4592,#4593,#470,.T.);
#5829=EDGE_CURVE('',#4594,#4593,#2671,.T.);
#5830=EDGE_CURVE('',#4595,#4594,#471,.T.);
#5831=EDGE_CURVE('',#4591,#4595,#472,.T.);
#5832=EDGE_CURVE('',#4596,#4597,#473,.T.);
#5833=EDGE_CURVE('',#4596,#4598,#2672,.T.);
#5834=EDGE_CURVE('',#4598,#4599,#474,.T.);
#5835=EDGE_CURVE('',#4600,#4599,#2673,.T.);
#5836=EDGE_CURVE('',#4601,#4600,#475,.T.);
#5837=EDGE_CURVE('',#4597,#4601,#476,.T.);
#5838=EDGE_CURVE('',#4588,#4602,#477,.T.);
#5839=EDGE_CURVE('',#4587,#4603,#478,.T.);
#5840=EDGE_CURVE('',#4602,#4603,#2674,.T.);
#5841=EDGE_CURVE('',#4604,#4580,#2675,.T.);
#5842=EDGE_CURVE('',#4604,#4605,#2676,.T.);
#5843=EDGE_CURVE('',#4605,#4581,#2677,.T.);
#5844=EDGE_CURVE('',#4606,#4604,#479,.T.);
#5845=EDGE_CURVE('',#4606,#4607,#2678,.T.);
#5846=EDGE_CURVE('',#4607,#4605,#480,.T.);
#5847=EDGE_CURVE('',#4608,#4606,#481,.T.);
#5848=EDGE_CURVE('',#4608,#4609,#2679,.T.);
#5849=EDGE_CURVE('',#4609,#4607,#482,.T.);
#5850=EDGE_CURVE('',#4610,#4608,#2680,.T.);
#5851=EDGE_CURVE('',#4610,#4611,#2681,.T.);
#5852=EDGE_CURVE('',#4611,#4609,#2682,.T.);
#5853=EDGE_CURVE('',#4612,#4610,#483,.T.);
#5854=EDGE_CURVE('',#4612,#4613,#2683,.T.);
#5855=EDGE_CURVE('',#4613,#4611,#484,.T.);
#5856=EDGE_CURVE('',#4614,#4612,#485,.T.);
#5857=EDGE_CURVE('',#4614,#4615,#2684,.T.);
#5858=EDGE_CURVE('',#4615,#4613,#486,.T.);
#5859=EDGE_CURVE('',#4616,#4614,#2685,.T.);
#5860=EDGE_CURVE('',#4616,#4617,#2686,.T.);
#5861=EDGE_CURVE('',#4617,#4615,#2687,.T.);
#5862=EDGE_CURVE('',#4618,#4616,#487,.T.);
#5863=EDGE_CURVE('',#4618,#4619,#2688,.T.);
#5864=EDGE_CURVE('',#4619,#4617,#488,.T.);
#5865=EDGE_CURVE('',#4620,#4621,#489,.T.);
#5866=EDGE_CURVE('',#4622,#4620,#490,.T.);
#5867=EDGE_CURVE('',#4622,#4623,#2689,.T.);
#5868=EDGE_CURVE('',#4623,#4619,#491,.T.);
#5869=EDGE_CURVE('',#4621,#4618,#492,.T.);
#5870=EDGE_CURVE('',#4624,#4622,#493,.T.);
#5871=EDGE_CURVE('',#4624,#4625,#2690,.T.);
#5872=EDGE_CURVE('',#4625,#4623,#494,.T.);
#5873=EDGE_CURVE('',#4626,#4624,#495,.T.);
#5874=EDGE_CURVE('',#4627,#4626,#496,.T.);
#5875=EDGE_CURVE('',#4628,#4627,#497,.T.);
#5876=EDGE_CURVE('',#4628,#4629,#2691,.T.);
#5877=EDGE_CURVE('',#4629,#4625,#498,.T.);
#5878=EDGE_CURVE('',#4630,#4628,#499,.T.);
#5879=EDGE_CURVE('',#4630,#4631,#2692,.T.);
#5880=EDGE_CURVE('',#4631,#4629,#500,.T.);
#5881=EDGE_CURVE('',#4602,#4630,#501,.T.);
#5882=EDGE_CURVE('',#4602,#4603,#2693,.T.);
#5883=EDGE_CURVE('',#4603,#4631,#502,.T.);
#5884=EDGE_CURVE('',#4630,#4631,#2694,.T.);
#5885=EDGE_CURVE('',#4632,#4633,#2695,.T.);
#5886=EDGE_CURVE('',#4632,#4634,#2696,.T.);
#5887=EDGE_CURVE('',#4634,#4635,#2697,.T.);
#5888=EDGE_CURVE('',#4633,#4635,#2698,.T.);
#5889=EDGE_CURVE('',#4630,#4632,#503,.T.);
#5890=EDGE_CURVE('',#4631,#4634,#504,.T.);
#5891=EDGE_CURVE('',#4636,#4630,#505,.T.);
#5892=EDGE_CURVE('',#4636,#4637,#2699,.T.);
#5893=EDGE_CURVE('',#4637,#4631,#506,.T.);
#5894=EDGE_CURVE('',#4638,#4636,#2700,.T.);
#5895=EDGE_CURVE('',#4638,#4639,#2701,.T.);
#5896=EDGE_CURVE('',#4639,#4637,#2702,.T.);
#5897=EDGE_CURVE('',#4640,#4638,#507,.T.);
#5898=EDGE_CURVE('',#4640,#4641,#2703,.T.);
#5899=EDGE_CURVE('',#4641,#4639,#508,.T.);
#5900=EDGE_CURVE('',#4642,#4640,#509,.T.);
#5901=EDGE_CURVE('',#4642,#4643,#2704,.T.);
#5902=EDGE_CURVE('',#4643,#4641,#510,.T.);
#5903=EDGE_CURVE('',#4644,#4642,#511,.T.);
#5904=EDGE_CURVE('',#4644,#4645,#2705,.T.);
#5905=EDGE_CURVE('',#4645,#4643,#512,.T.);
#5906=EDGE_CURVE('',#4646,#4644,#513,.T.);
#5907=EDGE_CURVE('',#4646,#4647,#2706,.T.);
#5908=EDGE_CURVE('',#4647,#4645,#514,.T.);
#5909=EDGE_CURVE('',#4648,#4646,#515,.T.);
#5910=EDGE_CURVE('',#4648,#4649,#2707,.T.);
#5911=EDGE_CURVE('',#4649,#4647,#516,.T.);
#5912=EDGE_CURVE('',#4650,#4648,#517,.T.);
#5913=EDGE_CURVE('',#4650,#4651,#2708,.T.);
#5914=EDGE_CURVE('',#4651,#4649,#518,.T.);
#5915=EDGE_CURVE('',#4648,#4649,#2709,.T.);
#5916=EDGE_CURVE('',#4652,#4650,#519,.T.);
#5917=EDGE_CURVE('',#4652,#4653,#2710,.T.);
#5918=EDGE_CURVE('',#4653,#4651,#520,.T.);
#5919=EDGE_CURVE('',#4650,#4651,#2711,.T.);
#5920=EDGE_CURVE('',#4654,#4652,#521,.T.);
#5921=EDGE_CURVE('',#4654,#4655,#2712,.T.);
#5922=EDGE_CURVE('',#4655,#4653,#522,.T.);
#5923=EDGE_CURVE('',#4656,#4654,#523,.T.);
#5924=EDGE_CURVE('',#4656,#4657,#2713,.T.);
#5925=EDGE_CURVE('',#4657,#4655,#524,.T.);
#5926=EDGE_CURVE('',#4658,#4656,#525,.T.);
#5927=EDGE_CURVE('',#4658,#4659,#2714,.T.);
#5928=EDGE_CURVE('',#4659,#4657,#526,.T.);
#5929=EDGE_CURVE('',#4660,#4658,#2715,.T.);
#5930=EDGE_CURVE('',#4660,#4661,#2716,.T.);
#5931=EDGE_CURVE('',#4661,#4659,#2717,.T.);
#5932=EDGE_CURVE('',#4662,#4660,#527,.T.);
#5933=EDGE_CURVE('',#4662,#4663,#2718,.T.);
#5934=EDGE_CURVE('',#4663,#4661,#528,.T.);
#5935=EDGE_CURVE('',#4594,#4662,#529,.T.);
#5936=EDGE_CURVE('',#4593,#4663,#530,.T.);
#5937=EDGE_CURVE('',#4664,#4590,#531,.T.);
#5938=EDGE_CURVE('',#4665,#4664,#532,.T.);
#5939=EDGE_CURVE('',#4666,#4665,#533,.T.);
#5940=EDGE_CURVE('',#4666,#4667,#2719,.T.);
#5941=EDGE_CURVE('',#4667,#4592,#534,.T.);
#5942=EDGE_CURVE('',#4602,#4666,#535,.T.);
#5943=EDGE_CURVE('',#4603,#4667,#536,.T.);
#5944=EDGE_CURVE('',#4633,#4602,#537,.T.);
#5945=EDGE_CURVE('',#4635,#4603,#538,.T.);
#5946=EDGE_CURVE('',#4668,#4669,#2720,.T.);
#5947=EDGE_CURVE('',#4668,#4670,#2721,.T.);
#5948=EDGE_CURVE('',#4670,#4671,#2722,.T.);
#5949=EDGE_CURVE('',#4669,#4671,#2723,.T.);
#5950=EDGE_CURVE('',#4648,#4668,#539,.T.);
#5951=EDGE_CURVE('',#4649,#4670,#540,.T.);
#5952=EDGE_CURVE('',#4672,#4648,#541,.T.);
#5953=EDGE_CURVE('',#4672,#4673,#2724,.T.);
#5954=EDGE_CURVE('',#4673,#4649,#542,.T.);
#5955=EDGE_CURVE('',#4674,#4672,#543,.T.);
#5956=EDGE_CURVE('',#4674,#4675,#2725,.T.);
#5957=EDGE_CURVE('',#4675,#4673,#544,.T.);
#5958=EDGE_CURVE('',#4600,#4674,#545,.T.);
#5959=EDGE_CURVE('',#4599,#4675,#546,.T.);
#5960=EDGE_CURVE('',#4676,#4596,#547,.T.);
#5961=EDGE_CURVE('',#4676,#4677,#2726,.T.);
#5962=EDGE_CURVE('',#4677,#4598,#548,.T.);
#5963=EDGE_CURVE('',#4678,#4676,#549,.T.);
#5964=EDGE_CURVE('',#4679,#4678,#550,.T.);
#5965=EDGE_CURVE('',#4680,#4679,#551,.T.);
#5966=EDGE_CURVE('',#4680,#4681,#2727,.T.);
#5967=EDGE_CURVE('',#4681,#4677,#552,.T.);
#5968=EDGE_CURVE('',#4682,#4680,#553,.T.);
#5969=EDGE_CURVE('',#4682,#4683,#2728,.T.);
#5970=EDGE_CURVE('',#4683,#4681,#554,.T.);
#5971=EDGE_CURVE('',#4684,#4682,#555,.T.);
#5972=EDGE_CURVE('',#4684,#4685,#2729,.T.);
#5973=EDGE_CURVE('',#4685,#4683,#556,.T.);
#5974=EDGE_CURVE('',#4686,#4684,#557,.T.);
#5975=EDGE_CURVE('',#4686,#4687,#2730,.T.);
#5976=EDGE_CURVE('',#4687,#4685,#558,.T.);
#5977=EDGE_CURVE('',#4688,#4686,#559,.T.);
#5978=EDGE_CURVE('',#4688,#4689,#2731,.T.);
#5979=EDGE_CURVE('',#4689,#4687,#560,.T.);
#5980=EDGE_CURVE('',#4690,#4688,#561,.T.);
#5981=EDGE_CURVE('',#4690,#4691,#2732,.T.);
#5982=EDGE_CURVE('',#4691,#4689,#562,.T.);
#5983=EDGE_CURVE('',#4692,#4690,#2733,.T.);
#5984=EDGE_CURVE('',#4692,#4693,#2734,.T.);
#5985=EDGE_CURVE('',#4693,#4691,#2735,.T.);
#5986=EDGE_CURVE('',#4694,#4692,#563,.T.);
#5987=EDGE_CURVE('',#4694,#4695,#2736,.T.);
#5988=EDGE_CURVE('',#4695,#4693,#564,.T.);
#5989=EDGE_CURVE('',#4696,#4694,#565,.T.);
#5990=EDGE_CURVE('',#4696,#4697,#2737,.T.);
#5991=EDGE_CURVE('',#4697,#4695,#566,.T.);
#5992=EDGE_CURVE('',#4698,#4696,#567,.T.);
#5993=EDGE_CURVE('',#4698,#4699,#2738,.T.);
#5994=EDGE_CURVE('',#4699,#4697,#568,.T.);
#5995=EDGE_CURVE('',#4700,#4698,#2739,.T.);
#5996=EDGE_CURVE('',#4700,#4701,#2740,.T.);
#5997=EDGE_CURVE('',#4701,#4699,#2741,.T.);
#5998=EDGE_CURVE('',#4702,#4700,#569,.T.);
#5999=EDGE_CURVE('',#4702,#4703,#2742,.T.);
#6000=EDGE_CURVE('',#4703,#4701,#570,.T.);
#6001=EDGE_CURVE('',#4704,#4702,#571,.T.);
#6002=EDGE_CURVE('',#4704,#4705,#2743,.T.);
#6003=EDGE_CURVE('',#4705,#4703,#572,.T.);
#6004=EDGE_CURVE('',#4706,#4704,#573,.T.);
#6005=EDGE_CURVE('',#4706,#4707,#2744,.T.);
#6006=EDGE_CURVE('',#4707,#4705,#574,.T.);
#6007=EDGE_CURVE('',#4708,#4706,#575,.T.);
#6008=EDGE_CURVE('',#4708,#4709,#2745,.T.);
#6009=EDGE_CURVE('',#4709,#4707,#576,.T.);
#6010=EDGE_CURVE('',#4710,#4708,#2746,.T.);
#6011=EDGE_CURVE('',#4710,#4711,#2747,.T.);
#6012=EDGE_CURVE('',#4711,#4709,#2748,.T.);
#6013=EDGE_CURVE('',#4712,#4710,#2749,.T.);
#6014=EDGE_CURVE('',#4712,#4713,#2750,.T.);
#6015=EDGE_CURVE('',#4713,#4711,#2751,.T.);
#6016=EDGE_CURVE('',#4714,#4712,#577,.T.);
#6017=EDGE_CURVE('',#4714,#4715,#2752,.T.);
#6018=EDGE_CURVE('',#4715,#4713,#578,.T.);
#6019=EDGE_CURVE('',#4716,#4714,#579,.T.);
#6020=EDGE_CURVE('',#4716,#4717,#2753,.T.);
#6021=EDGE_CURVE('',#4717,#4715,#580,.T.);
#6022=EDGE_CURVE('',#4718,#4716,#581,.T.);
#6023=EDGE_CURVE('',#4718,#4719,#2754,.T.);
#6024=EDGE_CURVE('',#4719,#4717,#582,.T.);
#6025=EDGE_CURVE('',#4720,#4718,#2755,.T.);
#6026=EDGE_CURVE('',#4720,#4721,#2756,.T.);
#6027=EDGE_CURVE('',#4721,#4719,#2757,.T.);
#6028=EDGE_CURVE('',#4722,#4720,#2758,.T.);
#6029=EDGE_CURVE('',#4722,#4723,#2759,.T.);
#6030=EDGE_CURVE('',#4723,#4721,#2760,.T.);
#6031=EDGE_CURVE('',#4650,#4722,#583,.T.);
#6032=EDGE_CURVE('',#4651,#4723,#584,.T.);
#6033=EDGE_CURVE('',#4669,#4650,#585,.T.);
#6034=EDGE_CURVE('',#4671,#4651,#586,.T.);
#6035=EDGE_CURVE('',#4724,#4725,#587,.T.);
#6036=EDGE_CURVE('',#4724,#4726,#2761,.T.);
#6037=EDGE_CURVE('',#4726,#4727,#588,.T.);
#6038=EDGE_CURVE('',#4308,#4727,#2762,.T.);
#6039=EDGE_CURVE('',#4725,#4307,#589,.T.);
#6040=EDGE_CURVE('',#4311,#4728,#2763,.T.);
#6041=EDGE_CURVE('',#4728,#4729,#2764,.T.);
#6042=EDGE_CURVE('',#4312,#4729,#2765,.T.);
#6043=EDGE_CURVE('',#4310,#4730,#2766,.T.);
#6044=EDGE_CURVE('',#4730,#4728,#2767,.T.);
#6045=EDGE_CURVE('',#4309,#4731,#2768,.T.);
#6046=EDGE_CURVE('',#4731,#4730,#590,.T.);
#6047=EDGE_CURVE('',#4727,#4731,#591,.T.);
#6048=EDGE_CURVE('',#4732,#4724,#592,.T.);
#6049=EDGE_CURVE('',#4732,#4733,#2769,.T.);
#6050=EDGE_CURVE('',#4733,#4726,#593,.T.);
#6051=EDGE_CURVE('',#4734,#4732,#594,.T.);
#6052=EDGE_CURVE('',#4734,#4735,#2770,.T.);
#6053=EDGE_CURVE('',#4735,#4733,#595,.T.);
#6054=EDGE_CURVE('',#4736,#4734,#596,.T.);
#6055=EDGE_CURVE('',#4336,#4736,#597,.T.);
#6056=EDGE_CURVE('',#4335,#4737,#2771,.T.);
#6057=EDGE_CURVE('',#4737,#4735,#598,.T.);
#6058=EDGE_CURVE('',#4334,#4738,#2772,.T.);
#6059=EDGE_CURVE('',#4738,#4737,#599,.T.);
#6060=EDGE_CURVE('',#4333,#4739,#2773,.T.);
#6061=EDGE_CURVE('',#4739,#4738,#600,.T.);
#6062=EDGE_CURVE('',#4332,#4740,#2774,.T.);
#6063=EDGE_CURVE('',#4740,#4739,#2775,.T.);
#6064=EDGE_CURVE('',#4331,#4741,#2776,.T.);
#6065=EDGE_CURVE('',#4741,#4740,#2777,.T.);
#6066=EDGE_CURVE('',#4330,#4742,#2778,.T.);
#6067=EDGE_CURVE('',#4742,#4741,#601,.T.);
#6068=EDGE_CURVE('',#4329,#4743,#2779,.T.);
#6069=EDGE_CURVE('',#4743,#4742,#602,.T.);
#6070=EDGE_CURVE('',#4328,#4744,#2780,.T.);
#6071=EDGE_CURVE('',#4744,#4743,#603,.T.);
#6072=EDGE_CURVE('',#4327,#4745,#2781,.T.);
#6073=EDGE_CURVE('',#4745,#4744,#2782,.T.);
#6074=EDGE_CURVE('',#4326,#4746,#2783,.T.);
#6075=EDGE_CURVE('',#4746,#4745,#2784,.T.);
#6076=EDGE_CURVE('',#4325,#4747,#2785,.T.);
#6077=EDGE_CURVE('',#4747,#4746,#2786,.T.);
#6078=EDGE_CURVE('',#4324,#4748,#2787,.T.);
#6079=EDGE_CURVE('',#4748,#4747,#604,.T.);
#6080=EDGE_CURVE('',#4323,#4749,#2788,.T.);
#6081=EDGE_CURVE('',#4749,#4748,#605,.T.);
#6082=EDGE_CURVE('',#4322,#4750,#2789,.T.);
#6083=EDGE_CURVE('',#4750,#4749,#606,.T.);
#6084=EDGE_CURVE('',#4321,#4751,#2790,.T.);
#6085=EDGE_CURVE('',#4751,#4750,#2791,.T.);
#6086=EDGE_CURVE('',#4320,#4752,#2792,.T.);
#6087=EDGE_CURVE('',#4752,#4751,#607,.T.);
#6088=EDGE_CURVE('',#4319,#4753,#2793,.T.);
#6089=EDGE_CURVE('',#4753,#4752,#608,.T.);
#6090=EDGE_CURVE('',#4318,#4754,#2794,.T.);
#6091=EDGE_CURVE('',#4754,#4753,#609,.T.);
#6092=EDGE_CURVE('',#4317,#4755,#2795,.T.);
#6093=EDGE_CURVE('',#4755,#4754,#2796,.T.);
#6094=EDGE_CURVE('',#4316,#4756,#2797,.T.);
#6095=EDGE_CURVE('',#4756,#4755,#2798,.T.);
#6096=EDGE_CURVE('',#4315,#4757,#2799,.T.);
#6097=EDGE_CURVE('',#4757,#4756,#2800,.T.);
#6098=EDGE_CURVE('',#4314,#4758,#2801,.T.);
#6099=EDGE_CURVE('',#4758,#4757,#610,.T.);
#6100=EDGE_CURVE('',#4313,#4759,#2802,.T.);
#6101=EDGE_CURVE('',#4759,#4758,#611,.T.);
#6102=EDGE_CURVE('',#4729,#4759,#612,.T.);
#6103=EDGE_CURVE('',#4760,#4761,#613,.T.);
#6104=EDGE_CURVE('',#4760,#4762,#2803,.T.);
#6105=EDGE_CURVE('',#4762,#4763,#614,.T.);
#6106=EDGE_CURVE('',#4764,#4763,#2804,.T.);
#6107=EDGE_CURVE('',#4765,#4764,#615,.T.);
#6108=EDGE_CURVE('',#4761,#4765,#616,.T.);
#6109=EDGE_CURVE('',#4766,#4767,#617,.T.);
#6110=EDGE_CURVE('',#4766,#4768,#2805,.T.);
#6111=EDGE_CURVE('',#4768,#4769,#618,.T.);
#6112=EDGE_CURVE('',#4767,#4769,#2806,.T.);
#6113=EDGE_CURVE('',#4770,#4766,#619,.T.);
#6114=EDGE_CURVE('',#4770,#4771,#2807,.T.);
#6115=EDGE_CURVE('',#4771,#4768,#620,.T.);
#6116=EDGE_CURVE('',#4772,#4770,#621,.T.);
#6117=EDGE_CURVE('',#4772,#4773,#2808,.T.);
#6118=EDGE_CURVE('',#4773,#4771,#622,.T.);
#6119=EDGE_CURVE('',#4774,#4772,#2809,.T.);
#6120=EDGE_CURVE('',#4774,#4775,#2810,.T.);
#6121=EDGE_CURVE('',#4775,#4773,#2811,.T.);
#6122=EDGE_CURVE('',#4776,#4774,#623,.T.);
#6123=EDGE_CURVE('',#4776,#4777,#2812,.T.);
#6124=EDGE_CURVE('',#4777,#4775,#624,.T.);
#6125=EDGE_CURVE('',#4778,#4776,#625,.T.);
#6126=EDGE_CURVE('',#4778,#4779,#2813,.T.);
#6127=EDGE_CURVE('',#4779,#4777,#626,.T.);
#6128=EDGE_CURVE('',#4767,#4778,#627,.T.);
#6129=EDGE_CURVE('',#4769,#4779,#628,.T.);
#6130=EDGE_CURVE('',#4780,#4781,#629,.T.);
#6131=EDGE_CURVE('',#4780,#4782,#2814,.T.);
#6132=EDGE_CURVE('',#4782,#4783,#630,.T.);
#6133=EDGE_CURVE('',#4781,#4783,#2815,.T.);
#6134=EDGE_CURVE('',#4784,#4780,#631,.T.);
#6135=EDGE_CURVE('',#4784,#4785,#2816,.T.);
#6136=EDGE_CURVE('',#4785,#4782,#632,.T.);
#6137=EDGE_CURVE('',#4786,#4784,#2817,.T.);
#6138=EDGE_CURVE('',#4786,#4787,#2818,.T.);
#6139=EDGE_CURVE('',#4787,#4785,#2819,.T.);
#6140=EDGE_CURVE('',#4788,#4786,#633,.T.);
#6141=EDGE_CURVE('',#4788,#4789,#2820,.T.);
#6142=EDGE_CURVE('',#4789,#4787,#634,.T.);
#6143=EDGE_CURVE('',#4790,#4788,#635,.T.);
#6144=EDGE_CURVE('',#4790,#4791,#2821,.T.);
#6145=EDGE_CURVE('',#4791,#4789,#636,.T.);
#6146=EDGE_CURVE('',#4792,#4790,#637,.T.);
#6147=EDGE_CURVE('',#4792,#4793,#2822,.T.);
#6148=EDGE_CURVE('',#4793,#4791,#638,.T.);
#6149=EDGE_CURVE('',#4794,#4792,#639,.T.);
#6150=EDGE_CURVE('',#4794,#4795,#2823,.T.);
#6151=EDGE_CURVE('',#4795,#4793,#640,.T.);
#6152=EDGE_CURVE('',#4796,#4794,#641,.T.);
#6153=EDGE_CURVE('',#4796,#4797,#2824,.T.);
#6154=EDGE_CURVE('',#4797,#4795,#642,.T.);
#6155=EDGE_CURVE('',#4798,#4796,#643,.T.);
#6156=EDGE_CURVE('',#4798,#4799,#2825,.T.);
#6157=EDGE_CURVE('',#4799,#4797,#644,.T.);
#6158=EDGE_CURVE('',#4764,#4798,#2826,.T.);
#6159=EDGE_CURVE('',#4763,#4799,#2827,.T.);
#6160=EDGE_CURVE('',#4800,#4760,#645,.T.);
#6161=EDGE_CURVE('',#4800,#4801,#2828,.T.);
#6162=EDGE_CURVE('',#4801,#4762,#646,.T.);
#6163=EDGE_CURVE('',#4802,#4800,#647,.T.);
#6164=EDGE_CURVE('',#4802,#4803,#2829,.T.);
#6165=EDGE_CURVE('',#4803,#4801,#648,.T.);
#6166=EDGE_CURVE('',#4804,#4802,#649,.T.);
#6167=EDGE_CURVE('',#4804,#4805,#2830,.T.);
#6168=EDGE_CURVE('',#4805,#4803,#650,.T.);
#6169=EDGE_CURVE('',#4806,#4804,#651,.T.);
#6170=EDGE_CURVE('',#4807,#4806,#652,.T.);
#6171=EDGE_CURVE('',#4808,#4807,#653,.T.);
#6172=EDGE_CURVE('',#4808,#4809,#2831,.T.);
#6173=EDGE_CURVE('',#4809,#4805,#654,.T.);
#6174=EDGE_CURVE('',#4810,#4808,#2832,.T.);
#6175=EDGE_CURVE('',#4810,#4811,#2833,.T.);
#6176=EDGE_CURVE('',#4811,#4809,#2834,.T.);
#6177=EDGE_CURVE('',#4812,#4810,#655,.T.);
#6178=EDGE_CURVE('',#4812,#4813,#2835,.T.);
#6179=EDGE_CURVE('',#4813,#4811,#656,.T.);
#6180=EDGE_CURVE('',#4814,#4812,#657,.T.);
#6181=EDGE_CURVE('',#4814,#4815,#2836,.T.);
#6182=EDGE_CURVE('',#4815,#4813,#658,.T.);
#6183=EDGE_CURVE('',#4781,#4814,#659,.T.);
#6184=EDGE_CURVE('',#4783,#4815,#660,.T.);
#6185=EDGE_CURVE('',#4816,#4404,#2837,.T.);
#6186=EDGE_CURVE('',#4305,#4816,#2838,.T.);
#6187=EDGE_CURVE('',#4405,#4305,#2839,.T.);
#6188=EDGE_CURVE('',#4817,#4343,#2840,.T.);
#6189=EDGE_CURVE('',#4817,#4818,#2841,.T.);
#6190=EDGE_CURVE('',#4339,#4818,#2842,.T.);
#6191=EDGE_CURVE('',#4358,#4349,#2843,.T.);
#6192=EDGE_CURVE('',#4359,#4345,#2844,.T.);
#6193=EDGE_CURVE('',#4819,#4357,#2845,.T.);
#6194=EDGE_CURVE('',#4819,#4820,#2846,.T.);
#6195=EDGE_CURVE('',#4820,#4354,#2847,.T.);
#6196=EDGE_CURVE('',#4363,#4428,#2848,.T.);
#6197=EDGE_CURVE('',#4820,#4821,#2849,.T.);
#6198=EDGE_CURVE('',#4821,#4450,#2850,.T.);
#6199=EDGE_CURVE('',#4370,#4822,#2851,.T.);
#6200=EDGE_CURVE('',#4823,#4822,#2852,.T.);
#6201=EDGE_CURVE('',#4824,#4823,#2853,.T.);
#6202=EDGE_CURVE('',#4432,#4824,#2854,.T.);
#6203=EDGE_CURVE('',#4825,#4373,#2855,.T.);
#6204=EDGE_CURVE('',#4825,#4822,#2856,.T.);
#6205=EDGE_CURVE('',#4826,#4821,#2857,.T.);
#6206=EDGE_CURVE('',#4451,#4826,#2858,.T.);
#6207=EDGE_CURVE('',#4429,#4367,#2859,.T.);
#6208=EDGE_CURVE('',#4557,#4503,#2860,.T.);
#6209=EDGE_CURVE('',#4827,#4826,#2861,.T.);
#6210=EDGE_CURVE('',#4827,#4828,#2862,.T.);
#6211=EDGE_CURVE('',#4828,#4543,#2863,.T.);
#6212=EDGE_CURVE('',#4504,#4517,#2864,.T.);
#6213=EDGE_CURVE('',#4525,#4829,#2865,.T.);
#6214=EDGE_CURVE('',#4830,#4829,#2866,.T.);
#6215=EDGE_CURVE('',#4830,#4825,#2867,.T.);
#6216=EDGE_CURVE('',#4556,#4500,#2868,.T.);
#6217=EDGE_CURVE('',#4505,#4514,#2869,.T.);
#6218=EDGE_CURVE('',#4524,#4831,#2870,.T.);
#6219=EDGE_CURVE('',#4829,#4831,#2871,.T.);
#6220=EDGE_CURVE('',#4832,#4621,#2872,.T.);
#6221=EDGE_CURVE('',#4832,#4833,#2873,.T.);
#6222=EDGE_CURVE('',#4833,#4620,#2874,.T.);
#6223=EDGE_CURVE('',#4579,#4834,#2875,.T.);
#6224=EDGE_CURVE('',#4835,#4834,#2876,.T.);
#6225=EDGE_CURVE('',#4578,#4835,#2877,.T.);
#6226=EDGE_CURVE('',#4833,#4836,#2878,.T.);
#6227=EDGE_CURVE('',#4836,#4626,#2879,.T.);
#6228=EDGE_CURVE('',#4837,#4836,#2880,.T.);
#6229=EDGE_CURVE('',#4627,#4837,#2881,.T.);
#6230=EDGE_CURVE('',#4586,#4664,#2882,.T.);
#6231=EDGE_CURVE('',#4665,#4589,#2883,.T.);
#6232=EDGE_CURVE('',#4591,#4572,#2884,.T.);
#6233=EDGE_CURVE('',#4573,#4595,#2885,.T.);
#6234=EDGE_CURVE('',#4838,#4565,#2886,.T.);
#6235=EDGE_CURVE('',#4838,#4839,#2887,.T.);
#6236=EDGE_CURVE('',#4561,#4839,#2888,.T.);
#6237=EDGE_CURVE('',#4298,#4837,#2889,.T.);
#6238=EDGE_CURVE('',#4298,#4840,#2890,.T.);
#6239=EDGE_CURVE('',#4840,#4601,#2891,.T.);
#6240=EDGE_CURVE('',#4679,#4841,#2892,.T.);
#6241=EDGE_CURVE('',#4842,#4841,#2893,.T.);
#6242=EDGE_CURVE('',#4842,#4838,#2894,.T.);
#6243=EDGE_CURVE('',#4678,#4843,#2895,.T.);
#6244=EDGE_CURVE('',#4841,#4843,#2896,.T.);
#6245=EDGE_CURVE('',#4840,#4844,#2897,.T.);
#6246=EDGE_CURVE('',#4844,#4597,#2898,.T.);
#6247=EDGE_CURVE('',#4736,#4845,#2899,.T.);
#6248=EDGE_CURVE('',#4337,#4845,#2900,.T.);
#6249=EDGE_CURVE('',#4306,#4846,#2901,.T.);
#6250=EDGE_CURVE('',#4846,#4725,#2902,.T.);
#6251=EDGE_CURVE('',#4847,#4542,#2903,.T.);
#6252=EDGE_CURVE('',#4847,#4848,#2904,.T.);
#6253=EDGE_CURVE('',#4848,#4546,#2905,.T.);
#6254=EDGE_CURVE('',#4552,#4806,#2906,.T.);
#6255=EDGE_CURVE('',#4761,#4849,#2907,.T.);
#6256=EDGE_CURVE('',#4850,#4849,#2908,.T.);
#6257=EDGE_CURVE('',#4831,#4850,#2909,.T.);
#6258=EDGE_CURVE('',#4851,#4765,#2910,.T.);
#6259=EDGE_CURVE('',#4851,#4849,#2911,.T.);
#6260=EDGE_CURVE('',#4807,#4553,#2912,.T.);
#6261=EDGE_CURVE('',#4826,#4305,#2913,.T.);
#6262=EDGE_CURVE('',#4826,#4819,#2914,.T.);
#6263=EDGE_CURVE('',#4433,#4852,#2915,.T.);
#6264=EDGE_CURVE('',#4853,#4852,#2916,.T.);
#6265=EDGE_CURVE('',#4853,#4817,#2917,.T.);
#6266=EDGE_CURVE('',#4305,#4816,#2918,.T.);
#6267=EDGE_CURVE('',#4846,#4816,#2919,.T.);
#6268=EDGE_CURVE('',#4854,#4818,#2920,.T.);
#6269=EDGE_CURVE('',#4845,#4854,#2921,.T.);
#6270=EDGE_CURVE('',#4854,#4853,#2922,.T.);
#6271=EDGE_CURVE('',#4827,#4848,#2923,.T.);
#6272=EDGE_CURVE('',#4547,#4827,#2924,.T.);
#6273=EDGE_CURVE('',#4828,#4847,#2925,.T.);
#6274=EDGE_CURVE('',#4827,#4848,#2926,.T.);
#6275=EDGE_CURVE('',#4850,#4855,#2927,.T.);
#6276=EDGE_CURVE('',#4855,#4851,#2928,.T.);
#6277=EDGE_CURVE('',#4837,#4832,#2929,.T.);
#6278=EDGE_CURVE('',#4837,#4836,#2930,.T.);
#6279=EDGE_CURVE('',#4856,#4839,#2931,.T.);
#6280=EDGE_CURVE('',#4834,#4856,#2932,.T.);
#6281=EDGE_CURVE('',#4856,#4842,#2933,.T.);
#6282=EDGE_CURVE('',#4852,#4824,#2934,.T.);
#6283=EDGE_CURVE('',#4826,#4821,#2935,.T.);
#6284=EDGE_CURVE('',#4823,#4830,#2936,.T.);
#6285=EDGE_CURVE('',#4297,#4857,#2937,.T.);
#6286=EDGE_CURVE('',#4858,#4857,#2938,.T.);
#6287=EDGE_CURVE('',#4298,#4858,#2939,.T.);
#6288=EDGE_CURVE('',#4298,#4858,#2940,.T.);
#6289=EDGE_CURVE('',#4844,#4858,#2941,.T.);
#6290=EDGE_CURVE('',#4859,#4857,#2942,.T.);
#6291=EDGE_CURVE('',#4843,#4859,#2943,.T.);
#6292=EDGE_CURVE('',#4859,#4296,#2944,.T.);
#6293=EDGE_CURVE('',#4299,#4141,#2945,.T.);
#6294=EDGE_CURVE('',#4837,#4827,#2946,.T.);
#6295=EDGE_CURVE('',#4855,#4835,#2947,.T.);
#6296=EDGE_CURVE('',#4860,#4303,#2948,.T.);
#6297=EDGE_CURVE('',#4861,#4860,#2949,.T.);
#6298=EDGE_CURVE('',#4304,#4861,#2950,.T.);
#6299=EDGE_CURVE('',#4301,#4862,#2951,.T.);
#6300=EDGE_CURVE('',#4862,#4863,#2952,.T.);
#6301=EDGE_CURVE('',#4863,#4864,#2953,.T.);
#6302=EDGE_CURVE('',#4864,#4865,#2954,.T.);
#6303=EDGE_CURVE('',#4865,#4866,#2955,.T.);
#6304=EDGE_CURVE('',#4866,#4867,#2956,.T.);
#6305=EDGE_CURVE('',#4867,#4868,#2957,.T.);
#6306=EDGE_CURVE('',#4868,#4869,#2958,.T.);
#6307=EDGE_CURVE('',#4869,#4870,#2959,.T.);
#6308=EDGE_CURVE('',#4871,#4870,#3976,.T.);
#6309=EDGE_CURVE('',#4871,#4872,#2960,.T.);
#6310=EDGE_CURVE('',#4860,#4872,#3977,.T.);
#6311=EDGE_CURVE('',#4872,#4873,#2961,.T.);
#6312=EDGE_CURVE('',#4873,#4861,#3978,.T.);
#6313=EDGE_CURVE('',#4874,#4871,#2962,.T.);
#6314=EDGE_CURVE('',#4873,#4874,#2963,.T.);
#6315=EDGE_CURVE('',#4870,#4875,#2964,.T.);
#6316=EDGE_CURVE('',#4875,#4874,#3979,.T.);
#6317=EDGE_CURVE('',#4869,#4876,#2965,.T.);
#6318=EDGE_CURVE('',#4876,#4877,#2966,.T.);
#6319=EDGE_CURVE('',#4877,#4862,#2967,.T.);
#6320=EDGE_CURVE('',#4875,#4300,#2968,.T.);
#6321=EDGE_CURVE('',#4878,#4868,#2969,.T.);
#6322=EDGE_CURVE('',#4878,#4876,#2970,.T.);
#6323=EDGE_CURVE('',#4877,#4879,#2971,.T.);
#6324=EDGE_CURVE('',#4863,#4879,#2972,.T.);
#6325=EDGE_CURVE('',#4879,#4878,#2973,.T.);
#6326=EDGE_CURVE('',#4880,#4881,#2974,.T.);
#6327=EDGE_CURVE('',#4880,#4867,#2975,.T.);
#6328=EDGE_CURVE('',#4881,#4866,#2976,.T.);
#6329=EDGE_CURVE('',#4882,#4880,#2977,.T.);
#6330=EDGE_CURVE('',#4882,#4864,#2978,.T.);
#6331=EDGE_CURVE('',#4881,#4883,#2979,.T.);
#6332=EDGE_CURVE('',#4883,#4865,#2980,.T.);
#6333=EDGE_CURVE('',#4883,#4882,#2981,.T.);
#6334=ORIENTED_EDGE('',*,*,#4884,.F.);
#6335=ORIENTED_EDGE('',*,*,#4885,.T.);
#6336=ORIENTED_EDGE('',*,*,#4886,.T.);
#6337=ORIENTED_EDGE('',*,*,#4885,.F.);
#6338=ORIENTED_EDGE('',*,*,#4886,.F.);
#6339=ORIENTED_EDGE('',*,*,#4887,.F.);
#6340=ORIENTED_EDGE('',*,*,#4888,.F.);
#6341=ORIENTED_EDGE('',*,*,#4889,.F.);
#6342=ORIENTED_EDGE('',*,*,#4890,.F.);
#6343=ORIENTED_EDGE('',*,*,#4891,.F.);
#6344=ORIENTED_EDGE('',*,*,#4892,.T.);
#6345=ORIENTED_EDGE('',*,*,#4888,.T.);
#6346=ORIENTED_EDGE('',*,*,#4893,.F.);
#6347=ORIENTED_EDGE('',*,*,#4894,.F.);
#6348=ORIENTED_EDGE('',*,*,#4889,.T.);
#6349=ORIENTED_EDGE('',*,*,#4892,.F.);
#6350=ORIENTED_EDGE('',*,*,#4895,.F.);
#6351=ORIENTED_EDGE('',*,*,#4896,.T.);
#6352=ORIENTED_EDGE('',*,*,#4897,.T.);
#6353=ORIENTED_EDGE('',*,*,#4896,.F.);
#6354=ORIENTED_EDGE('',*,*,#4897,.F.);
#6355=ORIENTED_EDGE('',*,*,#4898,.F.);
#6356=ORIENTED_EDGE('',*,*,#4899,.T.);
#6357=ORIENTED_EDGE('',*,*,#4900,.T.);
#6358=ORIENTED_EDGE('',*,*,#4899,.F.);
#6359=ORIENTED_EDGE('',*,*,#4900,.F.);
#6360=ORIENTED_EDGE('',*,*,#4890,.T.);
#6361=ORIENTED_EDGE('',*,*,#4894,.T.);
#6362=ORIENTED_EDGE('',*,*,#4901,.T.);
#6363=ORIENTED_EDGE('',*,*,#4902,.F.);
#6364=ORIENTED_EDGE('',*,*,#4903,.F.);
#6365=ORIENTED_EDGE('',*,*,#4904,.F.);
#6366=ORIENTED_EDGE('',*,*,#4905,.T.);
#6367=ORIENTED_EDGE('',*,*,#4906,.T.);
#6368=ORIENTED_EDGE('',*,*,#4907,.F.);
#6369=ORIENTED_EDGE('',*,*,#4908,.T.);
#6370=ORIENTED_EDGE('',*,*,#4909,.F.);
#6371=ORIENTED_EDGE('',*,*,#4910,.F.);
#6372=ORIENTED_EDGE('',*,*,#4911,.F.);
#6373=ORIENTED_EDGE('',*,*,#4909,.T.);
#6374=ORIENTED_EDGE('',*,*,#4912,.F.);
#6375=ORIENTED_EDGE('',*,*,#4913,.F.);
#6376=ORIENTED_EDGE('',*,*,#4914,.F.);
#6377=ORIENTED_EDGE('',*,*,#4915,.F.);
#6378=ORIENTED_EDGE('',*,*,#4916,.T.);
#6379=ORIENTED_EDGE('',*,*,#4917,.T.);
#6380=ORIENTED_EDGE('',*,*,#4916,.F.);
#6381=ORIENTED_EDGE('',*,*,#4918,.F.);
#6382=ORIENTED_EDGE('',*,*,#4919,.T.);
#6383=ORIENTED_EDGE('',*,*,#4920,.F.);
#6384=ORIENTED_EDGE('',*,*,#4921,.F.);
#6385=ORIENTED_EDGE('',*,*,#4917,.F.);
#6386=ORIENTED_EDGE('',*,*,#4920,.T.);
#6387=ORIENTED_EDGE('',*,*,#4912,.T.);
#6388=ORIENTED_EDGE('',*,*,#4908,.F.);
#6389=ORIENTED_EDGE('',*,*,#4922,.F.);
#6390=ORIENTED_EDGE('',*,*,#4923,.T.);
#6391=ORIENTED_EDGE('',*,*,#4924,.F.);
#6392=ORIENTED_EDGE('',*,*,#4925,.F.);
#6393=ORIENTED_EDGE('',*,*,#4926,.F.);
#6394=ORIENTED_EDGE('',*,*,#4924,.T.);
#6395=ORIENTED_EDGE('',*,*,#4927,.F.);
#6396=ORIENTED_EDGE('',*,*,#4928,.F.);
#6397=ORIENTED_EDGE('',*,*,#4929,.F.);
#6398=ORIENTED_EDGE('',*,*,#4930,.F.);
#6399=ORIENTED_EDGE('',*,*,#4931,.T.);
#6400=ORIENTED_EDGE('',*,*,#4932,.T.);
#6401=ORIENTED_EDGE('',*,*,#4931,.F.);
#6402=ORIENTED_EDGE('',*,*,#4933,.F.);
#6403=ORIENTED_EDGE('',*,*,#4934,.T.);
#6404=ORIENTED_EDGE('',*,*,#4935,.F.);
#6405=ORIENTED_EDGE('',*,*,#4936,.F.);
#6406=ORIENTED_EDGE('',*,*,#4932,.F.);
#6407=ORIENTED_EDGE('',*,*,#4935,.T.);
#6408=ORIENTED_EDGE('',*,*,#4927,.T.);
#6409=ORIENTED_EDGE('',*,*,#4923,.F.);
#6410=ORIENTED_EDGE('',*,*,#4937,.F.);
#6411=ORIENTED_EDGE('',*,*,#4938,.T.);
#6412=ORIENTED_EDGE('',*,*,#4939,.F.);
#6413=ORIENTED_EDGE('',*,*,#4940,.F.);
#6414=ORIENTED_EDGE('',*,*,#4941,.F.);
#6415=ORIENTED_EDGE('',*,*,#4939,.T.);
#6416=ORIENTED_EDGE('',*,*,#4942,.F.);
#6417=ORIENTED_EDGE('',*,*,#4943,.F.);
#6418=ORIENTED_EDGE('',*,*,#4944,.F.);
#6419=ORIENTED_EDGE('',*,*,#4945,.F.);
#6420=ORIENTED_EDGE('',*,*,#4946,.T.);
#6421=ORIENTED_EDGE('',*,*,#4947,.T.);
#6422=ORIENTED_EDGE('',*,*,#4946,.F.);
#6423=ORIENTED_EDGE('',*,*,#4948,.F.);
#6424=ORIENTED_EDGE('',*,*,#4949,.T.);
#6425=ORIENTED_EDGE('',*,*,#4950,.F.);
#6426=ORIENTED_EDGE('',*,*,#4951,.F.);
#6427=ORIENTED_EDGE('',*,*,#4947,.F.);
#6428=ORIENTED_EDGE('',*,*,#4950,.T.);
#6429=ORIENTED_EDGE('',*,*,#4942,.T.);
#6430=ORIENTED_EDGE('',*,*,#4938,.F.);
#6431=ORIENTED_EDGE('',*,*,#4952,.F.);
#6432=ORIENTED_EDGE('',*,*,#4953,.T.);
#6433=ORIENTED_EDGE('',*,*,#4954,.F.);
#6434=ORIENTED_EDGE('',*,*,#4955,.F.);
#6435=ORIENTED_EDGE('',*,*,#4956,.F.);
#6436=ORIENTED_EDGE('',*,*,#4954,.T.);
#6437=ORIENTED_EDGE('',*,*,#4957,.F.);
#6438=ORIENTED_EDGE('',*,*,#4958,.F.);
#6439=ORIENTED_EDGE('',*,*,#4959,.F.);
#6440=ORIENTED_EDGE('',*,*,#4960,.F.);
#6441=ORIENTED_EDGE('',*,*,#4961,.T.);
#6442=ORIENTED_EDGE('',*,*,#4962,.T.);
#6443=ORIENTED_EDGE('',*,*,#4961,.F.);
#6444=ORIENTED_EDGE('',*,*,#4963,.F.);
#6445=ORIENTED_EDGE('',*,*,#4964,.T.);
#6446=ORIENTED_EDGE('',*,*,#4965,.F.);
#6447=ORIENTED_EDGE('',*,*,#4966,.F.);
#6448=ORIENTED_EDGE('',*,*,#4962,.F.);
#6449=ORIENTED_EDGE('',*,*,#4965,.T.);
#6450=ORIENTED_EDGE('',*,*,#4957,.T.);
#6451=ORIENTED_EDGE('',*,*,#4953,.F.);
#6452=ORIENTED_EDGE('',*,*,#4967,.F.);
#6453=ORIENTED_EDGE('',*,*,#4968,.T.);
#6454=ORIENTED_EDGE('',*,*,#4969,.F.);
#6455=ORIENTED_EDGE('',*,*,#4970,.F.);
#6456=ORIENTED_EDGE('',*,*,#4971,.F.);
#6457=ORIENTED_EDGE('',*,*,#4969,.T.);
#6458=ORIENTED_EDGE('',*,*,#4972,.F.);
#6459=ORIENTED_EDGE('',*,*,#4973,.F.);
#6460=ORIENTED_EDGE('',*,*,#4974,.F.);
#6461=ORIENTED_EDGE('',*,*,#4975,.F.);
#6462=ORIENTED_EDGE('',*,*,#4976,.T.);
#6463=ORIENTED_EDGE('',*,*,#4977,.T.);
#6464=ORIENTED_EDGE('',*,*,#4976,.F.);
#6465=ORIENTED_EDGE('',*,*,#4978,.F.);
#6466=ORIENTED_EDGE('',*,*,#4979,.T.);
#6467=ORIENTED_EDGE('',*,*,#4980,.F.);
#6468=ORIENTED_EDGE('',*,*,#4981,.F.);
#6469=ORIENTED_EDGE('',*,*,#4977,.F.);
#6470=ORIENTED_EDGE('',*,*,#4980,.T.);
#6471=ORIENTED_EDGE('',*,*,#4972,.T.);
#6472=ORIENTED_EDGE('',*,*,#4968,.F.);
#6473=ORIENTED_EDGE('',*,*,#4982,.F.);
#6474=ORIENTED_EDGE('',*,*,#4983,.T.);
#6475=ORIENTED_EDGE('',*,*,#4984,.F.);
#6476=ORIENTED_EDGE('',*,*,#4985,.F.);
#6477=ORIENTED_EDGE('',*,*,#4986,.F.);
#6478=ORIENTED_EDGE('',*,*,#4984,.T.);
#6479=ORIENTED_EDGE('',*,*,#4987,.F.);
#6480=ORIENTED_EDGE('',*,*,#4988,.F.);
#6481=ORIENTED_EDGE('',*,*,#4989,.F.);
#6482=ORIENTED_EDGE('',*,*,#4990,.F.);
#6483=ORIENTED_EDGE('',*,*,#4991,.T.);
#6484=ORIENTED_EDGE('',*,*,#4992,.T.);
#6485=ORIENTED_EDGE('',*,*,#4991,.F.);
#6486=ORIENTED_EDGE('',*,*,#4993,.F.);
#6487=ORIENTED_EDGE('',*,*,#4994,.T.);
#6488=ORIENTED_EDGE('',*,*,#4995,.F.);
#6489=ORIENTED_EDGE('',*,*,#4996,.F.);
#6490=ORIENTED_EDGE('',*,*,#4992,.F.);
#6491=ORIENTED_EDGE('',*,*,#4995,.T.);
#6492=ORIENTED_EDGE('',*,*,#4987,.T.);
#6493=ORIENTED_EDGE('',*,*,#4983,.F.);
#6494=ORIENTED_EDGE('',*,*,#4997,.F.);
#6495=ORIENTED_EDGE('',*,*,#4998,.T.);
#6496=ORIENTED_EDGE('',*,*,#4999,.F.);
#6497=ORIENTED_EDGE('',*,*,#5000,.F.);
#6498=ORIENTED_EDGE('',*,*,#5001,.F.);
#6499=ORIENTED_EDGE('',*,*,#4999,.T.);
#6500=ORIENTED_EDGE('',*,*,#5002,.F.);
#6501=ORIENTED_EDGE('',*,*,#5003,.F.);
#6502=ORIENTED_EDGE('',*,*,#5004,.F.);
#6503=ORIENTED_EDGE('',*,*,#5005,.F.);
#6504=ORIENTED_EDGE('',*,*,#5006,.T.);
#6505=ORIENTED_EDGE('',*,*,#5007,.T.);
#6506=ORIENTED_EDGE('',*,*,#5006,.F.);
#6507=ORIENTED_EDGE('',*,*,#5008,.F.);
#6508=ORIENTED_EDGE('',*,*,#5009,.T.);
#6509=ORIENTED_EDGE('',*,*,#5010,.F.);
#6510=ORIENTED_EDGE('',*,*,#5011,.F.);
#6511=ORIENTED_EDGE('',*,*,#5007,.F.);
#6512=ORIENTED_EDGE('',*,*,#5010,.T.);
#6513=ORIENTED_EDGE('',*,*,#5002,.T.);
#6514=ORIENTED_EDGE('',*,*,#4998,.F.);
#6515=ORIENTED_EDGE('',*,*,#5012,.F.);
#6516=ORIENTED_EDGE('',*,*,#5013,.T.);
#6517=ORIENTED_EDGE('',*,*,#5014,.F.);
#6518=ORIENTED_EDGE('',*,*,#5015,.F.);
#6519=ORIENTED_EDGE('',*,*,#5016,.F.);
#6520=ORIENTED_EDGE('',*,*,#5014,.T.);
#6521=ORIENTED_EDGE('',*,*,#5017,.F.);
#6522=ORIENTED_EDGE('',*,*,#5018,.F.);
#6523=ORIENTED_EDGE('',*,*,#5019,.F.);
#6524=ORIENTED_EDGE('',*,*,#5020,.F.);
#6525=ORIENTED_EDGE('',*,*,#5021,.T.);
#6526=ORIENTED_EDGE('',*,*,#5022,.T.);
#6527=ORIENTED_EDGE('',*,*,#5021,.F.);
#6528=ORIENTED_EDGE('',*,*,#5023,.F.);
#6529=ORIENTED_EDGE('',*,*,#5024,.T.);
#6530=ORIENTED_EDGE('',*,*,#5025,.F.);
#6531=ORIENTED_EDGE('',*,*,#5026,.F.);
#6532=ORIENTED_EDGE('',*,*,#5022,.F.);
#6533=ORIENTED_EDGE('',*,*,#5025,.T.);
#6534=ORIENTED_EDGE('',*,*,#5017,.T.);
#6535=ORIENTED_EDGE('',*,*,#5013,.F.);
#6536=ORIENTED_EDGE('',*,*,#5027,.F.);
#6537=ORIENTED_EDGE('',*,*,#5028,.T.);
#6538=ORIENTED_EDGE('',*,*,#5029,.F.);
#6539=ORIENTED_EDGE('',*,*,#5030,.F.);
#6540=ORIENTED_EDGE('',*,*,#5031,.F.);
#6541=ORIENTED_EDGE('',*,*,#5029,.T.);
#6542=ORIENTED_EDGE('',*,*,#5032,.F.);
#6543=ORIENTED_EDGE('',*,*,#5033,.F.);
#6544=ORIENTED_EDGE('',*,*,#5034,.F.);
#6545=ORIENTED_EDGE('',*,*,#5035,.F.);
#6546=ORIENTED_EDGE('',*,*,#5036,.T.);
#6547=ORIENTED_EDGE('',*,*,#5037,.T.);
#6548=ORIENTED_EDGE('',*,*,#5036,.F.);
#6549=ORIENTED_EDGE('',*,*,#5038,.F.);
#6550=ORIENTED_EDGE('',*,*,#5039,.T.);
#6551=ORIENTED_EDGE('',*,*,#5040,.F.);
#6552=ORIENTED_EDGE('',*,*,#5041,.F.);
#6553=ORIENTED_EDGE('',*,*,#5037,.F.);
#6554=ORIENTED_EDGE('',*,*,#5040,.T.);
#6555=ORIENTED_EDGE('',*,*,#5032,.T.);
#6556=ORIENTED_EDGE('',*,*,#5028,.F.);
#6557=ORIENTED_EDGE('',*,*,#5042,.F.);
#6558=ORIENTED_EDGE('',*,*,#5043,.T.);
#6559=ORIENTED_EDGE('',*,*,#5044,.F.);
#6560=ORIENTED_EDGE('',*,*,#5045,.F.);
#6561=ORIENTED_EDGE('',*,*,#5046,.F.);
#6562=ORIENTED_EDGE('',*,*,#5044,.T.);
#6563=ORIENTED_EDGE('',*,*,#5047,.F.);
#6564=ORIENTED_EDGE('',*,*,#5048,.F.);
#6565=ORIENTED_EDGE('',*,*,#5049,.F.);
#6566=ORIENTED_EDGE('',*,*,#5050,.F.);
#6567=ORIENTED_EDGE('',*,*,#5051,.T.);
#6568=ORIENTED_EDGE('',*,*,#5052,.T.);
#6569=ORIENTED_EDGE('',*,*,#5051,.F.);
#6570=ORIENTED_EDGE('',*,*,#5053,.F.);
#6571=ORIENTED_EDGE('',*,*,#5054,.T.);
#6572=ORIENTED_EDGE('',*,*,#5055,.F.);
#6573=ORIENTED_EDGE('',*,*,#5056,.F.);
#6574=ORIENTED_EDGE('',*,*,#5052,.F.);
#6575=ORIENTED_EDGE('',*,*,#5055,.T.);
#6576=ORIENTED_EDGE('',*,*,#5047,.T.);
#6577=ORIENTED_EDGE('',*,*,#5043,.F.);
#6578=ORIENTED_EDGE('',*,*,#5057,.F.);
#6579=ORIENTED_EDGE('',*,*,#5058,.T.);
#6580=ORIENTED_EDGE('',*,*,#5059,.F.);
#6581=ORIENTED_EDGE('',*,*,#5060,.F.);
#6582=ORIENTED_EDGE('',*,*,#5061,.F.);
#6583=ORIENTED_EDGE('',*,*,#5059,.T.);
#6584=ORIENTED_EDGE('',*,*,#5062,.F.);
#6585=ORIENTED_EDGE('',*,*,#5063,.F.);
#6586=ORIENTED_EDGE('',*,*,#5064,.F.);
#6587=ORIENTED_EDGE('',*,*,#5065,.F.);
#6588=ORIENTED_EDGE('',*,*,#5066,.T.);
#6589=ORIENTED_EDGE('',*,*,#5067,.T.);
#6590=ORIENTED_EDGE('',*,*,#5066,.F.);
#6591=ORIENTED_EDGE('',*,*,#5068,.F.);
#6592=ORIENTED_EDGE('',*,*,#5069,.T.);
#6593=ORIENTED_EDGE('',*,*,#5070,.F.);
#6594=ORIENTED_EDGE('',*,*,#5071,.F.);
#6595=ORIENTED_EDGE('',*,*,#5067,.F.);
#6596=ORIENTED_EDGE('',*,*,#5070,.T.);
#6597=ORIENTED_EDGE('',*,*,#5062,.T.);
#6598=ORIENTED_EDGE('',*,*,#5058,.F.);
#6599=ORIENTED_EDGE('',*,*,#5072,.F.);
#6600=ORIENTED_EDGE('',*,*,#5073,.T.);
#6601=ORIENTED_EDGE('',*,*,#5074,.F.);
#6602=ORIENTED_EDGE('',*,*,#5075,.F.);
#6603=ORIENTED_EDGE('',*,*,#5076,.F.);
#6604=ORIENTED_EDGE('',*,*,#5074,.T.);
#6605=ORIENTED_EDGE('',*,*,#5077,.F.);
#6606=ORIENTED_EDGE('',*,*,#5078,.F.);
#6607=ORIENTED_EDGE('',*,*,#5079,.F.);
#6608=ORIENTED_EDGE('',*,*,#5080,.F.);
#6609=ORIENTED_EDGE('',*,*,#5081,.T.);
#6610=ORIENTED_EDGE('',*,*,#5082,.T.);
#6611=ORIENTED_EDGE('',*,*,#5081,.F.);
#6612=ORIENTED_EDGE('',*,*,#5083,.F.);
#6613=ORIENTED_EDGE('',*,*,#5084,.T.);
#6614=ORIENTED_EDGE('',*,*,#5085,.F.);
#6615=ORIENTED_EDGE('',*,*,#5086,.F.);
#6616=ORIENTED_EDGE('',*,*,#5082,.F.);
#6617=ORIENTED_EDGE('',*,*,#5085,.T.);
#6618=ORIENTED_EDGE('',*,*,#5077,.T.);
#6619=ORIENTED_EDGE('',*,*,#5073,.F.);
#6620=ORIENTED_EDGE('',*,*,#5087,.F.);
#6621=ORIENTED_EDGE('',*,*,#5088,.T.);
#6622=ORIENTED_EDGE('',*,*,#5089,.F.);
#6623=ORIENTED_EDGE('',*,*,#5090,.F.);
#6624=ORIENTED_EDGE('',*,*,#5091,.F.);
#6625=ORIENTED_EDGE('',*,*,#5089,.T.);
#6626=ORIENTED_EDGE('',*,*,#5092,.F.);
#6627=ORIENTED_EDGE('',*,*,#5093,.F.);
#6628=ORIENTED_EDGE('',*,*,#5094,.F.);
#6629=ORIENTED_EDGE('',*,*,#5095,.F.);
#6630=ORIENTED_EDGE('',*,*,#5096,.T.);
#6631=ORIENTED_EDGE('',*,*,#5097,.T.);
#6632=ORIENTED_EDGE('',*,*,#5096,.F.);
#6633=ORIENTED_EDGE('',*,*,#5098,.F.);
#6634=ORIENTED_EDGE('',*,*,#5099,.T.);
#6635=ORIENTED_EDGE('',*,*,#5100,.F.);
#6636=ORIENTED_EDGE('',*,*,#5101,.F.);
#6637=ORIENTED_EDGE('',*,*,#5097,.F.);
#6638=ORIENTED_EDGE('',*,*,#5100,.T.);
#6639=ORIENTED_EDGE('',*,*,#5092,.T.);
#6640=ORIENTED_EDGE('',*,*,#5088,.F.);
#6641=ORIENTED_EDGE('',*,*,#5102,.F.);
#6642=ORIENTED_EDGE('',*,*,#5103,.T.);
#6643=ORIENTED_EDGE('',*,*,#5104,.F.);
#6644=ORIENTED_EDGE('',*,*,#5105,.F.);
#6645=ORIENTED_EDGE('',*,*,#5106,.F.);
#6646=ORIENTED_EDGE('',*,*,#5104,.T.);
#6647=ORIENTED_EDGE('',*,*,#5107,.F.);
#6648=ORIENTED_EDGE('',*,*,#5108,.F.);
#6649=ORIENTED_EDGE('',*,*,#5109,.F.);
#6650=ORIENTED_EDGE('',*,*,#5110,.F.);
#6651=ORIENTED_EDGE('',*,*,#5111,.T.);
#6652=ORIENTED_EDGE('',*,*,#5112,.T.);
#6653=ORIENTED_EDGE('',*,*,#5111,.F.);
#6654=ORIENTED_EDGE('',*,*,#5113,.F.);
#6655=ORIENTED_EDGE('',*,*,#5114,.T.);
#6656=ORIENTED_EDGE('',*,*,#5115,.F.);
#6657=ORIENTED_EDGE('',*,*,#5116,.F.);
#6658=ORIENTED_EDGE('',*,*,#5112,.F.);
#6659=ORIENTED_EDGE('',*,*,#5115,.T.);
#6660=ORIENTED_EDGE('',*,*,#5107,.T.);
#6661=ORIENTED_EDGE('',*,*,#5103,.F.);
#6662=ORIENTED_EDGE('',*,*,#5117,.F.);
#6663=ORIENTED_EDGE('',*,*,#5118,.T.);
#6664=ORIENTED_EDGE('',*,*,#5119,.F.);
#6665=ORIENTED_EDGE('',*,*,#5120,.F.);
#6666=ORIENTED_EDGE('',*,*,#5121,.F.);
#6667=ORIENTED_EDGE('',*,*,#4905,.F.);
#6668=ORIENTED_EDGE('',*,*,#5122,.F.);
#6669=ORIENTED_EDGE('',*,*,#5123,.T.);
#6670=ORIENTED_EDGE('',*,*,#5124,.F.);
#6671=ORIENTED_EDGE('',*,*,#4887,.T.);
#6672=ORIENTED_EDGE('',*,*,#4906,.F.);
#6673=ORIENTED_EDGE('',*,*,#5124,.T.);
#6674=ORIENTED_EDGE('',*,*,#5119,.T.);
#6675=ORIENTED_EDGE('',*,*,#5125,.F.);
#6676=ORIENTED_EDGE('',*,*,#5126,.F.);
#6677=ORIENTED_EDGE('',*,*,#4901,.F.);
#6678=ORIENTED_EDGE('',*,*,#4893,.T.);
#6679=ORIENTED_EDGE('',*,*,#5127,.F.);
#6680=ORIENTED_EDGE('',*,*,#5128,.F.);
#6681=ORIENTED_EDGE('',*,*,#5125,.T.);
#6682=ORIENTED_EDGE('',*,*,#5118,.F.);
#6683=ORIENTED_EDGE('',*,*,#5129,.F.);
#6684=ORIENTED_EDGE('',*,*,#5130,.T.);
#6685=ORIENTED_EDGE('',*,*,#5131,.F.);
#6686=ORIENTED_EDGE('',*,*,#5132,.F.);
#6687=ORIENTED_EDGE('',*,*,#5133,.F.);
#6688=ORIENTED_EDGE('',*,*,#5131,.T.);
#6689=ORIENTED_EDGE('',*,*,#5134,.F.);
#6690=ORIENTED_EDGE('',*,*,#5135,.F.);
#6691=ORIENTED_EDGE('',*,*,#5136,.F.);
#6692=ORIENTED_EDGE('',*,*,#5137,.F.);
#6693=ORIENTED_EDGE('',*,*,#5138,.T.);
#6694=ORIENTED_EDGE('',*,*,#5139,.T.);
#6695=ORIENTED_EDGE('',*,*,#5138,.F.);
#6696=ORIENTED_EDGE('',*,*,#5140,.F.);
#6697=ORIENTED_EDGE('',*,*,#5141,.T.);
#6698=ORIENTED_EDGE('',*,*,#5142,.F.);
#6699=ORIENTED_EDGE('',*,*,#5143,.F.);
#6700=ORIENTED_EDGE('',*,*,#5139,.F.);
#6701=ORIENTED_EDGE('',*,*,#5142,.T.);
#6702=ORIENTED_EDGE('',*,*,#5134,.T.);
#6703=ORIENTED_EDGE('',*,*,#5130,.F.);
#6704=ORIENTED_EDGE('',*,*,#5144,.F.);
#6705=ORIENTED_EDGE('',*,*,#5145,.T.);
#6706=ORIENTED_EDGE('',*,*,#5146,.F.);
#6707=ORIENTED_EDGE('',*,*,#5147,.F.);
#6708=ORIENTED_EDGE('',*,*,#5148,.F.);
#6709=ORIENTED_EDGE('',*,*,#5146,.T.);
#6710=ORIENTED_EDGE('',*,*,#5149,.F.);
#6711=ORIENTED_EDGE('',*,*,#5150,.F.);
#6712=ORIENTED_EDGE('',*,*,#5151,.F.);
#6713=ORIENTED_EDGE('',*,*,#5152,.F.);
#6714=ORIENTED_EDGE('',*,*,#5153,.T.);
#6715=ORIENTED_EDGE('',*,*,#5154,.T.);
#6716=ORIENTED_EDGE('',*,*,#5153,.F.);
#6717=ORIENTED_EDGE('',*,*,#5155,.F.);
#6718=ORIENTED_EDGE('',*,*,#5156,.T.);
#6719=ORIENTED_EDGE('',*,*,#5157,.F.);
#6720=ORIENTED_EDGE('',*,*,#5158,.F.);
#6721=ORIENTED_EDGE('',*,*,#5154,.F.);
#6722=ORIENTED_EDGE('',*,*,#5157,.T.);
#6723=ORIENTED_EDGE('',*,*,#5149,.T.);
#6724=ORIENTED_EDGE('',*,*,#5145,.F.);
#6725=ORIENTED_EDGE('',*,*,#5159,.F.);
#6726=ORIENTED_EDGE('',*,*,#5160,.T.);
#6727=ORIENTED_EDGE('',*,*,#5161,.F.);
#6728=ORIENTED_EDGE('',*,*,#5162,.F.);
#6729=ORIENTED_EDGE('',*,*,#5163,.F.);
#6730=ORIENTED_EDGE('',*,*,#5161,.T.);
#6731=ORIENTED_EDGE('',*,*,#5164,.F.);
#6732=ORIENTED_EDGE('',*,*,#5165,.F.);
#6733=ORIENTED_EDGE('',*,*,#5166,.F.);
#6734=ORIENTED_EDGE('',*,*,#5167,.F.);
#6735=ORIENTED_EDGE('',*,*,#5168,.T.);
#6736=ORIENTED_EDGE('',*,*,#5169,.T.);
#6737=ORIENTED_EDGE('',*,*,#5168,.F.);
#6738=ORIENTED_EDGE('',*,*,#5170,.F.);
#6739=ORIENTED_EDGE('',*,*,#5171,.T.);
#6740=ORIENTED_EDGE('',*,*,#5172,.F.);
#6741=ORIENTED_EDGE('',*,*,#5173,.F.);
#6742=ORIENTED_EDGE('',*,*,#5169,.F.);
#6743=ORIENTED_EDGE('',*,*,#5172,.T.);
#6744=ORIENTED_EDGE('',*,*,#5164,.T.);
#6745=ORIENTED_EDGE('',*,*,#5160,.F.);
#6746=ORIENTED_EDGE('',*,*,#5174,.F.);
#6747=ORIENTED_EDGE('',*,*,#5175,.T.);
#6748=ORIENTED_EDGE('',*,*,#5176,.F.);
#6749=ORIENTED_EDGE('',*,*,#5177,.F.);
#6750=ORIENTED_EDGE('',*,*,#5178,.F.);
#6751=ORIENTED_EDGE('',*,*,#5176,.T.);
#6752=ORIENTED_EDGE('',*,*,#5179,.F.);
#6753=ORIENTED_EDGE('',*,*,#5180,.F.);
#6754=ORIENTED_EDGE('',*,*,#5181,.F.);
#6755=ORIENTED_EDGE('',*,*,#5182,.F.);
#6756=ORIENTED_EDGE('',*,*,#5183,.T.);
#6757=ORIENTED_EDGE('',*,*,#5184,.T.);
#6758=ORIENTED_EDGE('',*,*,#5183,.F.);
#6759=ORIENTED_EDGE('',*,*,#5185,.F.);
#6760=ORIENTED_EDGE('',*,*,#5186,.T.);
#6761=ORIENTED_EDGE('',*,*,#5187,.F.);
#6762=ORIENTED_EDGE('',*,*,#5188,.F.);
#6763=ORIENTED_EDGE('',*,*,#5184,.F.);
#6764=ORIENTED_EDGE('',*,*,#5187,.T.);
#6765=ORIENTED_EDGE('',*,*,#5179,.T.);
#6766=ORIENTED_EDGE('',*,*,#5175,.F.);
#6767=ORIENTED_EDGE('',*,*,#5189,.F.);
#6768=ORIENTED_EDGE('',*,*,#5190,.T.);
#6769=ORIENTED_EDGE('',*,*,#5191,.F.);
#6770=ORIENTED_EDGE('',*,*,#5192,.F.);
#6771=ORIENTED_EDGE('',*,*,#5193,.F.);
#6772=ORIENTED_EDGE('',*,*,#5191,.T.);
#6773=ORIENTED_EDGE('',*,*,#5194,.F.);
#6774=ORIENTED_EDGE('',*,*,#5195,.F.);
#6775=ORIENTED_EDGE('',*,*,#5196,.F.);
#6776=ORIENTED_EDGE('',*,*,#5197,.F.);
#6777=ORIENTED_EDGE('',*,*,#5198,.T.);
#6778=ORIENTED_EDGE('',*,*,#5199,.T.);
#6779=ORIENTED_EDGE('',*,*,#5198,.F.);
#6780=ORIENTED_EDGE('',*,*,#5200,.F.);
#6781=ORIENTED_EDGE('',*,*,#5201,.T.);
#6782=ORIENTED_EDGE('',*,*,#5202,.F.);
#6783=ORIENTED_EDGE('',*,*,#5203,.F.);
#6784=ORIENTED_EDGE('',*,*,#5199,.F.);
#6785=ORIENTED_EDGE('',*,*,#5202,.T.);
#6786=ORIENTED_EDGE('',*,*,#5194,.T.);
#6787=ORIENTED_EDGE('',*,*,#5190,.F.);
#6788=ORIENTED_EDGE('',*,*,#5204,.F.);
#6789=ORIENTED_EDGE('',*,*,#5205,.T.);
#6790=ORIENTED_EDGE('',*,*,#5206,.F.);
#6791=ORIENTED_EDGE('',*,*,#5207,.F.);
#6792=ORIENTED_EDGE('',*,*,#5208,.F.);
#6793=ORIENTED_EDGE('',*,*,#5206,.T.);
#6794=ORIENTED_EDGE('',*,*,#5209,.F.);
#6795=ORIENTED_EDGE('',*,*,#5210,.F.);
#6796=ORIENTED_EDGE('',*,*,#5211,.F.);
#6797=ORIENTED_EDGE('',*,*,#5212,.F.);
#6798=ORIENTED_EDGE('',*,*,#5213,.T.);
#6799=ORIENTED_EDGE('',*,*,#5214,.T.);
#6800=ORIENTED_EDGE('',*,*,#5213,.F.);
#6801=ORIENTED_EDGE('',*,*,#5215,.F.);
#6802=ORIENTED_EDGE('',*,*,#5216,.T.);
#6803=ORIENTED_EDGE('',*,*,#5217,.F.);
#6804=ORIENTED_EDGE('',*,*,#5218,.F.);
#6805=ORIENTED_EDGE('',*,*,#5214,.F.);
#6806=ORIENTED_EDGE('',*,*,#5217,.T.);
#6807=ORIENTED_EDGE('',*,*,#5209,.T.);
#6808=ORIENTED_EDGE('',*,*,#5205,.F.);
#6809=ORIENTED_EDGE('',*,*,#5219,.F.);
#6810=ORIENTED_EDGE('',*,*,#5220,.T.);
#6811=ORIENTED_EDGE('',*,*,#5221,.F.);
#6812=ORIENTED_EDGE('',*,*,#5222,.F.);
#6813=ORIENTED_EDGE('',*,*,#5223,.F.);
#6814=ORIENTED_EDGE('',*,*,#5221,.T.);
#6815=ORIENTED_EDGE('',*,*,#5224,.F.);
#6816=ORIENTED_EDGE('',*,*,#5225,.F.);
#6817=ORIENTED_EDGE('',*,*,#5226,.F.);
#6818=ORIENTED_EDGE('',*,*,#5227,.F.);
#6819=ORIENTED_EDGE('',*,*,#5228,.T.);
#6820=ORIENTED_EDGE('',*,*,#5229,.T.);
#6821=ORIENTED_EDGE('',*,*,#5228,.F.);
#6822=ORIENTED_EDGE('',*,*,#5230,.F.);
#6823=ORIENTED_EDGE('',*,*,#5231,.T.);
#6824=ORIENTED_EDGE('',*,*,#5232,.F.);
#6825=ORIENTED_EDGE('',*,*,#5233,.F.);
#6826=ORIENTED_EDGE('',*,*,#5229,.F.);
#6827=ORIENTED_EDGE('',*,*,#5232,.T.);
#6828=ORIENTED_EDGE('',*,*,#5224,.T.);
#6829=ORIENTED_EDGE('',*,*,#5220,.F.);
#6830=ORIENTED_EDGE('',*,*,#5234,.F.);
#6831=ORIENTED_EDGE('',*,*,#5235,.T.);
#6832=ORIENTED_EDGE('',*,*,#5236,.F.);
#6833=ORIENTED_EDGE('',*,*,#5237,.F.);
#6834=ORIENTED_EDGE('',*,*,#5238,.F.);
#6835=ORIENTED_EDGE('',*,*,#5236,.T.);
#6836=ORIENTED_EDGE('',*,*,#5239,.F.);
#6837=ORIENTED_EDGE('',*,*,#5240,.F.);
#6838=ORIENTED_EDGE('',*,*,#5241,.F.);
#6839=ORIENTED_EDGE('',*,*,#5242,.F.);
#6840=ORIENTED_EDGE('',*,*,#5243,.T.);
#6841=ORIENTED_EDGE('',*,*,#5244,.T.);
#6842=ORIENTED_EDGE('',*,*,#5243,.F.);
#6843=ORIENTED_EDGE('',*,*,#5245,.F.);
#6844=ORIENTED_EDGE('',*,*,#5246,.T.);
#6845=ORIENTED_EDGE('',*,*,#5247,.F.);
#6846=ORIENTED_EDGE('',*,*,#5248,.F.);
#6847=ORIENTED_EDGE('',*,*,#5244,.F.);
#6848=ORIENTED_EDGE('',*,*,#5247,.T.);
#6849=ORIENTED_EDGE('',*,*,#5239,.T.);
#6850=ORIENTED_EDGE('',*,*,#5235,.F.);
#6851=ORIENTED_EDGE('',*,*,#5249,.F.);
#6852=ORIENTED_EDGE('',*,*,#5250,.T.);
#6853=ORIENTED_EDGE('',*,*,#5251,.F.);
#6854=ORIENTED_EDGE('',*,*,#5252,.F.);
#6855=ORIENTED_EDGE('',*,*,#5253,.F.);
#6856=ORIENTED_EDGE('',*,*,#5251,.T.);
#6857=ORIENTED_EDGE('',*,*,#5254,.F.);
#6858=ORIENTED_EDGE('',*,*,#5255,.F.);
#6859=ORIENTED_EDGE('',*,*,#5256,.F.);
#6860=ORIENTED_EDGE('',*,*,#5257,.F.);
#6861=ORIENTED_EDGE('',*,*,#5258,.T.);
#6862=ORIENTED_EDGE('',*,*,#5259,.T.);
#6863=ORIENTED_EDGE('',*,*,#5258,.F.);
#6864=ORIENTED_EDGE('',*,*,#5260,.F.);
#6865=ORIENTED_EDGE('',*,*,#5261,.T.);
#6866=ORIENTED_EDGE('',*,*,#5262,.F.);
#6867=ORIENTED_EDGE('',*,*,#5263,.F.);
#6868=ORIENTED_EDGE('',*,*,#5259,.F.);
#6869=ORIENTED_EDGE('',*,*,#5262,.T.);
#6870=ORIENTED_EDGE('',*,*,#5254,.T.);
#6871=ORIENTED_EDGE('',*,*,#5250,.F.);
#6872=ORIENTED_EDGE('',*,*,#5264,.F.);
#6873=ORIENTED_EDGE('',*,*,#5265,.T.);
#6874=ORIENTED_EDGE('',*,*,#5266,.F.);
#6875=ORIENTED_EDGE('',*,*,#5267,.F.);
#6876=ORIENTED_EDGE('',*,*,#5268,.F.);
#6877=ORIENTED_EDGE('',*,*,#5266,.T.);
#6878=ORIENTED_EDGE('',*,*,#5269,.F.);
#6879=ORIENTED_EDGE('',*,*,#5270,.F.);
#6880=ORIENTED_EDGE('',*,*,#5271,.F.);
#6881=ORIENTED_EDGE('',*,*,#5272,.F.);
#6882=ORIENTED_EDGE('',*,*,#5273,.T.);
#6883=ORIENTED_EDGE('',*,*,#5274,.T.);
#6884=ORIENTED_EDGE('',*,*,#5273,.F.);
#6885=ORIENTED_EDGE('',*,*,#5275,.F.);
#6886=ORIENTED_EDGE('',*,*,#5276,.T.);
#6887=ORIENTED_EDGE('',*,*,#5277,.F.);
#6888=ORIENTED_EDGE('',*,*,#5278,.F.);
#6889=ORIENTED_EDGE('',*,*,#5274,.F.);
#6890=ORIENTED_EDGE('',*,*,#5277,.T.);
#6891=ORIENTED_EDGE('',*,*,#5269,.T.);
#6892=ORIENTED_EDGE('',*,*,#5265,.F.);
#6893=ORIENTED_EDGE('',*,*,#5279,.F.);
#6894=ORIENTED_EDGE('',*,*,#5280,.T.);
#6895=ORIENTED_EDGE('',*,*,#5281,.F.);
#6896=ORIENTED_EDGE('',*,*,#5282,.F.);
#6897=ORIENTED_EDGE('',*,*,#5283,.F.);
#6898=ORIENTED_EDGE('',*,*,#5281,.T.);
#6899=ORIENTED_EDGE('',*,*,#5284,.F.);
#6900=ORIENTED_EDGE('',*,*,#5285,.F.);
#6901=ORIENTED_EDGE('',*,*,#5286,.F.);
#6902=ORIENTED_EDGE('',*,*,#5287,.F.);
#6903=ORIENTED_EDGE('',*,*,#5288,.T.);
#6904=ORIENTED_EDGE('',*,*,#5289,.T.);
#6905=ORIENTED_EDGE('',*,*,#5288,.F.);
#6906=ORIENTED_EDGE('',*,*,#5290,.F.);
#6907=ORIENTED_EDGE('',*,*,#5291,.T.);
#6908=ORIENTED_EDGE('',*,*,#5292,.F.);
#6909=ORIENTED_EDGE('',*,*,#5293,.F.);
#6910=ORIENTED_EDGE('',*,*,#5289,.F.);
#6911=ORIENTED_EDGE('',*,*,#5292,.T.);
#6912=ORIENTED_EDGE('',*,*,#5284,.T.);
#6913=ORIENTED_EDGE('',*,*,#5280,.F.);
#6914=ORIENTED_EDGE('',*,*,#5294,.F.);
#6915=ORIENTED_EDGE('',*,*,#5295,.T.);
#6916=ORIENTED_EDGE('',*,*,#5296,.F.);
#6917=ORIENTED_EDGE('',*,*,#5297,.F.);
#6918=ORIENTED_EDGE('',*,*,#5298,.F.);
#6919=ORIENTED_EDGE('',*,*,#5296,.T.);
#6920=ORIENTED_EDGE('',*,*,#5299,.F.);
#6921=ORIENTED_EDGE('',*,*,#5300,.F.);
#6922=ORIENTED_EDGE('',*,*,#5301,.F.);
#6923=ORIENTED_EDGE('',*,*,#5302,.F.);
#6924=ORIENTED_EDGE('',*,*,#5303,.T.);
#6925=ORIENTED_EDGE('',*,*,#5304,.T.);
#6926=ORIENTED_EDGE('',*,*,#5303,.F.);
#6927=ORIENTED_EDGE('',*,*,#5305,.F.);
#6928=ORIENTED_EDGE('',*,*,#5306,.T.);
#6929=ORIENTED_EDGE('',*,*,#5307,.F.);
#6930=ORIENTED_EDGE('',*,*,#5308,.F.);
#6931=ORIENTED_EDGE('',*,*,#5304,.F.);
#6932=ORIENTED_EDGE('',*,*,#5307,.T.);
#6933=ORIENTED_EDGE('',*,*,#5299,.T.);
#6934=ORIENTED_EDGE('',*,*,#5295,.F.);
#6935=ORIENTED_EDGE('',*,*,#5309,.F.);
#6936=ORIENTED_EDGE('',*,*,#5310,.T.);
#6937=ORIENTED_EDGE('',*,*,#5311,.F.);
#6938=ORIENTED_EDGE('',*,*,#5312,.F.);
#6939=ORIENTED_EDGE('',*,*,#5313,.F.);
#6940=ORIENTED_EDGE('',*,*,#5311,.T.);
#6941=ORIENTED_EDGE('',*,*,#5314,.F.);
#6942=ORIENTED_EDGE('',*,*,#5315,.F.);
#6943=ORIENTED_EDGE('',*,*,#5316,.F.);
#6944=ORIENTED_EDGE('',*,*,#5317,.F.);
#6945=ORIENTED_EDGE('',*,*,#5318,.T.);
#6946=ORIENTED_EDGE('',*,*,#5319,.T.);
#6947=ORIENTED_EDGE('',*,*,#5318,.F.);
#6948=ORIENTED_EDGE('',*,*,#5320,.F.);
#6949=ORIENTED_EDGE('',*,*,#5321,.T.);
#6950=ORIENTED_EDGE('',*,*,#5322,.F.);
#6951=ORIENTED_EDGE('',*,*,#5323,.F.);
#6952=ORIENTED_EDGE('',*,*,#5319,.F.);
#6953=ORIENTED_EDGE('',*,*,#5322,.T.);
#6954=ORIENTED_EDGE('',*,*,#5314,.T.);
#6955=ORIENTED_EDGE('',*,*,#5310,.F.);
#6956=ORIENTED_EDGE('',*,*,#5324,.F.);
#6957=ORIENTED_EDGE('',*,*,#5325,.T.);
#6958=ORIENTED_EDGE('',*,*,#5326,.F.);
#6959=ORIENTED_EDGE('',*,*,#5327,.F.);
#6960=ORIENTED_EDGE('',*,*,#5328,.F.);
#6961=ORIENTED_EDGE('',*,*,#5326,.T.);
#6962=ORIENTED_EDGE('',*,*,#5329,.F.);
#6963=ORIENTED_EDGE('',*,*,#5330,.F.);
#6964=ORIENTED_EDGE('',*,*,#5331,.F.);
#6965=ORIENTED_EDGE('',*,*,#5332,.F.);
#6966=ORIENTED_EDGE('',*,*,#5333,.T.);
#6967=ORIENTED_EDGE('',*,*,#5334,.T.);
#6968=ORIENTED_EDGE('',*,*,#5333,.F.);
#6969=ORIENTED_EDGE('',*,*,#5335,.F.);
#6970=ORIENTED_EDGE('',*,*,#5336,.T.);
#6971=ORIENTED_EDGE('',*,*,#5337,.F.);
#6972=ORIENTED_EDGE('',*,*,#5338,.F.);
#6973=ORIENTED_EDGE('',*,*,#5334,.F.);
#6974=ORIENTED_EDGE('',*,*,#5337,.T.);
#6975=ORIENTED_EDGE('',*,*,#5329,.T.);
#6976=ORIENTED_EDGE('',*,*,#5325,.F.);
#6977=ORIENTED_EDGE('',*,*,#5339,.F.);
#6978=ORIENTED_EDGE('',*,*,#5340,.T.);
#6979=ORIENTED_EDGE('',*,*,#5341,.F.);
#6980=ORIENTED_EDGE('',*,*,#5342,.F.);
#6981=ORIENTED_EDGE('',*,*,#5343,.F.);
#6982=ORIENTED_EDGE('',*,*,#5344,.T.);
#6983=ORIENTED_EDGE('',*,*,#5345,.F.);
#6984=ORIENTED_EDGE('',*,*,#5346,.F.);
#6985=ORIENTED_EDGE('',*,*,#5347,.F.);
#6986=ORIENTED_EDGE('',*,*,#5341,.T.);
#6987=ORIENTED_EDGE('',*,*,#5348,.F.);
#6988=ORIENTED_EDGE('',*,*,#5349,.F.);
#6989=ORIENTED_EDGE('',*,*,#5350,.F.);
#6990=ORIENTED_EDGE('',*,*,#5351,.F.);
#6991=ORIENTED_EDGE('',*,*,#5352,.F.);
#6992=ORIENTED_EDGE('',*,*,#5346,.T.);
#6993=ORIENTED_EDGE('',*,*,#5353,.T.);
#6994=ORIENTED_EDGE('',*,*,#5354,.F.);
#6995=ORIENTED_EDGE('',*,*,#5353,.F.);
#6996=ORIENTED_EDGE('',*,*,#5345,.T.);
#6997=ORIENTED_EDGE('',*,*,#5348,.T.);
#6998=ORIENTED_EDGE('',*,*,#5340,.F.);
#6999=ORIENTED_EDGE('',*,*,#5122,.T.);
#7000=ORIENTED_EDGE('',*,*,#4904,.T.);
#7001=ORIENTED_EDGE('',*,*,#5355,.F.);
#7002=ORIENTED_EDGE('',*,*,#5356,.F.);
#7003=ORIENTED_EDGE('',*,*,#5357,.T.);
#7004=ORIENTED_EDGE('',*,*,#5358,.T.);
#7005=ORIENTED_EDGE('',*,*,#5359,.F.);
#7006=ORIENTED_EDGE('',*,*,#4903,.T.);
#7007=ORIENTED_EDGE('',*,*,#5360,.T.);
#7008=ORIENTED_EDGE('',*,*,#5355,.T.);
#7009=ORIENTED_EDGE('',*,*,#5127,.T.);
#7010=ORIENTED_EDGE('',*,*,#5117,.T.);
#7011=ORIENTED_EDGE('',*,*,#5361,.T.);
#7012=ORIENTED_EDGE('',*,*,#5362,.T.);
#7013=ORIENTED_EDGE('',*,*,#5363,.T.);
#7014=ORIENTED_EDGE('',*,*,#5364,.T.);
#7015=ORIENTED_EDGE('',*,*,#5343,.T.);
#7016=ORIENTED_EDGE('',*,*,#5352,.T.);
#7017=ORIENTED_EDGE('',*,*,#5365,.T.);
#7018=ORIENTED_EDGE('',*,*,#5366,.T.);
#7019=ORIENTED_EDGE('',*,*,#5367,.T.);
#7020=ORIENTED_EDGE('',*,*,#5368,.T.);
#7021=ORIENTED_EDGE('',*,*,#5351,.T.);
#7022=ORIENTED_EDGE('',*,*,#5369,.F.);
#7023=ORIENTED_EDGE('',*,*,#5365,.F.);
#7024=ORIENTED_EDGE('',*,*,#5132,.T.);
#7025=ORIENTED_EDGE('',*,*,#5133,.T.);
#7026=ORIENTED_EDGE('',*,*,#5370,.F.);
#7027=ORIENTED_EDGE('',*,*,#5371,.T.);
#7028=ORIENTED_EDGE('',*,*,#5372,.T.);
#7029=ORIENTED_EDGE('',*,*,#5373,.T.);
#7030=ORIENTED_EDGE('',*,*,#5374,.T.);
#7031=ORIENTED_EDGE('',*,*,#5375,.T.);
#7032=ORIENTED_EDGE('',*,*,#5376,.T.);
#7033=ORIENTED_EDGE('',*,*,#5377,.T.);
#7034=ORIENTED_EDGE('',*,*,#5378,.T.);
#7035=ORIENTED_EDGE('',*,*,#5379,.T.);
#7036=ORIENTED_EDGE('',*,*,#5380,.T.);
#7037=ORIENTED_EDGE('',*,*,#5381,.T.);
#7038=ORIENTED_EDGE('',*,*,#5382,.T.);
#7039=ORIENTED_EDGE('',*,*,#5383,.T.);
#7040=ORIENTED_EDGE('',*,*,#5384,.T.);
#7041=ORIENTED_EDGE('',*,*,#5385,.T.);
#7042=ORIENTED_EDGE('',*,*,#5386,.T.);
#7043=ORIENTED_EDGE('',*,*,#5387,.T.);
#7044=ORIENTED_EDGE('',*,*,#5388,.T.);
#7045=ORIENTED_EDGE('',*,*,#5389,.T.);
#7046=ORIENTED_EDGE('',*,*,#5390,.T.);
#7047=ORIENTED_EDGE('',*,*,#5391,.T.);
#7048=ORIENTED_EDGE('',*,*,#5392,.T.);
#7049=ORIENTED_EDGE('',*,*,#5393,.T.);
#7050=ORIENTED_EDGE('',*,*,#5394,.T.);
#7051=ORIENTED_EDGE('',*,*,#5395,.T.);
#7052=ORIENTED_EDGE('',*,*,#5396,.T.);
#7053=ORIENTED_EDGE('',*,*,#5397,.T.);
#7054=ORIENTED_EDGE('',*,*,#5398,.T.);
#7055=ORIENTED_EDGE('',*,*,#5399,.T.);
#7056=ORIENTED_EDGE('',*,*,#5400,.T.);
#7057=ORIENTED_EDGE('',*,*,#5401,.T.);
#7058=ORIENTED_EDGE('',*,*,#5402,.T.);
#7059=ORIENTED_EDGE('',*,*,#5403,.F.);
#7060=ORIENTED_EDGE('',*,*,#5113,.T.);
#7061=ORIENTED_EDGE('',*,*,#5110,.T.);
#7062=ORIENTED_EDGE('',*,*,#5404,.F.);
#7063=ORIENTED_EDGE('',*,*,#5147,.T.);
#7064=ORIENTED_EDGE('',*,*,#5148,.T.);
#7065=ORIENTED_EDGE('',*,*,#5405,.F.);
#7066=ORIENTED_EDGE('',*,*,#5105,.T.);
#7067=ORIENTED_EDGE('',*,*,#5106,.T.);
#7068=ORIENTED_EDGE('',*,*,#5406,.F.);
#7069=ORIENTED_EDGE('',*,*,#5140,.T.);
#7070=ORIENTED_EDGE('',*,*,#5137,.T.);
#7071=ORIENTED_EDGE('',*,*,#5407,.F.);
#7072=ORIENTED_EDGE('',*,*,#5098,.T.);
#7073=ORIENTED_EDGE('',*,*,#5095,.T.);
#7074=ORIENTED_EDGE('',*,*,#5408,.F.);
#7075=ORIENTED_EDGE('',*,*,#5162,.T.);
#7076=ORIENTED_EDGE('',*,*,#5163,.T.);
#7077=ORIENTED_EDGE('',*,*,#5409,.F.);
#7078=ORIENTED_EDGE('',*,*,#5090,.T.);
#7079=ORIENTED_EDGE('',*,*,#5091,.T.);
#7080=ORIENTED_EDGE('',*,*,#5410,.F.);
#7081=ORIENTED_EDGE('',*,*,#5155,.T.);
#7082=ORIENTED_EDGE('',*,*,#5152,.T.);
#7083=ORIENTED_EDGE('',*,*,#5411,.F.);
#7084=ORIENTED_EDGE('',*,*,#5083,.T.);
#7085=ORIENTED_EDGE('',*,*,#5080,.T.);
#7086=ORIENTED_EDGE('',*,*,#5412,.F.);
#7087=ORIENTED_EDGE('',*,*,#5177,.T.);
#7088=ORIENTED_EDGE('',*,*,#5178,.T.);
#7089=ORIENTED_EDGE('',*,*,#5413,.F.);
#7090=ORIENTED_EDGE('',*,*,#5075,.T.);
#7091=ORIENTED_EDGE('',*,*,#5076,.T.);
#7092=ORIENTED_EDGE('',*,*,#5414,.F.);
#7093=ORIENTED_EDGE('',*,*,#5170,.T.);
#7094=ORIENTED_EDGE('',*,*,#5167,.T.);
#7095=ORIENTED_EDGE('',*,*,#5415,.F.);
#7096=ORIENTED_EDGE('',*,*,#5068,.T.);
#7097=ORIENTED_EDGE('',*,*,#5065,.T.);
#7098=ORIENTED_EDGE('',*,*,#5416,.F.);
#7099=ORIENTED_EDGE('',*,*,#5192,.T.);
#7100=ORIENTED_EDGE('',*,*,#5193,.T.);
#7101=ORIENTED_EDGE('',*,*,#5417,.F.);
#7102=ORIENTED_EDGE('',*,*,#5060,.T.);
#7103=ORIENTED_EDGE('',*,*,#5061,.T.);
#7104=ORIENTED_EDGE('',*,*,#5418,.F.);
#7105=ORIENTED_EDGE('',*,*,#5185,.T.);
#7106=ORIENTED_EDGE('',*,*,#5182,.T.);
#7107=ORIENTED_EDGE('',*,*,#5419,.F.);
#7108=ORIENTED_EDGE('',*,*,#5053,.T.);
#7109=ORIENTED_EDGE('',*,*,#5050,.T.);
#7110=ORIENTED_EDGE('',*,*,#5420,.F.);
#7111=ORIENTED_EDGE('',*,*,#5207,.T.);
#7112=ORIENTED_EDGE('',*,*,#5208,.T.);
#7113=ORIENTED_EDGE('',*,*,#5421,.F.);
#7114=ORIENTED_EDGE('',*,*,#5045,.T.);
#7115=ORIENTED_EDGE('',*,*,#5046,.T.);
#7116=ORIENTED_EDGE('',*,*,#5422,.F.);
#7117=ORIENTED_EDGE('',*,*,#5200,.T.);
#7118=ORIENTED_EDGE('',*,*,#5197,.T.);
#7119=ORIENTED_EDGE('',*,*,#5423,.F.);
#7120=ORIENTED_EDGE('',*,*,#5038,.T.);
#7121=ORIENTED_EDGE('',*,*,#5035,.T.);
#7122=ORIENTED_EDGE('',*,*,#5424,.F.);
#7123=ORIENTED_EDGE('',*,*,#5222,.T.);
#7124=ORIENTED_EDGE('',*,*,#5223,.T.);
#7125=ORIENTED_EDGE('',*,*,#5425,.F.);
#7126=ORIENTED_EDGE('',*,*,#5030,.T.);
#7127=ORIENTED_EDGE('',*,*,#5031,.T.);
#7128=ORIENTED_EDGE('',*,*,#5426,.F.);
#7129=ORIENTED_EDGE('',*,*,#5215,.T.);
#7130=ORIENTED_EDGE('',*,*,#5212,.T.);
#7131=ORIENTED_EDGE('',*,*,#5427,.F.);
#7132=ORIENTED_EDGE('',*,*,#5023,.T.);
#7133=ORIENTED_EDGE('',*,*,#5020,.T.);
#7134=ORIENTED_EDGE('',*,*,#5428,.F.);
#7135=ORIENTED_EDGE('',*,*,#5237,.T.);
#7136=ORIENTED_EDGE('',*,*,#5238,.T.);
#7137=ORIENTED_EDGE('',*,*,#5429,.F.);
#7138=ORIENTED_EDGE('',*,*,#5015,.T.);
#7139=ORIENTED_EDGE('',*,*,#5016,.T.);
#7140=ORIENTED_EDGE('',*,*,#5430,.F.);
#7141=ORIENTED_EDGE('',*,*,#5230,.T.);
#7142=ORIENTED_EDGE('',*,*,#5227,.T.);
#7143=ORIENTED_EDGE('',*,*,#5431,.F.);
#7144=ORIENTED_EDGE('',*,*,#5008,.T.);
#7145=ORIENTED_EDGE('',*,*,#5005,.T.);
#7146=ORIENTED_EDGE('',*,*,#5432,.F.);
#7147=ORIENTED_EDGE('',*,*,#5252,.T.);
#7148=ORIENTED_EDGE('',*,*,#5253,.T.);
#7149=ORIENTED_EDGE('',*,*,#5433,.F.);
#7150=ORIENTED_EDGE('',*,*,#5000,.T.);
#7151=ORIENTED_EDGE('',*,*,#5001,.T.);
#7152=ORIENTED_EDGE('',*,*,#5434,.F.);
#7153=ORIENTED_EDGE('',*,*,#5245,.T.);
#7154=ORIENTED_EDGE('',*,*,#5242,.T.);
#7155=ORIENTED_EDGE('',*,*,#5435,.F.);
#7156=ORIENTED_EDGE('',*,*,#4993,.T.);
#7157=ORIENTED_EDGE('',*,*,#4990,.T.);
#7158=ORIENTED_EDGE('',*,*,#5436,.F.);
#7159=ORIENTED_EDGE('',*,*,#5267,.T.);
#7160=ORIENTED_EDGE('',*,*,#5268,.T.);
#7161=ORIENTED_EDGE('',*,*,#5437,.F.);
#7162=ORIENTED_EDGE('',*,*,#4985,.T.);
#7163=ORIENTED_EDGE('',*,*,#4986,.T.);
#7164=ORIENTED_EDGE('',*,*,#5438,.F.);
#7165=ORIENTED_EDGE('',*,*,#5260,.T.);
#7166=ORIENTED_EDGE('',*,*,#5257,.T.);
#7167=ORIENTED_EDGE('',*,*,#5439,.F.);
#7168=ORIENTED_EDGE('',*,*,#4978,.T.);
#7169=ORIENTED_EDGE('',*,*,#4975,.T.);
#7170=ORIENTED_EDGE('',*,*,#5440,.F.);
#7171=ORIENTED_EDGE('',*,*,#5282,.T.);
#7172=ORIENTED_EDGE('',*,*,#5283,.T.);
#7173=ORIENTED_EDGE('',*,*,#5441,.F.);
#7174=ORIENTED_EDGE('',*,*,#4970,.T.);
#7175=ORIENTED_EDGE('',*,*,#4971,.T.);
#7176=ORIENTED_EDGE('',*,*,#5442,.F.);
#7177=ORIENTED_EDGE('',*,*,#5275,.T.);
#7178=ORIENTED_EDGE('',*,*,#5272,.T.);
#7179=ORIENTED_EDGE('',*,*,#5443,.F.);
#7180=ORIENTED_EDGE('',*,*,#4963,.T.);
#7181=ORIENTED_EDGE('',*,*,#4960,.T.);
#7182=ORIENTED_EDGE('',*,*,#5444,.F.);
#7183=ORIENTED_EDGE('',*,*,#5297,.T.);
#7184=ORIENTED_EDGE('',*,*,#5298,.T.);
#7185=ORIENTED_EDGE('',*,*,#5445,.F.);
#7186=ORIENTED_EDGE('',*,*,#4955,.T.);
#7187=ORIENTED_EDGE('',*,*,#4956,.T.);
#7188=ORIENTED_EDGE('',*,*,#5446,.F.);
#7189=ORIENTED_EDGE('',*,*,#5290,.T.);
#7190=ORIENTED_EDGE('',*,*,#5287,.T.);
#7191=ORIENTED_EDGE('',*,*,#5447,.F.);
#7192=ORIENTED_EDGE('',*,*,#4948,.T.);
#7193=ORIENTED_EDGE('',*,*,#4945,.T.);
#7194=ORIENTED_EDGE('',*,*,#5448,.F.);
#7195=ORIENTED_EDGE('',*,*,#5312,.T.);
#7196=ORIENTED_EDGE('',*,*,#5313,.T.);
#7197=ORIENTED_EDGE('',*,*,#5449,.F.);
#7198=ORIENTED_EDGE('',*,*,#4940,.T.);
#7199=ORIENTED_EDGE('',*,*,#4941,.T.);
#7200=ORIENTED_EDGE('',*,*,#5450,.F.);
#7201=ORIENTED_EDGE('',*,*,#5305,.T.);
#7202=ORIENTED_EDGE('',*,*,#5302,.T.);
#7203=ORIENTED_EDGE('',*,*,#5451,.F.);
#7204=ORIENTED_EDGE('',*,*,#4933,.T.);
#7205=ORIENTED_EDGE('',*,*,#4930,.T.);
#7206=ORIENTED_EDGE('',*,*,#5452,.F.);
#7207=ORIENTED_EDGE('',*,*,#5327,.T.);
#7208=ORIENTED_EDGE('',*,*,#5328,.T.);
#7209=ORIENTED_EDGE('',*,*,#5453,.F.);
#7210=ORIENTED_EDGE('',*,*,#4925,.T.);
#7211=ORIENTED_EDGE('',*,*,#4926,.T.);
#7212=ORIENTED_EDGE('',*,*,#5454,.F.);
#7213=ORIENTED_EDGE('',*,*,#5320,.T.);
#7214=ORIENTED_EDGE('',*,*,#5317,.T.);
#7215=ORIENTED_EDGE('',*,*,#5455,.F.);
#7216=ORIENTED_EDGE('',*,*,#4918,.T.);
#7217=ORIENTED_EDGE('',*,*,#4915,.T.);
#7218=ORIENTED_EDGE('',*,*,#5456,.F.);
#7219=ORIENTED_EDGE('',*,*,#5342,.T.);
#7220=ORIENTED_EDGE('',*,*,#5347,.T.);
#7221=ORIENTED_EDGE('',*,*,#5457,.F.);
#7222=ORIENTED_EDGE('',*,*,#4910,.T.);
#7223=ORIENTED_EDGE('',*,*,#4911,.T.);
#7224=ORIENTED_EDGE('',*,*,#5458,.F.);
#7225=ORIENTED_EDGE('',*,*,#5335,.T.);
#7226=ORIENTED_EDGE('',*,*,#5332,.T.);
#7227=ORIENTED_EDGE('',*,*,#5459,.F.);
#7228=ORIENTED_EDGE('',*,*,#5460,.F.);
#7229=ORIENTED_EDGE('',*,*,#5461,.T.);
#7230=ORIENTED_EDGE('',*,*,#5462,.T.);
#7231=ORIENTED_EDGE('',*,*,#5463,.F.);
#7232=ORIENTED_EDGE('',*,*,#5464,.F.);
#7233=ORIENTED_EDGE('',*,*,#5465,.F.);
#7234=ORIENTED_EDGE('',*,*,#5466,.F.);
#7235=ORIENTED_EDGE('',*,*,#5467,.T.);
#7236=ORIENTED_EDGE('',*,*,#5468,.T.);
#7237=ORIENTED_EDGE('',*,*,#5469,.F.);
#7238=ORIENTED_EDGE('',*,*,#5470,.F.);
#7239=ORIENTED_EDGE('',*,*,#5471,.F.);
#7240=ORIENTED_EDGE('',*,*,#5472,.F.);
#7241=ORIENTED_EDGE('',*,*,#5473,.T.);
#7242=ORIENTED_EDGE('',*,*,#5474,.T.);
#7243=ORIENTED_EDGE('',*,*,#5475,.F.);
#7244=ORIENTED_EDGE('',*,*,#5476,.F.);
#7245=ORIENTED_EDGE('',*,*,#5475,.T.);
#7246=ORIENTED_EDGE('',*,*,#5477,.T.);
#7247=ORIENTED_EDGE('',*,*,#5478,.F.);
#7248=ORIENTED_EDGE('',*,*,#5479,.F.);
#7249=ORIENTED_EDGE('',*,*,#5480,.F.);
#7250=ORIENTED_EDGE('',*,*,#5481,.F.);
#7251=ORIENTED_EDGE('',*,*,#5482,.F.);
#7252=ORIENTED_EDGE('',*,*,#5469,.T.);
#7253=ORIENTED_EDGE('',*,*,#5483,.T.);
#7254=ORIENTED_EDGE('',*,*,#5484,.F.);
#7255=ORIENTED_EDGE('',*,*,#5485,.F.);
#7256=ORIENTED_EDGE('',*,*,#5486,.F.);
#7257=ORIENTED_EDGE('',*,*,#5487,.T.);
#7258=ORIENTED_EDGE('',*,*,#5488,.T.);
#7259=ORIENTED_EDGE('',*,*,#5489,.F.);
#7260=ORIENTED_EDGE('',*,*,#5490,.F.);
#7261=ORIENTED_EDGE('',*,*,#5491,.F.);
#7262=ORIENTED_EDGE('',*,*,#5492,.F.);
#7263=ORIENTED_EDGE('',*,*,#5484,.T.);
#7264=ORIENTED_EDGE('',*,*,#5493,.T.);
#7265=ORIENTED_EDGE('',*,*,#5494,.F.);
#7266=ORIENTED_EDGE('',*,*,#5495,.F.);
#7267=ORIENTED_EDGE('',*,*,#5494,.T.);
#7268=ORIENTED_EDGE('',*,*,#5496,.T.);
#7269=ORIENTED_EDGE('',*,*,#5497,.F.);
#7270=ORIENTED_EDGE('',*,*,#5498,.F.);
#7271=ORIENTED_EDGE('',*,*,#5499,.F.);
#7272=ORIENTED_EDGE('',*,*,#5500,.F.);
#7273=ORIENTED_EDGE('',*,*,#5501,.T.);
#7274=ORIENTED_EDGE('',*,*,#5502,.T.);
#7275=ORIENTED_EDGE('',*,*,#5503,.F.);
#7276=ORIENTED_EDGE('',*,*,#5504,.F.);
#7277=ORIENTED_EDGE('',*,*,#5505,.T.);
#7278=ORIENTED_EDGE('',*,*,#5506,.T.);
#7279=ORIENTED_EDGE('',*,*,#5501,.F.);
#7280=ORIENTED_EDGE('',*,*,#5507,.F.);
#7281=ORIENTED_EDGE('',*,*,#5508,.T.);
#7282=ORIENTED_EDGE('',*,*,#5509,.T.);
#7283=ORIENTED_EDGE('',*,*,#5505,.F.);
#7284=ORIENTED_EDGE('',*,*,#5510,.F.);
#7285=ORIENTED_EDGE('',*,*,#5511,.T.);
#7286=ORIENTED_EDGE('',*,*,#5512,.T.);
#7287=ORIENTED_EDGE('',*,*,#5508,.F.);
#7288=ORIENTED_EDGE('',*,*,#5513,.F.);
#7289=ORIENTED_EDGE('',*,*,#5514,.T.);
#7290=ORIENTED_EDGE('',*,*,#5515,.T.);
#7291=ORIENTED_EDGE('',*,*,#5511,.F.);
#7292=ORIENTED_EDGE('',*,*,#5516,.F.);
#7293=ORIENTED_EDGE('',*,*,#5503,.T.);
#7294=ORIENTED_EDGE('',*,*,#5517,.T.);
#7295=ORIENTED_EDGE('',*,*,#5514,.F.);
#7296=ORIENTED_EDGE('',*,*,#5518,.F.);
#7297=ORIENTED_EDGE('',*,*,#5519,.T.);
#7298=ORIENTED_EDGE('',*,*,#5520,.T.);
#7299=ORIENTED_EDGE('',*,*,#5521,.F.);
#7300=ORIENTED_EDGE('',*,*,#5522,.F.);
#7301=ORIENTED_EDGE('',*,*,#5523,.T.);
#7302=ORIENTED_EDGE('',*,*,#5524,.T.);
#7303=ORIENTED_EDGE('',*,*,#5525,.F.);
#7304=ORIENTED_EDGE('',*,*,#5526,.F.);
#7305=ORIENTED_EDGE('',*,*,#5527,.T.);
#7306=ORIENTED_EDGE('',*,*,#5528,.T.);
#7307=ORIENTED_EDGE('',*,*,#5523,.F.);
#7308=ORIENTED_EDGE('',*,*,#5529,.F.);
#7309=ORIENTED_EDGE('',*,*,#5530,.T.);
#7310=ORIENTED_EDGE('',*,*,#5531,.T.);
#7311=ORIENTED_EDGE('',*,*,#5527,.F.);
#7312=ORIENTED_EDGE('',*,*,#5532,.F.);
#7313=ORIENTED_EDGE('',*,*,#5533,.T.);
#7314=ORIENTED_EDGE('',*,*,#5534,.T.);
#7315=ORIENTED_EDGE('',*,*,#5530,.F.);
#7316=ORIENTED_EDGE('',*,*,#5535,.F.);
#7317=ORIENTED_EDGE('',*,*,#5536,.T.);
#7318=ORIENTED_EDGE('',*,*,#5537,.T.);
#7319=ORIENTED_EDGE('',*,*,#5533,.F.);
#7320=ORIENTED_EDGE('',*,*,#5538,.F.);
#7321=ORIENTED_EDGE('',*,*,#5539,.T.);
#7322=ORIENTED_EDGE('',*,*,#5540,.T.);
#7323=ORIENTED_EDGE('',*,*,#5536,.F.);
#7324=ORIENTED_EDGE('',*,*,#5541,.F.);
#7325=ORIENTED_EDGE('',*,*,#5542,.T.);
#7326=ORIENTED_EDGE('',*,*,#5543,.T.);
#7327=ORIENTED_EDGE('',*,*,#5539,.F.);
#7328=ORIENTED_EDGE('',*,*,#5544,.F.);
#7329=ORIENTED_EDGE('',*,*,#5545,.T.);
#7330=ORIENTED_EDGE('',*,*,#5546,.T.);
#7331=ORIENTED_EDGE('',*,*,#5542,.F.);
#7332=ORIENTED_EDGE('',*,*,#5547,.F.);
#7333=ORIENTED_EDGE('',*,*,#5463,.T.);
#7334=ORIENTED_EDGE('',*,*,#5548,.T.);
#7335=ORIENTED_EDGE('',*,*,#5545,.F.);
#7336=ORIENTED_EDGE('',*,*,#5549,.F.);
#7337=ORIENTED_EDGE('',*,*,#5550,.F.);
#7338=ORIENTED_EDGE('',*,*,#5551,.F.);
#7339=ORIENTED_EDGE('',*,*,#5552,.T.);
#7340=ORIENTED_EDGE('',*,*,#5553,.T.);
#7341=ORIENTED_EDGE('',*,*,#5461,.F.);
#7342=ORIENTED_EDGE('',*,*,#5554,.F.);
#7343=ORIENTED_EDGE('',*,*,#5555,.T.);
#7344=ORIENTED_EDGE('',*,*,#5556,.T.);
#7345=ORIENTED_EDGE('',*,*,#5552,.F.);
#7346=ORIENTED_EDGE('',*,*,#5557,.F.);
#7347=ORIENTED_EDGE('',*,*,#5558,.T.);
#7348=ORIENTED_EDGE('',*,*,#5559,.T.);
#7349=ORIENTED_EDGE('',*,*,#5555,.F.);
#7350=ORIENTED_EDGE('',*,*,#5560,.F.);
#7351=ORIENTED_EDGE('',*,*,#5561,.T.);
#7352=ORIENTED_EDGE('',*,*,#5562,.T.);
#7353=ORIENTED_EDGE('',*,*,#5558,.F.);
#7354=ORIENTED_EDGE('',*,*,#5563,.F.);
#7355=ORIENTED_EDGE('',*,*,#5564,.T.);
#7356=ORIENTED_EDGE('',*,*,#5565,.T.);
#7357=ORIENTED_EDGE('',*,*,#5561,.F.);
#7358=ORIENTED_EDGE('',*,*,#5566,.F.);
#7359=ORIENTED_EDGE('',*,*,#5567,.T.);
#7360=ORIENTED_EDGE('',*,*,#5568,.T.);
#7361=ORIENTED_EDGE('',*,*,#5564,.F.);
#7362=ORIENTED_EDGE('',*,*,#5569,.F.);
#7363=ORIENTED_EDGE('',*,*,#5570,.T.);
#7364=ORIENTED_EDGE('',*,*,#5571,.T.);
#7365=ORIENTED_EDGE('',*,*,#5567,.F.);
#7366=ORIENTED_EDGE('',*,*,#5572,.F.);
#7367=ORIENTED_EDGE('',*,*,#5573,.T.);
#7368=ORIENTED_EDGE('',*,*,#5574,.T.);
#7369=ORIENTED_EDGE('',*,*,#5570,.F.);
#7370=ORIENTED_EDGE('',*,*,#5575,.F.);
#7371=ORIENTED_EDGE('',*,*,#5478,.T.);
#7372=ORIENTED_EDGE('',*,*,#5576,.T.);
#7373=ORIENTED_EDGE('',*,*,#5573,.F.);
#7374=ORIENTED_EDGE('',*,*,#5576,.F.);
#7375=ORIENTED_EDGE('',*,*,#5520,.F.);
#7376=ORIENTED_EDGE('',*,*,#5524,.F.);
#7377=ORIENTED_EDGE('',*,*,#5528,.F.);
#7378=ORIENTED_EDGE('',*,*,#5531,.F.);
#7379=ORIENTED_EDGE('',*,*,#5534,.F.);
#7380=ORIENTED_EDGE('',*,*,#5537,.F.);
#7381=ORIENTED_EDGE('',*,*,#5540,.F.);
#7382=ORIENTED_EDGE('',*,*,#5543,.F.);
#7383=ORIENTED_EDGE('',*,*,#5546,.F.);
#7384=ORIENTED_EDGE('',*,*,#5548,.F.);
#7385=ORIENTED_EDGE('',*,*,#5462,.F.);
#7386=ORIENTED_EDGE('',*,*,#5553,.F.);
#7387=ORIENTED_EDGE('',*,*,#5556,.F.);
#7388=ORIENTED_EDGE('',*,*,#5559,.F.);
#7389=ORIENTED_EDGE('',*,*,#5562,.F.);
#7390=ORIENTED_EDGE('',*,*,#5565,.F.);
#7391=ORIENTED_EDGE('',*,*,#5568,.F.);
#7392=ORIENTED_EDGE('',*,*,#5571,.F.);
#7393=ORIENTED_EDGE('',*,*,#5574,.F.);
#7394=ORIENTED_EDGE('',*,*,#5517,.F.);
#7395=ORIENTED_EDGE('',*,*,#5502,.F.);
#7396=ORIENTED_EDGE('',*,*,#5506,.F.);
#7397=ORIENTED_EDGE('',*,*,#5509,.F.);
#7398=ORIENTED_EDGE('',*,*,#5512,.F.);
#7399=ORIENTED_EDGE('',*,*,#5515,.F.);
#7400=ORIENTED_EDGE('',*,*,#5577,.F.);
#7401=ORIENTED_EDGE('',*,*,#5489,.T.);
#7402=ORIENTED_EDGE('',*,*,#5578,.T.);
#7403=ORIENTED_EDGE('',*,*,#5579,.F.);
#7404=ORIENTED_EDGE('',*,*,#5580,.F.);
#7405=ORIENTED_EDGE('',*,*,#5581,.T.);
#7406=ORIENTED_EDGE('',*,*,#5582,.T.);
#7407=ORIENTED_EDGE('',*,*,#5487,.F.);
#7408=ORIENTED_EDGE('',*,*,#5583,.F.);
#7409=ORIENTED_EDGE('',*,*,#5584,.T.);
#7410=ORIENTED_EDGE('',*,*,#5585,.T.);
#7411=ORIENTED_EDGE('',*,*,#5581,.F.);
#7412=ORIENTED_EDGE('',*,*,#5586,.F.);
#7413=ORIENTED_EDGE('',*,*,#5587,.F.);
#7414=ORIENTED_EDGE('',*,*,#5588,.F.);
#7415=ORIENTED_EDGE('',*,*,#5579,.T.);
#7416=ORIENTED_EDGE('',*,*,#5589,.T.);
#7417=ORIENTED_EDGE('',*,*,#5584,.F.);
#7418=ORIENTED_EDGE('',*,*,#5590,.F.);
#7419=ORIENTED_EDGE('',*,*,#5497,.T.);
#7420=ORIENTED_EDGE('',*,*,#5591,.T.);
#7421=ORIENTED_EDGE('',*,*,#5592,.F.);
#7422=ORIENTED_EDGE('',*,*,#5593,.F.);
#7423=ORIENTED_EDGE('',*,*,#5594,.F.);
#7424=ORIENTED_EDGE('',*,*,#5595,.F.);
#7425=ORIENTED_EDGE('',*,*,#5596,.T.);
#7426=ORIENTED_EDGE('',*,*,#5597,.T.);
#7427=ORIENTED_EDGE('',*,*,#5467,.F.);
#7428=ORIENTED_EDGE('',*,*,#5598,.F.);
#7429=ORIENTED_EDGE('',*,*,#5599,.T.);
#7430=ORIENTED_EDGE('',*,*,#5600,.T.);
#7431=ORIENTED_EDGE('',*,*,#5596,.F.);
#7432=ORIENTED_EDGE('',*,*,#5601,.F.);
#7433=ORIENTED_EDGE('',*,*,#5525,.T.);
#7434=ORIENTED_EDGE('',*,*,#5602,.T.);
#7435=ORIENTED_EDGE('',*,*,#5599,.F.);
#7436=ORIENTED_EDGE('',*,*,#5603,.F.);
#7437=ORIENTED_EDGE('',*,*,#5604,.T.);
#7438=ORIENTED_EDGE('',*,*,#5605,.T.);
#7439=ORIENTED_EDGE('',*,*,#5519,.F.);
#7440=ORIENTED_EDGE('',*,*,#5606,.F.);
#7441=ORIENTED_EDGE('',*,*,#5607,.T.);
#7442=ORIENTED_EDGE('',*,*,#5608,.T.);
#7443=ORIENTED_EDGE('',*,*,#5604,.F.);
#7444=ORIENTED_EDGE('',*,*,#5609,.F.);
#7445=ORIENTED_EDGE('',*,*,#5521,.T.);
#7446=ORIENTED_EDGE('',*,*,#5610,.T.);
#7447=ORIENTED_EDGE('',*,*,#5607,.F.);
#7448=ORIENTED_EDGE('',*,*,#5611,.F.);
#7449=ORIENTED_EDGE('',*,*,#5612,.T.);
#7450=ORIENTED_EDGE('',*,*,#5613,.T.);
#7451=ORIENTED_EDGE('',*,*,#5473,.F.);
#7452=ORIENTED_EDGE('',*,*,#5614,.F.);
#7453=ORIENTED_EDGE('',*,*,#5615,.T.);
#7454=ORIENTED_EDGE('',*,*,#5616,.T.);
#7455=ORIENTED_EDGE('',*,*,#5612,.F.);
#7456=ORIENTED_EDGE('',*,*,#5617,.F.);
#7457=ORIENTED_EDGE('',*,*,#5618,.T.);
#7458=ORIENTED_EDGE('',*,*,#5619,.T.);
#7459=ORIENTED_EDGE('',*,*,#5615,.F.);
#7460=ORIENTED_EDGE('',*,*,#5620,.F.);
#7461=ORIENTED_EDGE('',*,*,#5621,.T.);
#7462=ORIENTED_EDGE('',*,*,#5622,.T.);
#7463=ORIENTED_EDGE('',*,*,#5618,.F.);
#7464=ORIENTED_EDGE('',*,*,#5623,.F.);
#7465=ORIENTED_EDGE('',*,*,#5624,.F.);
#7466=ORIENTED_EDGE('',*,*,#5625,.F.);
#7467=ORIENTED_EDGE('',*,*,#5626,.T.);
#7468=ORIENTED_EDGE('',*,*,#5627,.T.);
#7469=ORIENTED_EDGE('',*,*,#5621,.F.);
#7470=ORIENTED_EDGE('',*,*,#5628,.F.);
#7471=ORIENTED_EDGE('',*,*,#5629,.T.);
#7472=ORIENTED_EDGE('',*,*,#5630,.T.);
#7473=ORIENTED_EDGE('',*,*,#5626,.F.);
#7474=ORIENTED_EDGE('',*,*,#5631,.F.);
#7475=ORIENTED_EDGE('',*,*,#5632,.T.);
#7476=ORIENTED_EDGE('',*,*,#5633,.T.);
#7477=ORIENTED_EDGE('',*,*,#5629,.F.);
#7478=ORIENTED_EDGE('',*,*,#5634,.F.);
#7479=ORIENTED_EDGE('',*,*,#5635,.T.);
#7480=ORIENTED_EDGE('',*,*,#5636,.T.);
#7481=ORIENTED_EDGE('',*,*,#5632,.F.);
#7482=ORIENTED_EDGE('',*,*,#5637,.F.);
#7483=ORIENTED_EDGE('',*,*,#5638,.T.);
#7484=ORIENTED_EDGE('',*,*,#5639,.T.);
#7485=ORIENTED_EDGE('',*,*,#5640,.F.);
#7486=ORIENTED_EDGE('',*,*,#5639,.F.);
#7487=ORIENTED_EDGE('',*,*,#5591,.F.);
#7488=ORIENTED_EDGE('',*,*,#5496,.F.);
#7489=ORIENTED_EDGE('',*,*,#5493,.F.);
#7490=ORIENTED_EDGE('',*,*,#5483,.F.);
#7491=ORIENTED_EDGE('',*,*,#5468,.F.);
#7492=ORIENTED_EDGE('',*,*,#5597,.F.);
#7493=ORIENTED_EDGE('',*,*,#5600,.F.);
#7494=ORIENTED_EDGE('',*,*,#5602,.F.);
#7495=ORIENTED_EDGE('',*,*,#5605,.F.);
#7496=ORIENTED_EDGE('',*,*,#5608,.F.);
#7497=ORIENTED_EDGE('',*,*,#5610,.F.);
#7498=ORIENTED_EDGE('',*,*,#5477,.F.);
#7499=ORIENTED_EDGE('',*,*,#5474,.F.);
#7500=ORIENTED_EDGE('',*,*,#5613,.F.);
#7501=ORIENTED_EDGE('',*,*,#5616,.F.);
#7502=ORIENTED_EDGE('',*,*,#5619,.F.);
#7503=ORIENTED_EDGE('',*,*,#5622,.F.);
#7504=ORIENTED_EDGE('',*,*,#5627,.F.);
#7505=ORIENTED_EDGE('',*,*,#5630,.F.);
#7506=ORIENTED_EDGE('',*,*,#5633,.F.);
#7507=ORIENTED_EDGE('',*,*,#5636,.F.);
#7508=ORIENTED_EDGE('',*,*,#5589,.F.);
#7509=ORIENTED_EDGE('',*,*,#5578,.F.);
#7510=ORIENTED_EDGE('',*,*,#5488,.F.);
#7511=ORIENTED_EDGE('',*,*,#5582,.F.);
#7512=ORIENTED_EDGE('',*,*,#5585,.F.);
#7513=ORIENTED_EDGE('',*,*,#5641,.F.);
#7514=ORIENTED_EDGE('',*,*,#5642,.T.);
#7515=ORIENTED_EDGE('',*,*,#5643,.T.);
#7516=ORIENTED_EDGE('',*,*,#5644,.F.);
#7517=ORIENTED_EDGE('',*,*,#5645,.F.);
#7518=ORIENTED_EDGE('',*,*,#5640,.T.);
#7519=ORIENTED_EDGE('',*,*,#5646,.T.);
#7520=ORIENTED_EDGE('',*,*,#5642,.F.);
#7521=ORIENTED_EDGE('',*,*,#5647,.F.);
#7522=ORIENTED_EDGE('',*,*,#5648,.T.);
#7523=ORIENTED_EDGE('',*,*,#5649,.T.);
#7524=ORIENTED_EDGE('',*,*,#5635,.F.);
#7525=ORIENTED_EDGE('',*,*,#5650,.F.);
#7526=ORIENTED_EDGE('',*,*,#5651,.T.);
#7527=ORIENTED_EDGE('',*,*,#5652,.T.);
#7528=ORIENTED_EDGE('',*,*,#5648,.F.);
#7529=ORIENTED_EDGE('',*,*,#5653,.F.);
#7530=ORIENTED_EDGE('',*,*,#5654,.T.);
#7531=ORIENTED_EDGE('',*,*,#5655,.T.);
#7532=ORIENTED_EDGE('',*,*,#5651,.F.);
#7533=ORIENTED_EDGE('',*,*,#5656,.F.);
#7534=ORIENTED_EDGE('',*,*,#5657,.T.);
#7535=ORIENTED_EDGE('',*,*,#5658,.T.);
#7536=ORIENTED_EDGE('',*,*,#5654,.F.);
#7537=ORIENTED_EDGE('',*,*,#5659,.F.);
#7538=ORIENTED_EDGE('',*,*,#5660,.T.);
#7539=ORIENTED_EDGE('',*,*,#5661,.T.);
#7540=ORIENTED_EDGE('',*,*,#5657,.F.);
#7541=ORIENTED_EDGE('',*,*,#5662,.F.);
#7542=ORIENTED_EDGE('',*,*,#5663,.T.);
#7543=ORIENTED_EDGE('',*,*,#5664,.T.);
#7544=ORIENTED_EDGE('',*,*,#5660,.F.);
#7545=ORIENTED_EDGE('',*,*,#5665,.F.);
#7546=ORIENTED_EDGE('',*,*,#5666,.T.);
#7547=ORIENTED_EDGE('',*,*,#5667,.T.);
#7548=ORIENTED_EDGE('',*,*,#5663,.F.);
#7549=ORIENTED_EDGE('',*,*,#5668,.F.);
#7550=ORIENTED_EDGE('',*,*,#5669,.T.);
#7551=ORIENTED_EDGE('',*,*,#5670,.T.);
#7552=ORIENTED_EDGE('',*,*,#5666,.F.);
#7553=ORIENTED_EDGE('',*,*,#5671,.F.);
#7554=ORIENTED_EDGE('',*,*,#5672,.T.);
#7555=ORIENTED_EDGE('',*,*,#5673,.T.);
#7556=ORIENTED_EDGE('',*,*,#5669,.F.);
#7557=ORIENTED_EDGE('',*,*,#5674,.F.);
#7558=ORIENTED_EDGE('',*,*,#5675,.T.);
#7559=ORIENTED_EDGE('',*,*,#5676,.T.);
#7560=ORIENTED_EDGE('',*,*,#5672,.F.);
#7561=ORIENTED_EDGE('',*,*,#5677,.F.);
#7562=ORIENTED_EDGE('',*,*,#5678,.T.);
#7563=ORIENTED_EDGE('',*,*,#5679,.T.);
#7564=ORIENTED_EDGE('',*,*,#5675,.F.);
#7565=ORIENTED_EDGE('',*,*,#5680,.F.);
#7566=ORIENTED_EDGE('',*,*,#5681,.T.);
#7567=ORIENTED_EDGE('',*,*,#5682,.T.);
#7568=ORIENTED_EDGE('',*,*,#5678,.F.);
#7569=ORIENTED_EDGE('',*,*,#5683,.F.);
#7570=ORIENTED_EDGE('',*,*,#5684,.T.);
#7571=ORIENTED_EDGE('',*,*,#5685,.T.);
#7572=ORIENTED_EDGE('',*,*,#5681,.F.);
#7573=ORIENTED_EDGE('',*,*,#5686,.F.);
#7574=ORIENTED_EDGE('',*,*,#5687,.T.);
#7575=ORIENTED_EDGE('',*,*,#5688,.T.);
#7576=ORIENTED_EDGE('',*,*,#5684,.F.);
#7577=ORIENTED_EDGE('',*,*,#5689,.F.);
#7578=ORIENTED_EDGE('',*,*,#5690,.T.);
#7579=ORIENTED_EDGE('',*,*,#5691,.T.);
#7580=ORIENTED_EDGE('',*,*,#5687,.F.);
#7581=ORIENTED_EDGE('',*,*,#5692,.F.);
#7582=ORIENTED_EDGE('',*,*,#5693,.T.);
#7583=ORIENTED_EDGE('',*,*,#5694,.T.);
#7584=ORIENTED_EDGE('',*,*,#5690,.F.);
#7585=ORIENTED_EDGE('',*,*,#5695,.F.);
#7586=ORIENTED_EDGE('',*,*,#5592,.T.);
#7587=ORIENTED_EDGE('',*,*,#5696,.T.);
#7588=ORIENTED_EDGE('',*,*,#5693,.F.);
#7589=ORIENTED_EDGE('',*,*,#5697,.F.);
#7590=ORIENTED_EDGE('',*,*,#5644,.T.);
#7591=ORIENTED_EDGE('',*,*,#5698,.T.);
#7592=ORIENTED_EDGE('',*,*,#5638,.F.);
#7593=ORIENTED_EDGE('',*,*,#5698,.F.);
#7594=ORIENTED_EDGE('',*,*,#5643,.F.);
#7595=ORIENTED_EDGE('',*,*,#5646,.F.);
#7596=ORIENTED_EDGE('',*,*,#5649,.F.);
#7597=ORIENTED_EDGE('',*,*,#5652,.F.);
#7598=ORIENTED_EDGE('',*,*,#5655,.F.);
#7599=ORIENTED_EDGE('',*,*,#5658,.F.);
#7600=ORIENTED_EDGE('',*,*,#5661,.F.);
#7601=ORIENTED_EDGE('',*,*,#5664,.F.);
#7602=ORIENTED_EDGE('',*,*,#5667,.F.);
#7603=ORIENTED_EDGE('',*,*,#5670,.F.);
#7604=ORIENTED_EDGE('',*,*,#5673,.F.);
#7605=ORIENTED_EDGE('',*,*,#5676,.F.);
#7606=ORIENTED_EDGE('',*,*,#5679,.F.);
#7607=ORIENTED_EDGE('',*,*,#5682,.F.);
#7608=ORIENTED_EDGE('',*,*,#5685,.F.);
#7609=ORIENTED_EDGE('',*,*,#5688,.F.);
#7610=ORIENTED_EDGE('',*,*,#5691,.F.);
#7611=ORIENTED_EDGE('',*,*,#5694,.F.);
#7612=ORIENTED_EDGE('',*,*,#5696,.F.);
#7613=ORIENTED_EDGE('',*,*,#5699,.F.);
#7614=ORIENTED_EDGE('',*,*,#5700,.T.);
#7615=ORIENTED_EDGE('',*,*,#5701,.T.);
#7616=ORIENTED_EDGE('',*,*,#5702,.F.);
#7617=ORIENTED_EDGE('',*,*,#5703,.F.);
#7618=ORIENTED_EDGE('',*,*,#5702,.T.);
#7619=ORIENTED_EDGE('',*,*,#5704,.T.);
#7620=ORIENTED_EDGE('',*,*,#5705,.F.);
#7621=ORIENTED_EDGE('',*,*,#5706,.F.);
#7622=ORIENTED_EDGE('',*,*,#5707,.F.);
#7623=ORIENTED_EDGE('',*,*,#5708,.F.);
#7624=ORIENTED_EDGE('',*,*,#5709,.F.);
#7625=ORIENTED_EDGE('',*,*,#5710,.T.);
#7626=ORIENTED_EDGE('',*,*,#5711,.T.);
#7627=ORIENTED_EDGE('',*,*,#5712,.F.);
#7628=ORIENTED_EDGE('',*,*,#5713,.F.);
#7629=ORIENTED_EDGE('',*,*,#5714,.F.);
#7630=ORIENTED_EDGE('',*,*,#5712,.T.);
#7631=ORIENTED_EDGE('',*,*,#5715,.T.);
#7632=ORIENTED_EDGE('',*,*,#5716,.F.);
#7633=ORIENTED_EDGE('',*,*,#5717,.F.);
#7634=ORIENTED_EDGE('',*,*,#5716,.T.);
#7635=ORIENTED_EDGE('',*,*,#5718,.T.);
#7636=ORIENTED_EDGE('',*,*,#5719,.F.);
#7637=ORIENTED_EDGE('',*,*,#5720,.F.);
#7638=ORIENTED_EDGE('',*,*,#5719,.T.);
#7639=ORIENTED_EDGE('',*,*,#5721,.T.);
#7640=ORIENTED_EDGE('',*,*,#5722,.F.);
#7641=ORIENTED_EDGE('',*,*,#5723,.F.);
#7642=ORIENTED_EDGE('',*,*,#5724,.F.);
#7643=ORIENTED_EDGE('',*,*,#5725,.F.);
#7644=ORIENTED_EDGE('',*,*,#5726,.T.);
#7645=ORIENTED_EDGE('',*,*,#5727,.T.);
#7646=ORIENTED_EDGE('',*,*,#5728,.F.);
#7647=ORIENTED_EDGE('',*,*,#5729,.F.);
#7648=ORIENTED_EDGE('',*,*,#5730,.T.);
#7649=ORIENTED_EDGE('',*,*,#5731,.T.);
#7650=ORIENTED_EDGE('',*,*,#5726,.F.);
#7651=ORIENTED_EDGE('',*,*,#5732,.F.);
#7652=ORIENTED_EDGE('',*,*,#5705,.T.);
#7653=ORIENTED_EDGE('',*,*,#5733,.T.);
#7654=ORIENTED_EDGE('',*,*,#5730,.F.);
#7655=ORIENTED_EDGE('',*,*,#5734,.F.);
#7656=ORIENTED_EDGE('',*,*,#5735,.F.);
#7657=ORIENTED_EDGE('',*,*,#5736,.F.);
#7658=ORIENTED_EDGE('',*,*,#5737,.T.);
#7659=ORIENTED_EDGE('',*,*,#5738,.T.);
#7660=ORIENTED_EDGE('',*,*,#5700,.F.);
#7661=ORIENTED_EDGE('',*,*,#5739,.F.);
#7662=ORIENTED_EDGE('',*,*,#5740,.T.);
#7663=ORIENTED_EDGE('',*,*,#5741,.T.);
#7664=ORIENTED_EDGE('',*,*,#5737,.F.);
#7665=ORIENTED_EDGE('',*,*,#5742,.F.);
#7666=ORIENTED_EDGE('',*,*,#5743,.T.);
#7667=ORIENTED_EDGE('',*,*,#5744,.T.);
#7668=ORIENTED_EDGE('',*,*,#5740,.F.);
#7669=ORIENTED_EDGE('',*,*,#5745,.F.);
#7670=ORIENTED_EDGE('',*,*,#5746,.T.);
#7671=ORIENTED_EDGE('',*,*,#5747,.T.);
#7672=ORIENTED_EDGE('',*,*,#5743,.F.);
#7673=ORIENTED_EDGE('',*,*,#5748,.F.);
#7674=ORIENTED_EDGE('',*,*,#5749,.T.);
#7675=ORIENTED_EDGE('',*,*,#5750,.T.);
#7676=ORIENTED_EDGE('',*,*,#5746,.F.);
#7677=ORIENTED_EDGE('',*,*,#5751,.F.);
#7678=ORIENTED_EDGE('',*,*,#5722,.T.);
#7679=ORIENTED_EDGE('',*,*,#5752,.T.);
#7680=ORIENTED_EDGE('',*,*,#5749,.F.);
#7681=ORIENTED_EDGE('',*,*,#5753,.F.);
#7682=ORIENTED_EDGE('',*,*,#5754,.T.);
#7683=ORIENTED_EDGE('',*,*,#5755,.T.);
#7684=ORIENTED_EDGE('',*,*,#5710,.F.);
#7685=ORIENTED_EDGE('',*,*,#5756,.F.);
#7686=ORIENTED_EDGE('',*,*,#5757,.T.);
#7687=ORIENTED_EDGE('',*,*,#5758,.T.);
#7688=ORIENTED_EDGE('',*,*,#5754,.F.);
#7689=ORIENTED_EDGE('',*,*,#5759,.F.);
#7690=ORIENTED_EDGE('',*,*,#5760,.T.);
#7691=ORIENTED_EDGE('',*,*,#5761,.T.);
#7692=ORIENTED_EDGE('',*,*,#5757,.F.);
#7693=ORIENTED_EDGE('',*,*,#5762,.F.);
#7694=ORIENTED_EDGE('',*,*,#5763,.F.);
#7695=ORIENTED_EDGE('',*,*,#5764,.T.);
#7696=ORIENTED_EDGE('',*,*,#5765,.T.);
#7697=ORIENTED_EDGE('',*,*,#5760,.F.);
#7698=ORIENTED_EDGE('',*,*,#5766,.F.);
#7699=ORIENTED_EDGE('',*,*,#5767,.F.);
#7700=ORIENTED_EDGE('',*,*,#5768,.F.);
#7701=ORIENTED_EDGE('',*,*,#5769,.F.);
#7702=ORIENTED_EDGE('',*,*,#5770,.T.);
#7703=ORIENTED_EDGE('',*,*,#5771,.T.);
#7704=ORIENTED_EDGE('',*,*,#5764,.F.);
#7705=ORIENTED_EDGE('',*,*,#5772,.F.);
#7706=ORIENTED_EDGE('',*,*,#5773,.T.);
#7707=ORIENTED_EDGE('',*,*,#5774,.T.);
#7708=ORIENTED_EDGE('',*,*,#5770,.F.);
#7709=ORIENTED_EDGE('',*,*,#5775,.F.);
#7710=ORIENTED_EDGE('',*,*,#5776,.F.);
#7711=ORIENTED_EDGE('',*,*,#5777,.T.);
#7712=ORIENTED_EDGE('',*,*,#5778,.T.);
#7713=ORIENTED_EDGE('',*,*,#5773,.F.);
#7714=ORIENTED_EDGE('',*,*,#5779,.F.);
#7715=ORIENTED_EDGE('',*,*,#5780,.F.);
#7716=ORIENTED_EDGE('',*,*,#5781,.F.);
#7717=ORIENTED_EDGE('',*,*,#5782,.F.);
#7718=ORIENTED_EDGE('',*,*,#5783,.T.);
#7719=ORIENTED_EDGE('',*,*,#5784,.T.);
#7720=ORIENTED_EDGE('',*,*,#5777,.F.);
#7721=ORIENTED_EDGE('',*,*,#5785,.F.);
#7722=ORIENTED_EDGE('',*,*,#5728,.T.);
#7723=ORIENTED_EDGE('',*,*,#5786,.T.);
#7724=ORIENTED_EDGE('',*,*,#5783,.F.);
#7725=ORIENTED_EDGE('',*,*,#5786,.F.);
#7726=ORIENTED_EDGE('',*,*,#5727,.F.);
#7727=ORIENTED_EDGE('',*,*,#5731,.F.);
#7728=ORIENTED_EDGE('',*,*,#5733,.F.);
#7729=ORIENTED_EDGE('',*,*,#5704,.F.);
#7730=ORIENTED_EDGE('',*,*,#5701,.F.);
#7731=ORIENTED_EDGE('',*,*,#5738,.F.);
#7732=ORIENTED_EDGE('',*,*,#5741,.F.);
#7733=ORIENTED_EDGE('',*,*,#5744,.F.);
#7734=ORIENTED_EDGE('',*,*,#5747,.F.);
#7735=ORIENTED_EDGE('',*,*,#5750,.F.);
#7736=ORIENTED_EDGE('',*,*,#5752,.F.);
#7737=ORIENTED_EDGE('',*,*,#5721,.F.);
#7738=ORIENTED_EDGE('',*,*,#5718,.F.);
#7739=ORIENTED_EDGE('',*,*,#5715,.F.);
#7740=ORIENTED_EDGE('',*,*,#5711,.F.);
#7741=ORIENTED_EDGE('',*,*,#5755,.F.);
#7742=ORIENTED_EDGE('',*,*,#5758,.F.);
#7743=ORIENTED_EDGE('',*,*,#5761,.F.);
#7744=ORIENTED_EDGE('',*,*,#5765,.F.);
#7745=ORIENTED_EDGE('',*,*,#5771,.F.);
#7746=ORIENTED_EDGE('',*,*,#5774,.F.);
#7747=ORIENTED_EDGE('',*,*,#5778,.F.);
#7748=ORIENTED_EDGE('',*,*,#5784,.F.);
#7749=ORIENTED_EDGE('',*,*,#5787,.F.);
#7750=ORIENTED_EDGE('',*,*,#5788,.T.);
#7751=ORIENTED_EDGE('',*,*,#5789,.T.);
#7752=ORIENTED_EDGE('',*,*,#5790,.F.);
#7753=ORIENTED_EDGE('',*,*,#5791,.F.);
#7754=ORIENTED_EDGE('',*,*,#5792,.F.);
#7755=ORIENTED_EDGE('',*,*,#5793,.F.);
#7756=ORIENTED_EDGE('',*,*,#5790,.T.);
#7757=ORIENTED_EDGE('',*,*,#5794,.T.);
#7758=ORIENTED_EDGE('',*,*,#5795,.F.);
#7759=ORIENTED_EDGE('',*,*,#5796,.F.);
#7760=ORIENTED_EDGE('',*,*,#5797,.T.);
#7761=ORIENTED_EDGE('',*,*,#5798,.T.);
#7762=ORIENTED_EDGE('',*,*,#5788,.F.);
#7763=ORIENTED_EDGE('',*,*,#5799,.F.);
#7764=ORIENTED_EDGE('',*,*,#5800,.T.);
#7765=ORIENTED_EDGE('',*,*,#5801,.T.);
#7766=ORIENTED_EDGE('',*,*,#5797,.F.);
#7767=ORIENTED_EDGE('',*,*,#5802,.F.);
#7768=ORIENTED_EDGE('',*,*,#5803,.F.);
#7769=ORIENTED_EDGE('',*,*,#5804,.F.);
#7770=ORIENTED_EDGE('',*,*,#5805,.T.);
#7771=ORIENTED_EDGE('',*,*,#5806,.T.);
#7772=ORIENTED_EDGE('',*,*,#5800,.F.);
#7773=ORIENTED_EDGE('',*,*,#5807,.F.);
#7774=ORIENTED_EDGE('',*,*,#5808,.T.);
#7775=ORIENTED_EDGE('',*,*,#5809,.T.);
#7776=ORIENTED_EDGE('',*,*,#5805,.F.);
#7777=ORIENTED_EDGE('',*,*,#5810,.F.);
#7778=ORIENTED_EDGE('',*,*,#5795,.T.);
#7779=ORIENTED_EDGE('',*,*,#5811,.T.);
#7780=ORIENTED_EDGE('',*,*,#5808,.F.);
#7781=ORIENTED_EDGE('',*,*,#5811,.F.);
#7782=ORIENTED_EDGE('',*,*,#5794,.F.);
#7783=ORIENTED_EDGE('',*,*,#5789,.F.);
#7784=ORIENTED_EDGE('',*,*,#5798,.F.);
#7785=ORIENTED_EDGE('',*,*,#5801,.F.);
#7786=ORIENTED_EDGE('',*,*,#5806,.F.);
#7787=ORIENTED_EDGE('',*,*,#5809,.F.);
#7788=ORIENTED_EDGE('',*,*,#5812,.F.);
#7789=ORIENTED_EDGE('',*,*,#5813,.F.);
#7790=ORIENTED_EDGE('',*,*,#5814,.T.);
#7791=ORIENTED_EDGE('',*,*,#5815,.T.);
#7792=ORIENTED_EDGE('',*,*,#5816,.F.);
#7793=ORIENTED_EDGE('',*,*,#5817,.F.);
#7794=ORIENTED_EDGE('',*,*,#5818,.F.);
#7795=ORIENTED_EDGE('',*,*,#5816,.T.);
#7796=ORIENTED_EDGE('',*,*,#5819,.T.);
#7797=ORIENTED_EDGE('',*,*,#5820,.F.);
#7798=ORIENTED_EDGE('',*,*,#5821,.F.);
#7799=ORIENTED_EDGE('',*,*,#5820,.T.);
#7800=ORIENTED_EDGE('',*,*,#5822,.T.);
#7801=ORIENTED_EDGE('',*,*,#5823,.F.);
#7802=ORIENTED_EDGE('',*,*,#5824,.F.);
#7803=ORIENTED_EDGE('',*,*,#5825,.F.);
#7804=ORIENTED_EDGE('',*,*,#5826,.F.);
#7805=ORIENTED_EDGE('',*,*,#5827,.T.);
#7806=ORIENTED_EDGE('',*,*,#5828,.T.);
#7807=ORIENTED_EDGE('',*,*,#5829,.F.);
#7808=ORIENTED_EDGE('',*,*,#5830,.F.);
#7809=ORIENTED_EDGE('',*,*,#5831,.F.);
#7810=ORIENTED_EDGE('',*,*,#5832,.F.);
#7811=ORIENTED_EDGE('',*,*,#5833,.T.);
#7812=ORIENTED_EDGE('',*,*,#5834,.T.);
#7813=ORIENTED_EDGE('',*,*,#5835,.F.);
#7814=ORIENTED_EDGE('',*,*,#5836,.F.);
#7815=ORIENTED_EDGE('',*,*,#5837,.F.);
#7816=ORIENTED_EDGE('',*,*,#5838,.F.);
#7817=ORIENTED_EDGE('',*,*,#5823,.T.);
#7818=ORIENTED_EDGE('',*,*,#5839,.T.);
#7819=ORIENTED_EDGE('',*,*,#5840,.F.);
#7820=ORIENTED_EDGE('',*,*,#5841,.F.);
#7821=ORIENTED_EDGE('',*,*,#5842,.T.);
#7822=ORIENTED_EDGE('',*,*,#5843,.T.);
#7823=ORIENTED_EDGE('',*,*,#5814,.F.);
#7824=ORIENTED_EDGE('',*,*,#5844,.F.);
#7825=ORIENTED_EDGE('',*,*,#5845,.T.);
#7826=ORIENTED_EDGE('',*,*,#5846,.T.);
#7827=ORIENTED_EDGE('',*,*,#5842,.F.);
#7828=ORIENTED_EDGE('',*,*,#5847,.F.);
#7829=ORIENTED_EDGE('',*,*,#5848,.T.);
#7830=ORIENTED_EDGE('',*,*,#5849,.T.);
#7831=ORIENTED_EDGE('',*,*,#5845,.F.);
#7832=ORIENTED_EDGE('',*,*,#5850,.F.);
#7833=ORIENTED_EDGE('',*,*,#5851,.T.);
#7834=ORIENTED_EDGE('',*,*,#5852,.T.);
#7835=ORIENTED_EDGE('',*,*,#5848,.F.);
#7836=ORIENTED_EDGE('',*,*,#5853,.F.);
#7837=ORIENTED_EDGE('',*,*,#5854,.T.);
#7838=ORIENTED_EDGE('',*,*,#5855,.T.);
#7839=ORIENTED_EDGE('',*,*,#5851,.F.);
#7840=ORIENTED_EDGE('',*,*,#5856,.F.);
#7841=ORIENTED_EDGE('',*,*,#5857,.T.);
#7842=ORIENTED_EDGE('',*,*,#5858,.T.);
#7843=ORIENTED_EDGE('',*,*,#5854,.F.);
#7844=ORIENTED_EDGE('',*,*,#5859,.F.);
#7845=ORIENTED_EDGE('',*,*,#5860,.T.);
#7846=ORIENTED_EDGE('',*,*,#5861,.T.);
#7847=ORIENTED_EDGE('',*,*,#5857,.F.);
#7848=ORIENTED_EDGE('',*,*,#5862,.F.);
#7849=ORIENTED_EDGE('',*,*,#5863,.T.);
#7850=ORIENTED_EDGE('',*,*,#5864,.T.);
#7851=ORIENTED_EDGE('',*,*,#5860,.F.);
#7852=ORIENTED_EDGE('',*,*,#5865,.F.);
#7853=ORIENTED_EDGE('',*,*,#5866,.F.);
#7854=ORIENTED_EDGE('',*,*,#5867,.T.);
#7855=ORIENTED_EDGE('',*,*,#5868,.T.);
#7856=ORIENTED_EDGE('',*,*,#5863,.F.);
#7857=ORIENTED_EDGE('',*,*,#5869,.F.);
#7858=ORIENTED_EDGE('',*,*,#5870,.F.);
#7859=ORIENTED_EDGE('',*,*,#5871,.T.);
#7860=ORIENTED_EDGE('',*,*,#5872,.T.);
#7861=ORIENTED_EDGE('',*,*,#5867,.F.);
#7862=ORIENTED_EDGE('',*,*,#5873,.F.);
#7863=ORIENTED_EDGE('',*,*,#5874,.F.);
#7864=ORIENTED_EDGE('',*,*,#5875,.F.);
#7865=ORIENTED_EDGE('',*,*,#5876,.T.);
#7866=ORIENTED_EDGE('',*,*,#5877,.T.);
#7867=ORIENTED_EDGE('',*,*,#5871,.F.);
#7868=ORIENTED_EDGE('',*,*,#5878,.F.);
#7869=ORIENTED_EDGE('',*,*,#5879,.T.);
#7870=ORIENTED_EDGE('',*,*,#5880,.T.);
#7871=ORIENTED_EDGE('',*,*,#5876,.F.);
#7872=ORIENTED_EDGE('',*,*,#5881,.F.);
#7873=ORIENTED_EDGE('',*,*,#5882,.T.);
#7874=ORIENTED_EDGE('',*,*,#5883,.T.);
#7875=ORIENTED_EDGE('',*,*,#5884,.F.);
#7876=ORIENTED_EDGE('',*,*,#5883,.F.);
#7877=ORIENTED_EDGE('',*,*,#5839,.F.);
#7878=ORIENTED_EDGE('',*,*,#5822,.F.);
#7879=ORIENTED_EDGE('',*,*,#5819,.F.);
#7880=ORIENTED_EDGE('',*,*,#5815,.F.);
#7881=ORIENTED_EDGE('',*,*,#5843,.F.);
#7882=ORIENTED_EDGE('',*,*,#5846,.F.);
#7883=ORIENTED_EDGE('',*,*,#5849,.F.);
#7884=ORIENTED_EDGE('',*,*,#5852,.F.);
#7885=ORIENTED_EDGE('',*,*,#5855,.F.);
#7886=ORIENTED_EDGE('',*,*,#5858,.F.);
#7887=ORIENTED_EDGE('',*,*,#5861,.F.);
#7888=ORIENTED_EDGE('',*,*,#5864,.F.);
#7889=ORIENTED_EDGE('',*,*,#5868,.F.);
#7890=ORIENTED_EDGE('',*,*,#5872,.F.);
#7891=ORIENTED_EDGE('',*,*,#5877,.F.);
#7892=ORIENTED_EDGE('',*,*,#5880,.F.);
#7893=ORIENTED_EDGE('',*,*,#5885,.F.);
#7894=ORIENTED_EDGE('',*,*,#5886,.T.);
#7895=ORIENTED_EDGE('',*,*,#5887,.T.);
#7896=ORIENTED_EDGE('',*,*,#5888,.F.);
#7897=ORIENTED_EDGE('',*,*,#5889,.F.);
#7898=ORIENTED_EDGE('',*,*,#5884,.T.);
#7899=ORIENTED_EDGE('',*,*,#5890,.T.);
#7900=ORIENTED_EDGE('',*,*,#5886,.F.);
#7901=ORIENTED_EDGE('',*,*,#5891,.F.);
#7902=ORIENTED_EDGE('',*,*,#5892,.T.);
#7903=ORIENTED_EDGE('',*,*,#5893,.T.);
#7904=ORIENTED_EDGE('',*,*,#5879,.F.);
#7905=ORIENTED_EDGE('',*,*,#5894,.F.);
#7906=ORIENTED_EDGE('',*,*,#5895,.T.);
#7907=ORIENTED_EDGE('',*,*,#5896,.T.);
#7908=ORIENTED_EDGE('',*,*,#5892,.F.);
#7909=ORIENTED_EDGE('',*,*,#5897,.F.);
#7910=ORIENTED_EDGE('',*,*,#5898,.T.);
#7911=ORIENTED_EDGE('',*,*,#5899,.T.);
#7912=ORIENTED_EDGE('',*,*,#5895,.F.);
#7913=ORIENTED_EDGE('',*,*,#5900,.F.);
#7914=ORIENTED_EDGE('',*,*,#5901,.T.);
#7915=ORIENTED_EDGE('',*,*,#5902,.T.);
#7916=ORIENTED_EDGE('',*,*,#5898,.F.);
#7917=ORIENTED_EDGE('',*,*,#5903,.F.);
#7918=ORIENTED_EDGE('',*,*,#5904,.T.);
#7919=ORIENTED_EDGE('',*,*,#5905,.T.);
#7920=ORIENTED_EDGE('',*,*,#5901,.F.);
#7921=ORIENTED_EDGE('',*,*,#5906,.F.);
#7922=ORIENTED_EDGE('',*,*,#5907,.T.);
#7923=ORIENTED_EDGE('',*,*,#5908,.T.);
#7924=ORIENTED_EDGE('',*,*,#5904,.F.);
#7925=ORIENTED_EDGE('',*,*,#5909,.F.);
#7926=ORIENTED_EDGE('',*,*,#5910,.T.);
#7927=ORIENTED_EDGE('',*,*,#5911,.T.);
#7928=ORIENTED_EDGE('',*,*,#5907,.F.);
#7929=ORIENTED_EDGE('',*,*,#5912,.F.);
#7930=ORIENTED_EDGE('',*,*,#5913,.T.);
#7931=ORIENTED_EDGE('',*,*,#5914,.T.);
#7932=ORIENTED_EDGE('',*,*,#5915,.F.);
#7933=ORIENTED_EDGE('',*,*,#5916,.F.);
#7934=ORIENTED_EDGE('',*,*,#5917,.T.);
#7935=ORIENTED_EDGE('',*,*,#5918,.T.);
#7936=ORIENTED_EDGE('',*,*,#5919,.F.);
#7937=ORIENTED_EDGE('',*,*,#5920,.F.);
#7938=ORIENTED_EDGE('',*,*,#5921,.T.);
#7939=ORIENTED_EDGE('',*,*,#5922,.T.);
#7940=ORIENTED_EDGE('',*,*,#5917,.F.);
#7941=ORIENTED_EDGE('',*,*,#5923,.F.);
#7942=ORIENTED_EDGE('',*,*,#5924,.T.);
#7943=ORIENTED_EDGE('',*,*,#5925,.T.);
#7944=ORIENTED_EDGE('',*,*,#5921,.F.);
#7945=ORIENTED_EDGE('',*,*,#5926,.F.);
#7946=ORIENTED_EDGE('',*,*,#5927,.T.);
#7947=ORIENTED_EDGE('',*,*,#5928,.T.);
#7948=ORIENTED_EDGE('',*,*,#5924,.F.);
#7949=ORIENTED_EDGE('',*,*,#5929,.F.);
#7950=ORIENTED_EDGE('',*,*,#5930,.T.);
#7951=ORIENTED_EDGE('',*,*,#5931,.T.);
#7952=ORIENTED_EDGE('',*,*,#5927,.F.);
#7953=ORIENTED_EDGE('',*,*,#5932,.F.);
#7954=ORIENTED_EDGE('',*,*,#5933,.T.);
#7955=ORIENTED_EDGE('',*,*,#5934,.T.);
#7956=ORIENTED_EDGE('',*,*,#5930,.F.);
#7957=ORIENTED_EDGE('',*,*,#5935,.F.);
#7958=ORIENTED_EDGE('',*,*,#5829,.T.);
#7959=ORIENTED_EDGE('',*,*,#5936,.T.);
#7960=ORIENTED_EDGE('',*,*,#5933,.F.);
#7961=ORIENTED_EDGE('',*,*,#5937,.F.);
#7962=ORIENTED_EDGE('',*,*,#5938,.F.);
#7963=ORIENTED_EDGE('',*,*,#5939,.F.);
#7964=ORIENTED_EDGE('',*,*,#5940,.T.);
#7965=ORIENTED_EDGE('',*,*,#5941,.T.);
#7966=ORIENTED_EDGE('',*,*,#5827,.F.);
#7967=ORIENTED_EDGE('',*,*,#5942,.F.);
#7968=ORIENTED_EDGE('',*,*,#5840,.T.);
#7969=ORIENTED_EDGE('',*,*,#5943,.T.);
#7970=ORIENTED_EDGE('',*,*,#5940,.F.);
#7971=ORIENTED_EDGE('',*,*,#5944,.F.);
#7972=ORIENTED_EDGE('',*,*,#5888,.T.);
#7973=ORIENTED_EDGE('',*,*,#5945,.T.);
#7974=ORIENTED_EDGE('',*,*,#5882,.F.);
#7975=ORIENTED_EDGE('',*,*,#5945,.F.);
#7976=ORIENTED_EDGE('',*,*,#5887,.F.);
#7977=ORIENTED_EDGE('',*,*,#5890,.F.);
#7978=ORIENTED_EDGE('',*,*,#5893,.F.);
#7979=ORIENTED_EDGE('',*,*,#5896,.F.);
#7980=ORIENTED_EDGE('',*,*,#5899,.F.);
#7981=ORIENTED_EDGE('',*,*,#5902,.F.);
#7982=ORIENTED_EDGE('',*,*,#5905,.F.);
#7983=ORIENTED_EDGE('',*,*,#5908,.F.);
#7984=ORIENTED_EDGE('',*,*,#5911,.F.);
#7985=ORIENTED_EDGE('',*,*,#5914,.F.);
#7986=ORIENTED_EDGE('',*,*,#5918,.F.);
#7987=ORIENTED_EDGE('',*,*,#5922,.F.);
#7988=ORIENTED_EDGE('',*,*,#5925,.F.);
#7989=ORIENTED_EDGE('',*,*,#5928,.F.);
#7990=ORIENTED_EDGE('',*,*,#5931,.F.);
#7991=ORIENTED_EDGE('',*,*,#5934,.F.);
#7992=ORIENTED_EDGE('',*,*,#5936,.F.);
#7993=ORIENTED_EDGE('',*,*,#5828,.F.);
#7994=ORIENTED_EDGE('',*,*,#5941,.F.);
#7995=ORIENTED_EDGE('',*,*,#5943,.F.);
#7996=ORIENTED_EDGE('',*,*,#5946,.F.);
#7997=ORIENTED_EDGE('',*,*,#5947,.T.);
#7998=ORIENTED_EDGE('',*,*,#5948,.T.);
#7999=ORIENTED_EDGE('',*,*,#5949,.F.);
#8000=ORIENTED_EDGE('',*,*,#5950,.F.);
#8001=ORIENTED_EDGE('',*,*,#5915,.T.);
#8002=ORIENTED_EDGE('',*,*,#5951,.T.);
#8003=ORIENTED_EDGE('',*,*,#5947,.F.);
#8004=ORIENTED_EDGE('',*,*,#5952,.F.);
#8005=ORIENTED_EDGE('',*,*,#5953,.T.);
#8006=ORIENTED_EDGE('',*,*,#5954,.T.);
#8007=ORIENTED_EDGE('',*,*,#5910,.F.);
#8008=ORIENTED_EDGE('',*,*,#5955,.F.);
#8009=ORIENTED_EDGE('',*,*,#5956,.T.);
#8010=ORIENTED_EDGE('',*,*,#5957,.T.);
#8011=ORIENTED_EDGE('',*,*,#5953,.F.);
#8012=ORIENTED_EDGE('',*,*,#5958,.F.);
#8013=ORIENTED_EDGE('',*,*,#5835,.T.);
#8014=ORIENTED_EDGE('',*,*,#5959,.T.);
#8015=ORIENTED_EDGE('',*,*,#5956,.F.);
#8016=ORIENTED_EDGE('',*,*,#5960,.F.);
#8017=ORIENTED_EDGE('',*,*,#5961,.T.);
#8018=ORIENTED_EDGE('',*,*,#5962,.T.);
#8019=ORIENTED_EDGE('',*,*,#5833,.F.);
#8020=ORIENTED_EDGE('',*,*,#5963,.F.);
#8021=ORIENTED_EDGE('',*,*,#5964,.F.);
#8022=ORIENTED_EDGE('',*,*,#5965,.F.);
#8023=ORIENTED_EDGE('',*,*,#5966,.T.);
#8024=ORIENTED_EDGE('',*,*,#5967,.T.);
#8025=ORIENTED_EDGE('',*,*,#5961,.F.);
#8026=ORIENTED_EDGE('',*,*,#5968,.F.);
#8027=ORIENTED_EDGE('',*,*,#5969,.T.);
#8028=ORIENTED_EDGE('',*,*,#5970,.T.);
#8029=ORIENTED_EDGE('',*,*,#5966,.F.);
#8030=ORIENTED_EDGE('',*,*,#5971,.F.);
#8031=ORIENTED_EDGE('',*,*,#5972,.T.);
#8032=ORIENTED_EDGE('',*,*,#5973,.T.);
#8033=ORIENTED_EDGE('',*,*,#5969,.F.);
#8034=ORIENTED_EDGE('',*,*,#5974,.F.);
#8035=ORIENTED_EDGE('',*,*,#5975,.T.);
#8036=ORIENTED_EDGE('',*,*,#5976,.T.);
#8037=ORIENTED_EDGE('',*,*,#5972,.F.);
#8038=ORIENTED_EDGE('',*,*,#5977,.F.);
#8039=ORIENTED_EDGE('',*,*,#5978,.T.);
#8040=ORIENTED_EDGE('',*,*,#5979,.T.);
#8041=ORIENTED_EDGE('',*,*,#5975,.F.);
#8042=ORIENTED_EDGE('',*,*,#5980,.F.);
#8043=ORIENTED_EDGE('',*,*,#5981,.T.);
#8044=ORIENTED_EDGE('',*,*,#5982,.T.);
#8045=ORIENTED_EDGE('',*,*,#5978,.F.);
#8046=ORIENTED_EDGE('',*,*,#5983,.F.);
#8047=ORIENTED_EDGE('',*,*,#5984,.T.);
#8048=ORIENTED_EDGE('',*,*,#5985,.T.);
#8049=ORIENTED_EDGE('',*,*,#5981,.F.);
#8050=ORIENTED_EDGE('',*,*,#5986,.F.);
#8051=ORIENTED_EDGE('',*,*,#5987,.T.);
#8052=ORIENTED_EDGE('',*,*,#5988,.T.);
#8053=ORIENTED_EDGE('',*,*,#5984,.F.);
#8054=ORIENTED_EDGE('',*,*,#5989,.F.);
#8055=ORIENTED_EDGE('',*,*,#5990,.T.);
#8056=ORIENTED_EDGE('',*,*,#5991,.T.);
#8057=ORIENTED_EDGE('',*,*,#5987,.F.);
#8058=ORIENTED_EDGE('',*,*,#5992,.F.);
#8059=ORIENTED_EDGE('',*,*,#5993,.T.);
#8060=ORIENTED_EDGE('',*,*,#5994,.T.);
#8061=ORIENTED_EDGE('',*,*,#5990,.F.);
#8062=ORIENTED_EDGE('',*,*,#5995,.F.);
#8063=ORIENTED_EDGE('',*,*,#5996,.T.);
#8064=ORIENTED_EDGE('',*,*,#5997,.T.);
#8065=ORIENTED_EDGE('',*,*,#5993,.F.);
#8066=ORIENTED_EDGE('',*,*,#5998,.F.);
#8067=ORIENTED_EDGE('',*,*,#5999,.T.);
#8068=ORIENTED_EDGE('',*,*,#6000,.T.);
#8069=ORIENTED_EDGE('',*,*,#5996,.F.);
#8070=ORIENTED_EDGE('',*,*,#6001,.F.);
#8071=ORIENTED_EDGE('',*,*,#6002,.T.);
#8072=ORIENTED_EDGE('',*,*,#6003,.T.);
#8073=ORIENTED_EDGE('',*,*,#5999,.F.);
#8074=ORIENTED_EDGE('',*,*,#6004,.F.);
#8075=ORIENTED_EDGE('',*,*,#6005,.T.);
#8076=ORIENTED_EDGE('',*,*,#6006,.T.);
#8077=ORIENTED_EDGE('',*,*,#6002,.F.);
#8078=ORIENTED_EDGE('',*,*,#6007,.F.);
#8079=ORIENTED_EDGE('',*,*,#6008,.T.);
#8080=ORIENTED_EDGE('',*,*,#6009,.T.);
#8081=ORIENTED_EDGE('',*,*,#6005,.F.);
#8082=ORIENTED_EDGE('',*,*,#6010,.F.);
#8083=ORIENTED_EDGE('',*,*,#6011,.T.);
#8084=ORIENTED_EDGE('',*,*,#6012,.T.);
#8085=ORIENTED_EDGE('',*,*,#6008,.F.);
#8086=ORIENTED_EDGE('',*,*,#6013,.F.);
#8087=ORIENTED_EDGE('',*,*,#6014,.T.);
#8088=ORIENTED_EDGE('',*,*,#6015,.T.);
#8089=ORIENTED_EDGE('',*,*,#6011,.F.);
#8090=ORIENTED_EDGE('',*,*,#6016,.F.);
#8091=ORIENTED_EDGE('',*,*,#6017,.T.);
#8092=ORIENTED_EDGE('',*,*,#6018,.T.);
#8093=ORIENTED_EDGE('',*,*,#6014,.F.);
#8094=ORIENTED_EDGE('',*,*,#6019,.F.);
#8095=ORIENTED_EDGE('',*,*,#6020,.T.);
#8096=ORIENTED_EDGE('',*,*,#6021,.T.);
#8097=ORIENTED_EDGE('',*,*,#6017,.F.);
#8098=ORIENTED_EDGE('',*,*,#6022,.F.);
#8099=ORIENTED_EDGE('',*,*,#6023,.T.);
#8100=ORIENTED_EDGE('',*,*,#6024,.T.);
#8101=ORIENTED_EDGE('',*,*,#6020,.F.);
#8102=ORIENTED_EDGE('',*,*,#6025,.F.);
#8103=ORIENTED_EDGE('',*,*,#6026,.T.);
#8104=ORIENTED_EDGE('',*,*,#6027,.T.);
#8105=ORIENTED_EDGE('',*,*,#6023,.F.);
#8106=ORIENTED_EDGE('',*,*,#6028,.F.);
#8107=ORIENTED_EDGE('',*,*,#6029,.T.);
#8108=ORIENTED_EDGE('',*,*,#6030,.T.);
#8109=ORIENTED_EDGE('',*,*,#6026,.F.);
#8110=ORIENTED_EDGE('',*,*,#6031,.F.);
#8111=ORIENTED_EDGE('',*,*,#5919,.T.);
#8112=ORIENTED_EDGE('',*,*,#6032,.T.);
#8113=ORIENTED_EDGE('',*,*,#6029,.F.);
#8114=ORIENTED_EDGE('',*,*,#6033,.F.);
#8115=ORIENTED_EDGE('',*,*,#5949,.T.);
#8116=ORIENTED_EDGE('',*,*,#6034,.T.);
#8117=ORIENTED_EDGE('',*,*,#5913,.F.);
#8118=ORIENTED_EDGE('',*,*,#6034,.F.);
#8119=ORIENTED_EDGE('',*,*,#5948,.F.);
#8120=ORIENTED_EDGE('',*,*,#5951,.F.);
#8121=ORIENTED_EDGE('',*,*,#5954,.F.);
#8122=ORIENTED_EDGE('',*,*,#5957,.F.);
#8123=ORIENTED_EDGE('',*,*,#5959,.F.);
#8124=ORIENTED_EDGE('',*,*,#5834,.F.);
#8125=ORIENTED_EDGE('',*,*,#5962,.F.);
#8126=ORIENTED_EDGE('',*,*,#5967,.F.);
#8127=ORIENTED_EDGE('',*,*,#5970,.F.);
#8128=ORIENTED_EDGE('',*,*,#5973,.F.);
#8129=ORIENTED_EDGE('',*,*,#5976,.F.);
#8130=ORIENTED_EDGE('',*,*,#5979,.F.);
#8131=ORIENTED_EDGE('',*,*,#5982,.F.);
#8132=ORIENTED_EDGE('',*,*,#5985,.F.);
#8133=ORIENTED_EDGE('',*,*,#5988,.F.);
#8134=ORIENTED_EDGE('',*,*,#5991,.F.);
#8135=ORIENTED_EDGE('',*,*,#5994,.F.);
#8136=ORIENTED_EDGE('',*,*,#5997,.F.);
#8137=ORIENTED_EDGE('',*,*,#6000,.F.);
#8138=ORIENTED_EDGE('',*,*,#6003,.F.);
#8139=ORIENTED_EDGE('',*,*,#6006,.F.);
#8140=ORIENTED_EDGE('',*,*,#6009,.F.);
#8141=ORIENTED_EDGE('',*,*,#6012,.F.);
#8142=ORIENTED_EDGE('',*,*,#6015,.F.);
#8143=ORIENTED_EDGE('',*,*,#6018,.F.);
#8144=ORIENTED_EDGE('',*,*,#6021,.F.);
#8145=ORIENTED_EDGE('',*,*,#6024,.F.);
#8146=ORIENTED_EDGE('',*,*,#6027,.F.);
#8147=ORIENTED_EDGE('',*,*,#6030,.F.);
#8148=ORIENTED_EDGE('',*,*,#6032,.F.);
#8149=ORIENTED_EDGE('',*,*,#6035,.F.);
#8150=ORIENTED_EDGE('',*,*,#6036,.T.);
#8151=ORIENTED_EDGE('',*,*,#6037,.T.);
#8152=ORIENTED_EDGE('',*,*,#6038,.F.);
#8153=ORIENTED_EDGE('',*,*,#5373,.F.);
#8154=ORIENTED_EDGE('',*,*,#6039,.F.);
#8155=ORIENTED_EDGE('',*,*,#5377,.F.);
#8156=ORIENTED_EDGE('',*,*,#6040,.T.);
#8157=ORIENTED_EDGE('',*,*,#6041,.T.);
#8158=ORIENTED_EDGE('',*,*,#6042,.F.);
#8159=ORIENTED_EDGE('',*,*,#5376,.F.);
#8160=ORIENTED_EDGE('',*,*,#6043,.T.);
#8161=ORIENTED_EDGE('',*,*,#6044,.T.);
#8162=ORIENTED_EDGE('',*,*,#6040,.F.);
#8163=ORIENTED_EDGE('',*,*,#5375,.F.);
#8164=ORIENTED_EDGE('',*,*,#6045,.T.);
#8165=ORIENTED_EDGE('',*,*,#6046,.T.);
#8166=ORIENTED_EDGE('',*,*,#6043,.F.);
#8167=ORIENTED_EDGE('',*,*,#5374,.F.);
#8168=ORIENTED_EDGE('',*,*,#6038,.T.);
#8169=ORIENTED_EDGE('',*,*,#6047,.T.);
#8170=ORIENTED_EDGE('',*,*,#6045,.F.);
#8171=ORIENTED_EDGE('',*,*,#6048,.F.);
#8172=ORIENTED_EDGE('',*,*,#6049,.T.);
#8173=ORIENTED_EDGE('',*,*,#6050,.T.);
#8174=ORIENTED_EDGE('',*,*,#6036,.F.);
#8175=ORIENTED_EDGE('',*,*,#6051,.F.);
#8176=ORIENTED_EDGE('',*,*,#6052,.T.);
#8177=ORIENTED_EDGE('',*,*,#6053,.T.);
#8178=ORIENTED_EDGE('',*,*,#6049,.F.);
#8179=ORIENTED_EDGE('',*,*,#6054,.F.);
#8180=ORIENTED_EDGE('',*,*,#6055,.F.);
#8181=ORIENTED_EDGE('',*,*,#5401,.F.);
#8182=ORIENTED_EDGE('',*,*,#6056,.T.);
#8183=ORIENTED_EDGE('',*,*,#6057,.T.);
#8184=ORIENTED_EDGE('',*,*,#6052,.F.);
#8185=ORIENTED_EDGE('',*,*,#5400,.F.);
#8186=ORIENTED_EDGE('',*,*,#6058,.T.);
#8187=ORIENTED_EDGE('',*,*,#6059,.T.);
#8188=ORIENTED_EDGE('',*,*,#6056,.F.);
#8189=ORIENTED_EDGE('',*,*,#5399,.F.);
#8190=ORIENTED_EDGE('',*,*,#6060,.T.);
#8191=ORIENTED_EDGE('',*,*,#6061,.T.);
#8192=ORIENTED_EDGE('',*,*,#6058,.F.);
#8193=ORIENTED_EDGE('',*,*,#5398,.F.);
#8194=ORIENTED_EDGE('',*,*,#6062,.T.);
#8195=ORIENTED_EDGE('',*,*,#6063,.T.);
#8196=ORIENTED_EDGE('',*,*,#6060,.F.);
#8197=ORIENTED_EDGE('',*,*,#5397,.F.);
#8198=ORIENTED_EDGE('',*,*,#6064,.T.);
#8199=ORIENTED_EDGE('',*,*,#6065,.T.);
#8200=ORIENTED_EDGE('',*,*,#6062,.F.);
#8201=ORIENTED_EDGE('',*,*,#5396,.F.);
#8202=ORIENTED_EDGE('',*,*,#6066,.T.);
#8203=ORIENTED_EDGE('',*,*,#6067,.T.);
#8204=ORIENTED_EDGE('',*,*,#6064,.F.);
#8205=ORIENTED_EDGE('',*,*,#5395,.F.);
#8206=ORIENTED_EDGE('',*,*,#6068,.T.);
#8207=ORIENTED_EDGE('',*,*,#6069,.T.);
#8208=ORIENTED_EDGE('',*,*,#6066,.F.);
#8209=ORIENTED_EDGE('',*,*,#5394,.F.);
#8210=ORIENTED_EDGE('',*,*,#6070,.T.);
#8211=ORIENTED_EDGE('',*,*,#6071,.T.);
#8212=ORIENTED_EDGE('',*,*,#6068,.F.);
#8213=ORIENTED_EDGE('',*,*,#5393,.F.);
#8214=ORIENTED_EDGE('',*,*,#6072,.T.);
#8215=ORIENTED_EDGE('',*,*,#6073,.T.);
#8216=ORIENTED_EDGE('',*,*,#6070,.F.);
#8217=ORIENTED_EDGE('',*,*,#5392,.F.);
#8218=ORIENTED_EDGE('',*,*,#6074,.T.);
#8219=ORIENTED_EDGE('',*,*,#6075,.T.);
#8220=ORIENTED_EDGE('',*,*,#6072,.F.);
#8221=ORIENTED_EDGE('',*,*,#5391,.F.);
#8222=ORIENTED_EDGE('',*,*,#6076,.T.);
#8223=ORIENTED_EDGE('',*,*,#6077,.T.);
#8224=ORIENTED_EDGE('',*,*,#6074,.F.);
#8225=ORIENTED_EDGE('',*,*,#5390,.F.);
#8226=ORIENTED_EDGE('',*,*,#6078,.T.);
#8227=ORIENTED_EDGE('',*,*,#6079,.T.);
#8228=ORIENTED_EDGE('',*,*,#6076,.F.);
#8229=ORIENTED_EDGE('',*,*,#5389,.F.);
#8230=ORIENTED_EDGE('',*,*,#6080,.T.);
#8231=ORIENTED_EDGE('',*,*,#6081,.T.);
#8232=ORIENTED_EDGE('',*,*,#6078,.F.);
#8233=ORIENTED_EDGE('',*,*,#5388,.F.);
#8234=ORIENTED_EDGE('',*,*,#6082,.T.);
#8235=ORIENTED_EDGE('',*,*,#6083,.T.);
#8236=ORIENTED_EDGE('',*,*,#6080,.F.);
#8237=ORIENTED_EDGE('',*,*,#5387,.F.);
#8238=ORIENTED_EDGE('',*,*,#6084,.T.);
#8239=ORIENTED_EDGE('',*,*,#6085,.T.);
#8240=ORIENTED_EDGE('',*,*,#6082,.F.);
#8241=ORIENTED_EDGE('',*,*,#5386,.F.);
#8242=ORIENTED_EDGE('',*,*,#6086,.T.);
#8243=ORIENTED_EDGE('',*,*,#6087,.T.);
#8244=ORIENTED_EDGE('',*,*,#6084,.F.);
#8245=ORIENTED_EDGE('',*,*,#5385,.F.);
#8246=ORIENTED_EDGE('',*,*,#6088,.T.);
#8247=ORIENTED_EDGE('',*,*,#6089,.T.);
#8248=ORIENTED_EDGE('',*,*,#6086,.F.);
#8249=ORIENTED_EDGE('',*,*,#5384,.F.);
#8250=ORIENTED_EDGE('',*,*,#6090,.T.);
#8251=ORIENTED_EDGE('',*,*,#6091,.T.);
#8252=ORIENTED_EDGE('',*,*,#6088,.F.);
#8253=ORIENTED_EDGE('',*,*,#5383,.F.);
#8254=ORIENTED_EDGE('',*,*,#6092,.T.);
#8255=ORIENTED_EDGE('',*,*,#6093,.T.);
#8256=ORIENTED_EDGE('',*,*,#6090,.F.);
#8257=ORIENTED_EDGE('',*,*,#5382,.F.);
#8258=ORIENTED_EDGE('',*,*,#6094,.T.);
#8259=ORIENTED_EDGE('',*,*,#6095,.T.);
#8260=ORIENTED_EDGE('',*,*,#6092,.F.);
#8261=ORIENTED_EDGE('',*,*,#5381,.F.);
#8262=ORIENTED_EDGE('',*,*,#6096,.T.);
#8263=ORIENTED_EDGE('',*,*,#6097,.T.);
#8264=ORIENTED_EDGE('',*,*,#6094,.F.);
#8265=ORIENTED_EDGE('',*,*,#5380,.F.);
#8266=ORIENTED_EDGE('',*,*,#6098,.T.);
#8267=ORIENTED_EDGE('',*,*,#6099,.T.);
#8268=ORIENTED_EDGE('',*,*,#6096,.F.);
#8269=ORIENTED_EDGE('',*,*,#5379,.F.);
#8270=ORIENTED_EDGE('',*,*,#6100,.T.);
#8271=ORIENTED_EDGE('',*,*,#6101,.T.);
#8272=ORIENTED_EDGE('',*,*,#6098,.F.);
#8273=ORIENTED_EDGE('',*,*,#5378,.F.);
#8274=ORIENTED_EDGE('',*,*,#6042,.T.);
#8275=ORIENTED_EDGE('',*,*,#6102,.T.);
#8276=ORIENTED_EDGE('',*,*,#6100,.F.);
#8277=ORIENTED_EDGE('',*,*,#6102,.F.);
#8278=ORIENTED_EDGE('',*,*,#6041,.F.);
#8279=ORIENTED_EDGE('',*,*,#6044,.F.);
#8280=ORIENTED_EDGE('',*,*,#6046,.F.);
#8281=ORIENTED_EDGE('',*,*,#6047,.F.);
#8282=ORIENTED_EDGE('',*,*,#6037,.F.);
#8283=ORIENTED_EDGE('',*,*,#6050,.F.);
#8284=ORIENTED_EDGE('',*,*,#6053,.F.);
#8285=ORIENTED_EDGE('',*,*,#6057,.F.);
#8286=ORIENTED_EDGE('',*,*,#6059,.F.);
#8287=ORIENTED_EDGE('',*,*,#6061,.F.);
#8288=ORIENTED_EDGE('',*,*,#6063,.F.);
#8289=ORIENTED_EDGE('',*,*,#6065,.F.);
#8290=ORIENTED_EDGE('',*,*,#6067,.F.);
#8291=ORIENTED_EDGE('',*,*,#6069,.F.);
#8292=ORIENTED_EDGE('',*,*,#6071,.F.);
#8293=ORIENTED_EDGE('',*,*,#6073,.F.);
#8294=ORIENTED_EDGE('',*,*,#6075,.F.);
#8295=ORIENTED_EDGE('',*,*,#6077,.F.);
#8296=ORIENTED_EDGE('',*,*,#6079,.F.);
#8297=ORIENTED_EDGE('',*,*,#6081,.F.);
#8298=ORIENTED_EDGE('',*,*,#6083,.F.);
#8299=ORIENTED_EDGE('',*,*,#6085,.F.);
#8300=ORIENTED_EDGE('',*,*,#6087,.F.);
#8301=ORIENTED_EDGE('',*,*,#6089,.F.);
#8302=ORIENTED_EDGE('',*,*,#6091,.F.);
#8303=ORIENTED_EDGE('',*,*,#6093,.F.);
#8304=ORIENTED_EDGE('',*,*,#6095,.F.);
#8305=ORIENTED_EDGE('',*,*,#6097,.F.);
#8306=ORIENTED_EDGE('',*,*,#6099,.F.);
#8307=ORIENTED_EDGE('',*,*,#6101,.F.);
#8308=ORIENTED_EDGE('',*,*,#6103,.F.);
#8309=ORIENTED_EDGE('',*,*,#6104,.T.);
#8310=ORIENTED_EDGE('',*,*,#6105,.T.);
#8311=ORIENTED_EDGE('',*,*,#6106,.F.);
#8312=ORIENTED_EDGE('',*,*,#6107,.F.);
#8313=ORIENTED_EDGE('',*,*,#6108,.F.);
#8314=ORIENTED_EDGE('',*,*,#6109,.F.);
#8315=ORIENTED_EDGE('',*,*,#6110,.T.);
#8316=ORIENTED_EDGE('',*,*,#6111,.T.);
#8317=ORIENTED_EDGE('',*,*,#6112,.F.);
#8318=ORIENTED_EDGE('',*,*,#6113,.F.);
#8319=ORIENTED_EDGE('',*,*,#6114,.T.);
#8320=ORIENTED_EDGE('',*,*,#6115,.T.);
#8321=ORIENTED_EDGE('',*,*,#6110,.F.);
#8322=ORIENTED_EDGE('',*,*,#6116,.F.);
#8323=ORIENTED_EDGE('',*,*,#6117,.T.);
#8324=ORIENTED_EDGE('',*,*,#6118,.T.);
#8325=ORIENTED_EDGE('',*,*,#6114,.F.);
#8326=ORIENTED_EDGE('',*,*,#6119,.F.);
#8327=ORIENTED_EDGE('',*,*,#6120,.T.);
#8328=ORIENTED_EDGE('',*,*,#6121,.T.);
#8329=ORIENTED_EDGE('',*,*,#6117,.F.);
#8330=ORIENTED_EDGE('',*,*,#6122,.F.);
#8331=ORIENTED_EDGE('',*,*,#6123,.T.);
#8332=ORIENTED_EDGE('',*,*,#6124,.T.);
#8333=ORIENTED_EDGE('',*,*,#6120,.F.);
#8334=ORIENTED_EDGE('',*,*,#6125,.F.);
#8335=ORIENTED_EDGE('',*,*,#6126,.T.);
#8336=ORIENTED_EDGE('',*,*,#6127,.T.);
#8337=ORIENTED_EDGE('',*,*,#6123,.F.);
#8338=ORIENTED_EDGE('',*,*,#6128,.F.);
#8339=ORIENTED_EDGE('',*,*,#6112,.T.);
#8340=ORIENTED_EDGE('',*,*,#6129,.T.);
#8341=ORIENTED_EDGE('',*,*,#6126,.F.);
#8342=ORIENTED_EDGE('',*,*,#6130,.F.);
#8343=ORIENTED_EDGE('',*,*,#6131,.T.);
#8344=ORIENTED_EDGE('',*,*,#6132,.T.);
#8345=ORIENTED_EDGE('',*,*,#6133,.F.);
#8346=ORIENTED_EDGE('',*,*,#6134,.F.);
#8347=ORIENTED_EDGE('',*,*,#6135,.T.);
#8348=ORIENTED_EDGE('',*,*,#6136,.T.);
#8349=ORIENTED_EDGE('',*,*,#6131,.F.);
#8350=ORIENTED_EDGE('',*,*,#6137,.F.);
#8351=ORIENTED_EDGE('',*,*,#6138,.T.);
#8352=ORIENTED_EDGE('',*,*,#6139,.T.);
#8353=ORIENTED_EDGE('',*,*,#6135,.F.);
#8354=ORIENTED_EDGE('',*,*,#6140,.F.);
#8355=ORIENTED_EDGE('',*,*,#6141,.T.);
#8356=ORIENTED_EDGE('',*,*,#6142,.T.);
#8357=ORIENTED_EDGE('',*,*,#6138,.F.);
#8358=ORIENTED_EDGE('',*,*,#6143,.F.);
#8359=ORIENTED_EDGE('',*,*,#6144,.T.);
#8360=ORIENTED_EDGE('',*,*,#6145,.T.);
#8361=ORIENTED_EDGE('',*,*,#6141,.F.);
#8362=ORIENTED_EDGE('',*,*,#6146,.F.);
#8363=ORIENTED_EDGE('',*,*,#6147,.T.);
#8364=ORIENTED_EDGE('',*,*,#6148,.T.);
#8365=ORIENTED_EDGE('',*,*,#6144,.F.);
#8366=ORIENTED_EDGE('',*,*,#6149,.F.);
#8367=ORIENTED_EDGE('',*,*,#6150,.T.);
#8368=ORIENTED_EDGE('',*,*,#6151,.T.);
#8369=ORIENTED_EDGE('',*,*,#6147,.F.);
#8370=ORIENTED_EDGE('',*,*,#6152,.F.);
#8371=ORIENTED_EDGE('',*,*,#6153,.T.);
#8372=ORIENTED_EDGE('',*,*,#6154,.T.);
#8373=ORIENTED_EDGE('',*,*,#6150,.F.);
#8374=ORIENTED_EDGE('',*,*,#6155,.F.);
#8375=ORIENTED_EDGE('',*,*,#6156,.T.);
#8376=ORIENTED_EDGE('',*,*,#6157,.T.);
#8377=ORIENTED_EDGE('',*,*,#6153,.F.);
#8378=ORIENTED_EDGE('',*,*,#6158,.F.);
#8379=ORIENTED_EDGE('',*,*,#6106,.T.);
#8380=ORIENTED_EDGE('',*,*,#6159,.T.);
#8381=ORIENTED_EDGE('',*,*,#6156,.F.);
#8382=ORIENTED_EDGE('',*,*,#6160,.F.);
#8383=ORIENTED_EDGE('',*,*,#6161,.T.);
#8384=ORIENTED_EDGE('',*,*,#6162,.T.);
#8385=ORIENTED_EDGE('',*,*,#6104,.F.);
#8386=ORIENTED_EDGE('',*,*,#6163,.F.);
#8387=ORIENTED_EDGE('',*,*,#6164,.T.);
#8388=ORIENTED_EDGE('',*,*,#6165,.T.);
#8389=ORIENTED_EDGE('',*,*,#6161,.F.);
#8390=ORIENTED_EDGE('',*,*,#6166,.F.);
#8391=ORIENTED_EDGE('',*,*,#6167,.T.);
#8392=ORIENTED_EDGE('',*,*,#6168,.T.);
#8393=ORIENTED_EDGE('',*,*,#6164,.F.);
#8394=ORIENTED_EDGE('',*,*,#6169,.F.);
#8395=ORIENTED_EDGE('',*,*,#6170,.F.);
#8396=ORIENTED_EDGE('',*,*,#6171,.F.);
#8397=ORIENTED_EDGE('',*,*,#6172,.T.);
#8398=ORIENTED_EDGE('',*,*,#6173,.T.);
#8399=ORIENTED_EDGE('',*,*,#6167,.F.);
#8400=ORIENTED_EDGE('',*,*,#6174,.F.);
#8401=ORIENTED_EDGE('',*,*,#6175,.T.);
#8402=ORIENTED_EDGE('',*,*,#6176,.T.);
#8403=ORIENTED_EDGE('',*,*,#6172,.F.);
#8404=ORIENTED_EDGE('',*,*,#6177,.F.);
#8405=ORIENTED_EDGE('',*,*,#6178,.T.);
#8406=ORIENTED_EDGE('',*,*,#6179,.T.);
#8407=ORIENTED_EDGE('',*,*,#6175,.F.);
#8408=ORIENTED_EDGE('',*,*,#6180,.F.);
#8409=ORIENTED_EDGE('',*,*,#6181,.T.);
#8410=ORIENTED_EDGE('',*,*,#6182,.T.);
#8411=ORIENTED_EDGE('',*,*,#6178,.F.);
#8412=ORIENTED_EDGE('',*,*,#6183,.F.);
#8413=ORIENTED_EDGE('',*,*,#6133,.T.);
#8414=ORIENTED_EDGE('',*,*,#6184,.T.);
#8415=ORIENTED_EDGE('',*,*,#6181,.F.);
#8416=ORIENTED_EDGE('',*,*,#6184,.F.);
#8417=ORIENTED_EDGE('',*,*,#6132,.F.);
#8418=ORIENTED_EDGE('',*,*,#6136,.F.);
#8419=ORIENTED_EDGE('',*,*,#6139,.F.);
#8420=ORIENTED_EDGE('',*,*,#6142,.F.);
#8421=ORIENTED_EDGE('',*,*,#6145,.F.);
#8422=ORIENTED_EDGE('',*,*,#6148,.F.);
#8423=ORIENTED_EDGE('',*,*,#6151,.F.);
#8424=ORIENTED_EDGE('',*,*,#6154,.F.);
#8425=ORIENTED_EDGE('',*,*,#6157,.F.);
#8426=ORIENTED_EDGE('',*,*,#6159,.F.);
#8427=ORIENTED_EDGE('',*,*,#6105,.F.);
#8428=ORIENTED_EDGE('',*,*,#6162,.F.);
#8429=ORIENTED_EDGE('',*,*,#6165,.F.);
#8430=ORIENTED_EDGE('',*,*,#6168,.F.);
#8431=ORIENTED_EDGE('',*,*,#6173,.F.);
#8432=ORIENTED_EDGE('',*,*,#6176,.F.);
#8433=ORIENTED_EDGE('',*,*,#6179,.F.);
#8434=ORIENTED_EDGE('',*,*,#6182,.F.);
#8435=ORIENTED_EDGE('',*,*,#6129,.F.);
#8436=ORIENTED_EDGE('',*,*,#6111,.F.);
#8437=ORIENTED_EDGE('',*,*,#6115,.F.);
#8438=ORIENTED_EDGE('',*,*,#6118,.F.);
#8439=ORIENTED_EDGE('',*,*,#6121,.F.);
#8440=ORIENTED_EDGE('',*,*,#6124,.F.);
#8441=ORIENTED_EDGE('',*,*,#6127,.F.);
#8442=ORIENTED_EDGE('',*,*,#5550,.T.);
#8443=ORIENTED_EDGE('',*,*,#6185,.F.);
#8444=ORIENTED_EDGE('',*,*,#6186,.F.);
#8445=ORIENTED_EDGE('',*,*,#6187,.F.);
#8446=ORIENTED_EDGE('',*,*,#5465,.T.);
#8447=ORIENTED_EDGE('',*,*,#6188,.F.);
#8448=ORIENTED_EDGE('',*,*,#6189,.T.);
#8449=ORIENTED_EDGE('',*,*,#6190,.F.);
#8450=ORIENTED_EDGE('',*,*,#5471,.T.);
#8451=ORIENTED_EDGE('',*,*,#6191,.F.);
#8452=ORIENTED_EDGE('',*,*,#5481,.T.);
#8453=ORIENTED_EDGE('',*,*,#6192,.T.);
#8454=ORIENTED_EDGE('',*,*,#5480,.T.);
#8455=ORIENTED_EDGE('',*,*,#6193,.F.);
#8456=ORIENTED_EDGE('',*,*,#6194,.T.);
#8457=ORIENTED_EDGE('',*,*,#6195,.T.);
#8458=ORIENTED_EDGE('',*,*,#5486,.T.);
#8459=ORIENTED_EDGE('',*,*,#6196,.T.);
#8460=ORIENTED_EDGE('',*,*,#5586,.T.);
#8461=ORIENTED_EDGE('',*,*,#5583,.T.);
#8462=ORIENTED_EDGE('',*,*,#5580,.T.);
#8463=ORIENTED_EDGE('',*,*,#5476,.T.);
#8464=ORIENTED_EDGE('',*,*,#6195,.F.);
#8465=ORIENTED_EDGE('',*,*,#6197,.T.);
#8466=ORIENTED_EDGE('',*,*,#6198,.T.);
#8467=ORIENTED_EDGE('',*,*,#5623,.T.);
#8468=ORIENTED_EDGE('',*,*,#5620,.T.);
#8469=ORIENTED_EDGE('',*,*,#5617,.T.);
#8470=ORIENTED_EDGE('',*,*,#5614,.T.);
#8471=ORIENTED_EDGE('',*,*,#5611,.T.);
#8472=ORIENTED_EDGE('',*,*,#5472,.T.);
#8473=ORIENTED_EDGE('',*,*,#5593,.T.);
#8474=ORIENTED_EDGE('',*,*,#5466,.T.);
#8475=ORIENTED_EDGE('',*,*,#6192,.F.);
#8476=ORIENTED_EDGE('',*,*,#5485,.T.);
#8477=ORIENTED_EDGE('',*,*,#5492,.T.);
#8478=ORIENTED_EDGE('',*,*,#5495,.T.);
#8479=ORIENTED_EDGE('',*,*,#6199,.T.);
#8480=ORIENTED_EDGE('',*,*,#6200,.F.);
#8481=ORIENTED_EDGE('',*,*,#6201,.F.);
#8482=ORIENTED_EDGE('',*,*,#6202,.F.);
#8483=ORIENTED_EDGE('',*,*,#5499,.T.);
#8484=ORIENTED_EDGE('',*,*,#6203,.F.);
#8485=ORIENTED_EDGE('',*,*,#6204,.T.);
#8486=ORIENTED_EDGE('',*,*,#6199,.F.);
#8487=ORIENTED_EDGE('',*,*,#5624,.T.);
#8488=ORIENTED_EDGE('',*,*,#6198,.F.);
#8489=ORIENTED_EDGE('',*,*,#6205,.F.);
#8490=ORIENTED_EDGE('',*,*,#6206,.F.);
#8491=ORIENTED_EDGE('',*,*,#5491,.T.);
#8492=ORIENTED_EDGE('',*,*,#6207,.F.);
#8493=ORIENTED_EDGE('',*,*,#5587,.T.);
#8494=ORIENTED_EDGE('',*,*,#6196,.F.);
#8495=ORIENTED_EDGE('',*,*,#5706,.T.);
#8496=ORIENTED_EDGE('',*,*,#5732,.T.);
#8497=ORIENTED_EDGE('',*,*,#5729,.T.);
#8498=ORIENTED_EDGE('',*,*,#5725,.T.);
#8499=ORIENTED_EDGE('',*,*,#5785,.T.);
#8500=ORIENTED_EDGE('',*,*,#5782,.T.);
#8501=ORIENTED_EDGE('',*,*,#6208,.T.);
#8502=ORIENTED_EDGE('',*,*,#5490,.T.);
#8503=ORIENTED_EDGE('',*,*,#5577,.T.);
#8504=ORIENTED_EDGE('',*,*,#5588,.T.);
#8505=ORIENTED_EDGE('',*,*,#6207,.T.);
#8506=ORIENTED_EDGE('',*,*,#5625,.T.);
#8507=ORIENTED_EDGE('',*,*,#6206,.T.);
#8508=ORIENTED_EDGE('',*,*,#6209,.F.);
#8509=ORIENTED_EDGE('',*,*,#6210,.T.);
#8510=ORIENTED_EDGE('',*,*,#6211,.T.);
#8511=ORIENTED_EDGE('',*,*,#5766,.T.);
#8512=ORIENTED_EDGE('',*,*,#5759,.T.);
#8513=ORIENTED_EDGE('',*,*,#5756,.T.);
#8514=ORIENTED_EDGE('',*,*,#5753,.T.);
#8515=ORIENTED_EDGE('',*,*,#5709,.T.);
#8516=ORIENTED_EDGE('',*,*,#6212,.T.);
#8517=ORIENTED_EDGE('',*,*,#5723,.T.);
#8518=ORIENTED_EDGE('',*,*,#5751,.T.);
#8519=ORIENTED_EDGE('',*,*,#5748,.T.);
#8520=ORIENTED_EDGE('',*,*,#5745,.T.);
#8521=ORIENTED_EDGE('',*,*,#5742,.T.);
#8522=ORIENTED_EDGE('',*,*,#5739,.T.);
#8523=ORIENTED_EDGE('',*,*,#5736,.T.);
#8524=ORIENTED_EDGE('',*,*,#6213,.T.);
#8525=ORIENTED_EDGE('',*,*,#6214,.F.);
#8526=ORIENTED_EDGE('',*,*,#6215,.T.);
#8527=ORIENTED_EDGE('',*,*,#6203,.T.);
#8528=ORIENTED_EDGE('',*,*,#5498,.T.);
#8529=ORIENTED_EDGE('',*,*,#5590,.T.);
#8530=ORIENTED_EDGE('',*,*,#5695,.T.);
#8531=ORIENTED_EDGE('',*,*,#5692,.T.);
#8532=ORIENTED_EDGE('',*,*,#5689,.T.);
#8533=ORIENTED_EDGE('',*,*,#5686,.T.);
#8534=ORIENTED_EDGE('',*,*,#5683,.T.);
#8535=ORIENTED_EDGE('',*,*,#5680,.T.);
#8536=ORIENTED_EDGE('',*,*,#5677,.T.);
#8537=ORIENTED_EDGE('',*,*,#5674,.T.);
#8538=ORIENTED_EDGE('',*,*,#5671,.T.);
#8539=ORIENTED_EDGE('',*,*,#5668,.T.);
#8540=ORIENTED_EDGE('',*,*,#5665,.T.);
#8541=ORIENTED_EDGE('',*,*,#5662,.T.);
#8542=ORIENTED_EDGE('',*,*,#5659,.T.);
#8543=ORIENTED_EDGE('',*,*,#5656,.T.);
#8544=ORIENTED_EDGE('',*,*,#5653,.T.);
#8545=ORIENTED_EDGE('',*,*,#5650,.T.);
#8546=ORIENTED_EDGE('',*,*,#5647,.T.);
#8547=ORIENTED_EDGE('',*,*,#5634,.T.);
#8548=ORIENTED_EDGE('',*,*,#5631,.T.);
#8549=ORIENTED_EDGE('',*,*,#5628,.T.);
#8550=ORIENTED_EDGE('',*,*,#5707,.T.);
#8551=ORIENTED_EDGE('',*,*,#6208,.F.);
#8552=ORIENTED_EDGE('',*,*,#5781,.T.);
#8553=ORIENTED_EDGE('',*,*,#6216,.T.);
#8554=ORIENTED_EDGE('',*,*,#5708,.T.);
#8555=ORIENTED_EDGE('',*,*,#6217,.T.);
#8556=ORIENTED_EDGE('',*,*,#5724,.T.);
#8557=ORIENTED_EDGE('',*,*,#6212,.F.);
#8558=ORIENTED_EDGE('',*,*,#5735,.T.);
#8559=ORIENTED_EDGE('',*,*,#6218,.T.);
#8560=ORIENTED_EDGE('',*,*,#6219,.F.);
#8561=ORIENTED_EDGE('',*,*,#6213,.F.);
#8562=ORIENTED_EDGE('',*,*,#5865,.T.);
#8563=ORIENTED_EDGE('',*,*,#6220,.F.);
#8564=ORIENTED_EDGE('',*,*,#6221,.T.);
#8565=ORIENTED_EDGE('',*,*,#6222,.T.);
#8566=ORIENTED_EDGE('',*,*,#5812,.T.);
#8567=ORIENTED_EDGE('',*,*,#6223,.T.);
#8568=ORIENTED_EDGE('',*,*,#6224,.F.);
#8569=ORIENTED_EDGE('',*,*,#6225,.F.);
#8570=ORIENTED_EDGE('',*,*,#5866,.T.);
#8571=ORIENTED_EDGE('',*,*,#6222,.F.);
#8572=ORIENTED_EDGE('',*,*,#6226,.T.);
#8573=ORIENTED_EDGE('',*,*,#6227,.T.);
#8574=ORIENTED_EDGE('',*,*,#5873,.T.);
#8575=ORIENTED_EDGE('',*,*,#5870,.T.);
#8576=ORIENTED_EDGE('',*,*,#5874,.T.);
#8577=ORIENTED_EDGE('',*,*,#6227,.F.);
#8578=ORIENTED_EDGE('',*,*,#6228,.F.);
#8579=ORIENTED_EDGE('',*,*,#6229,.F.);
#8580=ORIENTED_EDGE('',*,*,#5938,.T.);
#8581=ORIENTED_EDGE('',*,*,#6230,.F.);
#8582=ORIENTED_EDGE('',*,*,#5825,.T.);
#8583=ORIENTED_EDGE('',*,*,#6231,.F.);
#8584=ORIENTED_EDGE('',*,*,#5803,.T.);
#8585=ORIENTED_EDGE('',*,*,#6232,.F.);
#8586=ORIENTED_EDGE('',*,*,#5831,.T.);
#8587=ORIENTED_EDGE('',*,*,#6233,.F.);
#8588=ORIENTED_EDGE('',*,*,#5792,.T.);
#8589=ORIENTED_EDGE('',*,*,#6234,.F.);
#8590=ORIENTED_EDGE('',*,*,#6235,.T.);
#8591=ORIENTED_EDGE('',*,*,#6236,.F.);
#8592=ORIENTED_EDGE('',*,*,#5875,.T.);
#8593=ORIENTED_EDGE('',*,*,#6229,.T.);
#8594=ORIENTED_EDGE('',*,*,#6237,.F.);
#8595=ORIENTED_EDGE('',*,*,#6238,.T.);
#8596=ORIENTED_EDGE('',*,*,#6239,.T.);
#8597=ORIENTED_EDGE('',*,*,#5836,.T.);
#8598=ORIENTED_EDGE('',*,*,#5958,.T.);
#8599=ORIENTED_EDGE('',*,*,#5955,.T.);
#8600=ORIENTED_EDGE('',*,*,#5952,.T.);
#8601=ORIENTED_EDGE('',*,*,#5909,.T.);
#8602=ORIENTED_EDGE('',*,*,#5906,.T.);
#8603=ORIENTED_EDGE('',*,*,#5903,.T.);
#8604=ORIENTED_EDGE('',*,*,#5900,.T.);
#8605=ORIENTED_EDGE('',*,*,#5897,.T.);
#8606=ORIENTED_EDGE('',*,*,#5894,.T.);
#8607=ORIENTED_EDGE('',*,*,#5891,.T.);
#8608=ORIENTED_EDGE('',*,*,#5878,.T.);
#8609=ORIENTED_EDGE('',*,*,#5939,.T.);
#8610=ORIENTED_EDGE('',*,*,#6231,.T.);
#8611=ORIENTED_EDGE('',*,*,#5824,.T.);
#8612=ORIENTED_EDGE('',*,*,#5838,.T.);
#8613=ORIENTED_EDGE('',*,*,#5942,.T.);
#8614=ORIENTED_EDGE('',*,*,#5791,.T.);
#8615=ORIENTED_EDGE('',*,*,#5793,.T.);
#8616=ORIENTED_EDGE('',*,*,#5810,.T.);
#8617=ORIENTED_EDGE('',*,*,#5807,.T.);
#8618=ORIENTED_EDGE('',*,*,#5804,.T.);
#8619=ORIENTED_EDGE('',*,*,#6233,.T.);
#8620=ORIENTED_EDGE('',*,*,#5830,.T.);
#8621=ORIENTED_EDGE('',*,*,#5935,.T.);
#8622=ORIENTED_EDGE('',*,*,#5932,.T.);
#8623=ORIENTED_EDGE('',*,*,#5929,.T.);
#8624=ORIENTED_EDGE('',*,*,#5926,.T.);
#8625=ORIENTED_EDGE('',*,*,#5923,.T.);
#8626=ORIENTED_EDGE('',*,*,#5920,.T.);
#8627=ORIENTED_EDGE('',*,*,#5916,.T.);
#8628=ORIENTED_EDGE('',*,*,#6031,.T.);
#8629=ORIENTED_EDGE('',*,*,#6028,.T.);
#8630=ORIENTED_EDGE('',*,*,#6025,.T.);
#8631=ORIENTED_EDGE('',*,*,#6022,.T.);
#8632=ORIENTED_EDGE('',*,*,#6019,.T.);
#8633=ORIENTED_EDGE('',*,*,#6016,.T.);
#8634=ORIENTED_EDGE('',*,*,#6013,.T.);
#8635=ORIENTED_EDGE('',*,*,#6010,.T.);
#8636=ORIENTED_EDGE('',*,*,#6007,.T.);
#8637=ORIENTED_EDGE('',*,*,#6004,.T.);
#8638=ORIENTED_EDGE('',*,*,#6001,.T.);
#8639=ORIENTED_EDGE('',*,*,#5998,.T.);
#8640=ORIENTED_EDGE('',*,*,#5995,.T.);
#8641=ORIENTED_EDGE('',*,*,#5992,.T.);
#8642=ORIENTED_EDGE('',*,*,#5989,.T.);
#8643=ORIENTED_EDGE('',*,*,#5986,.T.);
#8644=ORIENTED_EDGE('',*,*,#5983,.T.);
#8645=ORIENTED_EDGE('',*,*,#5980,.T.);
#8646=ORIENTED_EDGE('',*,*,#5977,.T.);
#8647=ORIENTED_EDGE('',*,*,#5974,.T.);
#8648=ORIENTED_EDGE('',*,*,#5971,.T.);
#8649=ORIENTED_EDGE('',*,*,#5968,.T.);
#8650=ORIENTED_EDGE('',*,*,#5965,.T.);
#8651=ORIENTED_EDGE('',*,*,#6240,.T.);
#8652=ORIENTED_EDGE('',*,*,#6241,.F.);
#8653=ORIENTED_EDGE('',*,*,#6242,.T.);
#8654=ORIENTED_EDGE('',*,*,#6234,.T.);
#8655=ORIENTED_EDGE('',*,*,#5912,.T.);
#8656=ORIENTED_EDGE('',*,*,#5950,.T.);
#8657=ORIENTED_EDGE('',*,*,#5946,.T.);
#8658=ORIENTED_EDGE('',*,*,#6033,.T.);
#8659=ORIENTED_EDGE('',*,*,#5964,.T.);
#8660=ORIENTED_EDGE('',*,*,#6243,.T.);
#8661=ORIENTED_EDGE('',*,*,#6244,.F.);
#8662=ORIENTED_EDGE('',*,*,#6240,.F.);
#8663=ORIENTED_EDGE('',*,*,#5837,.T.);
#8664=ORIENTED_EDGE('',*,*,#6239,.F.);
#8665=ORIENTED_EDGE('',*,*,#6245,.T.);
#8666=ORIENTED_EDGE('',*,*,#6246,.T.);
#8667=ORIENTED_EDGE('',*,*,#6055,.T.);
#8668=ORIENTED_EDGE('',*,*,#6247,.T.);
#8669=ORIENTED_EDGE('',*,*,#6248,.F.);
#8670=ORIENTED_EDGE('',*,*,#5402,.F.);
#8671=ORIENTED_EDGE('',*,*,#6039,.T.);
#8672=ORIENTED_EDGE('',*,*,#5372,.F.);
#8673=ORIENTED_EDGE('',*,*,#6249,.T.);
#8674=ORIENTED_EDGE('',*,*,#6250,.T.);
#8675=ORIENTED_EDGE('',*,*,#5713,.T.);
#8676=ORIENTED_EDGE('',*,*,#5714,.T.);
#8677=ORIENTED_EDGE('',*,*,#5717,.T.);
#8678=ORIENTED_EDGE('',*,*,#5720,.T.);
#8679=ORIENTED_EDGE('',*,*,#6217,.F.);
#8680=ORIENTED_EDGE('',*,*,#5763,.T.);
#8681=ORIENTED_EDGE('',*,*,#6251,.F.);
#8682=ORIENTED_EDGE('',*,*,#6252,.T.);
#8683=ORIENTED_EDGE('',*,*,#6253,.T.);
#8684=ORIENTED_EDGE('',*,*,#5767,.T.);
#8685=ORIENTED_EDGE('',*,*,#5734,.T.);
#8686=ORIENTED_EDGE('',*,*,#5699,.T.);
#8687=ORIENTED_EDGE('',*,*,#5703,.T.);
#8688=ORIENTED_EDGE('',*,*,#6216,.F.);
#8689=ORIENTED_EDGE('',*,*,#5780,.T.);
#8690=ORIENTED_EDGE('',*,*,#5776,.T.);
#8691=ORIENTED_EDGE('',*,*,#6254,.T.);
#8692=ORIENTED_EDGE('',*,*,#6169,.T.);
#8693=ORIENTED_EDGE('',*,*,#6166,.T.);
#8694=ORIENTED_EDGE('',*,*,#6163,.T.);
#8695=ORIENTED_EDGE('',*,*,#6160,.T.);
#8696=ORIENTED_EDGE('',*,*,#6103,.T.);
#8697=ORIENTED_EDGE('',*,*,#6255,.T.);
#8698=ORIENTED_EDGE('',*,*,#6256,.F.);
#8699=ORIENTED_EDGE('',*,*,#6257,.F.);
#8700=ORIENTED_EDGE('',*,*,#6218,.F.);
#8701=ORIENTED_EDGE('',*,*,#6108,.T.);
#8702=ORIENTED_EDGE('',*,*,#6258,.F.);
#8703=ORIENTED_EDGE('',*,*,#6259,.T.);
#8704=ORIENTED_EDGE('',*,*,#6255,.F.);
#8705=ORIENTED_EDGE('',*,*,#5775,.T.);
#8706=ORIENTED_EDGE('',*,*,#6260,.F.);
#8707=ORIENTED_EDGE('',*,*,#6170,.T.);
#8708=ORIENTED_EDGE('',*,*,#6254,.F.);
#8709=ORIENTED_EDGE('',*,*,#5470,.T.);
#8710=ORIENTED_EDGE('',*,*,#5482,.T.);
#8711=ORIENTED_EDGE('',*,*,#6191,.T.);
#8712=ORIENTED_EDGE('',*,*,#5551,.T.);
#8713=ORIENTED_EDGE('',*,*,#6187,.T.);
#8714=ORIENTED_EDGE('',*,*,#6261,.F.);
#8715=ORIENTED_EDGE('',*,*,#6262,.T.);
#8716=ORIENTED_EDGE('',*,*,#6193,.T.);
#8717=ORIENTED_EDGE('',*,*,#5479,.T.);
#8718=ORIENTED_EDGE('',*,*,#5575,.T.);
#8719=ORIENTED_EDGE('',*,*,#5572,.T.);
#8720=ORIENTED_EDGE('',*,*,#5569,.T.);
#8721=ORIENTED_EDGE('',*,*,#5566,.T.);
#8722=ORIENTED_EDGE('',*,*,#5563,.T.);
#8723=ORIENTED_EDGE('',*,*,#5560,.T.);
#8724=ORIENTED_EDGE('',*,*,#5557,.T.);
#8725=ORIENTED_EDGE('',*,*,#5554,.T.);
#8726=ORIENTED_EDGE('',*,*,#5464,.T.);
#8727=ORIENTED_EDGE('',*,*,#5547,.T.);
#8728=ORIENTED_EDGE('',*,*,#5544,.T.);
#8729=ORIENTED_EDGE('',*,*,#5541,.T.);
#8730=ORIENTED_EDGE('',*,*,#5538,.T.);
#8731=ORIENTED_EDGE('',*,*,#5535,.T.);
#8732=ORIENTED_EDGE('',*,*,#5532,.T.);
#8733=ORIENTED_EDGE('',*,*,#5529,.T.);
#8734=ORIENTED_EDGE('',*,*,#5526,.T.);
#8735=ORIENTED_EDGE('',*,*,#5522,.T.);
#8736=ORIENTED_EDGE('',*,*,#5601,.T.);
#8737=ORIENTED_EDGE('',*,*,#5598,.T.);
#8738=ORIENTED_EDGE('',*,*,#5595,.T.);
#8739=ORIENTED_EDGE('',*,*,#6263,.T.);
#8740=ORIENTED_EDGE('',*,*,#6264,.F.);
#8741=ORIENTED_EDGE('',*,*,#6265,.T.);
#8742=ORIENTED_EDGE('',*,*,#6188,.T.);
#8743=ORIENTED_EDGE('',*,*,#5500,.T.);
#8744=ORIENTED_EDGE('',*,*,#5516,.T.);
#8745=ORIENTED_EDGE('',*,*,#5513,.T.);
#8746=ORIENTED_EDGE('',*,*,#5510,.T.);
#8747=ORIENTED_EDGE('',*,*,#5507,.T.);
#8748=ORIENTED_EDGE('',*,*,#5504,.T.);
#8749=ORIENTED_EDGE('',*,*,#6109,.T.);
#8750=ORIENTED_EDGE('',*,*,#6128,.T.);
#8751=ORIENTED_EDGE('',*,*,#6125,.T.);
#8752=ORIENTED_EDGE('',*,*,#6122,.T.);
#8753=ORIENTED_EDGE('',*,*,#6119,.T.);
#8754=ORIENTED_EDGE('',*,*,#6116,.T.);
#8755=ORIENTED_EDGE('',*,*,#6113,.T.);
#8756=ORIENTED_EDGE('',*,*,#6249,.F.);
#8757=ORIENTED_EDGE('',*,*,#5371,.F.);
#8758=ORIENTED_EDGE('',*,*,#6266,.T.);
#8759=ORIENTED_EDGE('',*,*,#6267,.F.);
#8760=ORIENTED_EDGE('',*,*,#5460,.T.);
#8761=ORIENTED_EDGE('',*,*,#6190,.T.);
#8762=ORIENTED_EDGE('',*,*,#6268,.F.);
#8763=ORIENTED_EDGE('',*,*,#6269,.F.);
#8764=ORIENTED_EDGE('',*,*,#6247,.F.);
#8765=ORIENTED_EDGE('',*,*,#6054,.T.);
#8766=ORIENTED_EDGE('',*,*,#6051,.T.);
#8767=ORIENTED_EDGE('',*,*,#6048,.T.);
#8768=ORIENTED_EDGE('',*,*,#6035,.T.);
#8769=ORIENTED_EDGE('',*,*,#6250,.F.);
#8770=ORIENTED_EDGE('',*,*,#6267,.T.);
#8771=ORIENTED_EDGE('',*,*,#6185,.T.);
#8772=ORIENTED_EDGE('',*,*,#5549,.T.);
#8773=ORIENTED_EDGE('',*,*,#6270,.F.);
#8774=ORIENTED_EDGE('',*,*,#6268,.T.);
#8775=ORIENTED_EDGE('',*,*,#6189,.F.);
#8776=ORIENTED_EDGE('',*,*,#6265,.F.);
#8777=ORIENTED_EDGE('',*,*,#5768,.T.);
#8778=ORIENTED_EDGE('',*,*,#6253,.F.);
#8779=ORIENTED_EDGE('',*,*,#6271,.F.);
#8780=ORIENTED_EDGE('',*,*,#6272,.F.);
#8781=ORIENTED_EDGE('',*,*,#5762,.T.);
#8782=ORIENTED_EDGE('',*,*,#6211,.F.);
#8783=ORIENTED_EDGE('',*,*,#6273,.T.);
#8784=ORIENTED_EDGE('',*,*,#6251,.T.);
#8785=ORIENTED_EDGE('',*,*,#6273,.F.);
#8786=ORIENTED_EDGE('',*,*,#6210,.F.);
#8787=ORIENTED_EDGE('',*,*,#6274,.T.);
#8788=ORIENTED_EDGE('',*,*,#6252,.F.);
#8789=ORIENTED_EDGE('',*,*,#6275,.F.);
#8790=ORIENTED_EDGE('',*,*,#6256,.T.);
#8791=ORIENTED_EDGE('',*,*,#6259,.F.);
#8792=ORIENTED_EDGE('',*,*,#6276,.F.);
#8793=ORIENTED_EDGE('',*,*,#6221,.F.);
#8794=ORIENTED_EDGE('',*,*,#6277,.F.);
#8795=ORIENTED_EDGE('',*,*,#6278,.T.);
#8796=ORIENTED_EDGE('',*,*,#6226,.F.);
#8797=ORIENTED_EDGE('',*,*,#5787,.T.);
#8798=ORIENTED_EDGE('',*,*,#6236,.T.);
#8799=ORIENTED_EDGE('',*,*,#6279,.F.);
#8800=ORIENTED_EDGE('',*,*,#6280,.F.);
#8801=ORIENTED_EDGE('',*,*,#6223,.F.);
#8802=ORIENTED_EDGE('',*,*,#5817,.T.);
#8803=ORIENTED_EDGE('',*,*,#5818,.T.);
#8804=ORIENTED_EDGE('',*,*,#5821,.T.);
#8805=ORIENTED_EDGE('',*,*,#6230,.T.);
#8806=ORIENTED_EDGE('',*,*,#5937,.T.);
#8807=ORIENTED_EDGE('',*,*,#5826,.T.);
#8808=ORIENTED_EDGE('',*,*,#6232,.T.);
#8809=ORIENTED_EDGE('',*,*,#5802,.T.);
#8810=ORIENTED_EDGE('',*,*,#5799,.T.);
#8811=ORIENTED_EDGE('',*,*,#5796,.T.);
#8812=ORIENTED_EDGE('',*,*,#6281,.F.);
#8813=ORIENTED_EDGE('',*,*,#6279,.T.);
#8814=ORIENTED_EDGE('',*,*,#6235,.F.);
#8815=ORIENTED_EDGE('',*,*,#6242,.F.);
#8816=ORIENTED_EDGE('',*,*,#5594,.T.);
#8817=ORIENTED_EDGE('',*,*,#6202,.T.);
#8818=ORIENTED_EDGE('',*,*,#6282,.F.);
#8819=ORIENTED_EDGE('',*,*,#6263,.F.);
#8820=ORIENTED_EDGE('',*,*,#6194,.F.);
#8821=ORIENTED_EDGE('',*,*,#6262,.F.);
#8822=ORIENTED_EDGE('',*,*,#6283,.T.);
#8823=ORIENTED_EDGE('',*,*,#6197,.F.);
#8824=ORIENTED_EDGE('',*,*,#6284,.F.);
#8825=ORIENTED_EDGE('',*,*,#6200,.T.);
#8826=ORIENTED_EDGE('',*,*,#6204,.F.);
#8827=ORIENTED_EDGE('',*,*,#6215,.F.);
#8828=ORIENTED_EDGE('',*,*,#5358,.F.);
#8829=ORIENTED_EDGE('',*,*,#6285,.T.);
#8830=ORIENTED_EDGE('',*,*,#6286,.F.);
#8831=ORIENTED_EDGE('',*,*,#6287,.F.);
#8832=ORIENTED_EDGE('',*,*,#6245,.F.);
#8833=ORIENTED_EDGE('',*,*,#6238,.F.);
#8834=ORIENTED_EDGE('',*,*,#6288,.T.);
#8835=ORIENTED_EDGE('',*,*,#6289,.F.);
#8836=ORIENTED_EDGE('',*,*,#5832,.T.);
#8837=ORIENTED_EDGE('',*,*,#6246,.F.);
#8838=ORIENTED_EDGE('',*,*,#6289,.T.);
#8839=ORIENTED_EDGE('',*,*,#6286,.T.);
#8840=ORIENTED_EDGE('',*,*,#6290,.F.);
#8841=ORIENTED_EDGE('',*,*,#6291,.F.);
#8842=ORIENTED_EDGE('',*,*,#6243,.F.);
#8843=ORIENTED_EDGE('',*,*,#5963,.T.);
#8844=ORIENTED_EDGE('',*,*,#5960,.T.);
#8845=ORIENTED_EDGE('',*,*,#6292,.F.);
#8846=ORIENTED_EDGE('',*,*,#6290,.T.);
#8847=ORIENTED_EDGE('',*,*,#6285,.F.);
#8848=ORIENTED_EDGE('',*,*,#5357,.F.);
#8849=ORIENTED_EDGE('',*,*,#5121,.T.);
#8850=ORIENTED_EDGE('',*,*,#6293,.F.);
#8851=ORIENTED_EDGE('',*,*,#5361,.F.);
#8852=ORIENTED_EDGE('',*,*,#5889,.T.);
#8853=ORIENTED_EDGE('',*,*,#5885,.T.);
#8854=ORIENTED_EDGE('',*,*,#5944,.T.);
#8855=ORIENTED_EDGE('',*,*,#5881,.T.);
#8856=ORIENTED_EDGE('',*,*,#5637,.T.);
#8857=ORIENTED_EDGE('',*,*,#5645,.T.);
#8858=ORIENTED_EDGE('',*,*,#5641,.T.);
#8859=ORIENTED_EDGE('',*,*,#5697,.T.);
#8860=ORIENTED_EDGE('',*,*,#5769,.T.);
#8861=ORIENTED_EDGE('',*,*,#6272,.T.);
#8862=ORIENTED_EDGE('',*,*,#6294,.F.);
#8863=ORIENTED_EDGE('',*,*,#6277,.T.);
#8864=ORIENTED_EDGE('',*,*,#6220,.T.);
#8865=ORIENTED_EDGE('',*,*,#5869,.T.);
#8866=ORIENTED_EDGE('',*,*,#5862,.T.);
#8867=ORIENTED_EDGE('',*,*,#5859,.T.);
#8868=ORIENTED_EDGE('',*,*,#5856,.T.);
#8869=ORIENTED_EDGE('',*,*,#5853,.T.);
#8870=ORIENTED_EDGE('',*,*,#5850,.T.);
#8871=ORIENTED_EDGE('',*,*,#5847,.T.);
#8872=ORIENTED_EDGE('',*,*,#5844,.T.);
#8873=ORIENTED_EDGE('',*,*,#5841,.T.);
#8874=ORIENTED_EDGE('',*,*,#5813,.T.);
#8875=ORIENTED_EDGE('',*,*,#6225,.T.);
#8876=ORIENTED_EDGE('',*,*,#6295,.F.);
#8877=ORIENTED_EDGE('',*,*,#6276,.T.);
#8878=ORIENTED_EDGE('',*,*,#6258,.T.);
#8879=ORIENTED_EDGE('',*,*,#6107,.T.);
#8880=ORIENTED_EDGE('',*,*,#6158,.T.);
#8881=ORIENTED_EDGE('',*,*,#6155,.T.);
#8882=ORIENTED_EDGE('',*,*,#6152,.T.);
#8883=ORIENTED_EDGE('',*,*,#6149,.T.);
#8884=ORIENTED_EDGE('',*,*,#6146,.T.);
#8885=ORIENTED_EDGE('',*,*,#6143,.T.);
#8886=ORIENTED_EDGE('',*,*,#6140,.T.);
#8887=ORIENTED_EDGE('',*,*,#6137,.T.);
#8888=ORIENTED_EDGE('',*,*,#6134,.T.);
#8889=ORIENTED_EDGE('',*,*,#6130,.T.);
#8890=ORIENTED_EDGE('',*,*,#6183,.T.);
#8891=ORIENTED_EDGE('',*,*,#6180,.T.);
#8892=ORIENTED_EDGE('',*,*,#6177,.T.);
#8893=ORIENTED_EDGE('',*,*,#6174,.T.);
#8894=ORIENTED_EDGE('',*,*,#6171,.T.);
#8895=ORIENTED_EDGE('',*,*,#6260,.T.);
#8896=ORIENTED_EDGE('',*,*,#5779,.T.);
#8897=ORIENTED_EDGE('',*,*,#5772,.T.);
#8898=ORIENTED_EDGE('',*,*,#5367,.F.);
#8899=ORIENTED_EDGE('',*,*,#6296,.F.);
#8900=ORIENTED_EDGE('',*,*,#6297,.F.);
#8901=ORIENTED_EDGE('',*,*,#6298,.F.);
#8902=ORIENTED_EDGE('',*,*,#4907,.T.);
#8903=ORIENTED_EDGE('',*,*,#5459,.T.);
#8904=ORIENTED_EDGE('',*,*,#5331,.T.);
#8905=ORIENTED_EDGE('',*,*,#5338,.T.);
#8906=ORIENTED_EDGE('',*,*,#5324,.T.);
#8907=ORIENTED_EDGE('',*,*,#5452,.T.);
#8908=ORIENTED_EDGE('',*,*,#4929,.T.);
#8909=ORIENTED_EDGE('',*,*,#4936,.T.);
#8910=ORIENTED_EDGE('',*,*,#4922,.T.);
#8911=ORIENTED_EDGE('',*,*,#5455,.T.);
#8912=ORIENTED_EDGE('',*,*,#5316,.T.);
#8913=ORIENTED_EDGE('',*,*,#5323,.T.);
#8914=ORIENTED_EDGE('',*,*,#5309,.T.);
#8915=ORIENTED_EDGE('',*,*,#5448,.T.);
#8916=ORIENTED_EDGE('',*,*,#4944,.T.);
#8917=ORIENTED_EDGE('',*,*,#4951,.T.);
#8918=ORIENTED_EDGE('',*,*,#4937,.T.);
#8919=ORIENTED_EDGE('',*,*,#5451,.T.);
#8920=ORIENTED_EDGE('',*,*,#5301,.T.);
#8921=ORIENTED_EDGE('',*,*,#5308,.T.);
#8922=ORIENTED_EDGE('',*,*,#5294,.T.);
#8923=ORIENTED_EDGE('',*,*,#5444,.T.);
#8924=ORIENTED_EDGE('',*,*,#4959,.T.);
#8925=ORIENTED_EDGE('',*,*,#4966,.T.);
#8926=ORIENTED_EDGE('',*,*,#4952,.T.);
#8927=ORIENTED_EDGE('',*,*,#5447,.T.);
#8928=ORIENTED_EDGE('',*,*,#5286,.T.);
#8929=ORIENTED_EDGE('',*,*,#5293,.T.);
#8930=ORIENTED_EDGE('',*,*,#5279,.T.);
#8931=ORIENTED_EDGE('',*,*,#5440,.T.);
#8932=ORIENTED_EDGE('',*,*,#4974,.T.);
#8933=ORIENTED_EDGE('',*,*,#4981,.T.);
#8934=ORIENTED_EDGE('',*,*,#4967,.T.);
#8935=ORIENTED_EDGE('',*,*,#5443,.T.);
#8936=ORIENTED_EDGE('',*,*,#5271,.T.);
#8937=ORIENTED_EDGE('',*,*,#5278,.T.);
#8938=ORIENTED_EDGE('',*,*,#5264,.T.);
#8939=ORIENTED_EDGE('',*,*,#5436,.T.);
#8940=ORIENTED_EDGE('',*,*,#4989,.T.);
#8941=ORIENTED_EDGE('',*,*,#4996,.T.);
#8942=ORIENTED_EDGE('',*,*,#4982,.T.);
#8943=ORIENTED_EDGE('',*,*,#5439,.T.);
#8944=ORIENTED_EDGE('',*,*,#5256,.T.);
#8945=ORIENTED_EDGE('',*,*,#5263,.T.);
#8946=ORIENTED_EDGE('',*,*,#5249,.T.);
#8947=ORIENTED_EDGE('',*,*,#5432,.T.);
#8948=ORIENTED_EDGE('',*,*,#5004,.T.);
#8949=ORIENTED_EDGE('',*,*,#5011,.T.);
#8950=ORIENTED_EDGE('',*,*,#4997,.T.);
#8951=ORIENTED_EDGE('',*,*,#5435,.T.);
#8952=ORIENTED_EDGE('',*,*,#5241,.T.);
#8953=ORIENTED_EDGE('',*,*,#5248,.T.);
#8954=ORIENTED_EDGE('',*,*,#5234,.T.);
#8955=ORIENTED_EDGE('',*,*,#5428,.T.);
#8956=ORIENTED_EDGE('',*,*,#5019,.T.);
#8957=ORIENTED_EDGE('',*,*,#5026,.T.);
#8958=ORIENTED_EDGE('',*,*,#5012,.T.);
#8959=ORIENTED_EDGE('',*,*,#5431,.T.);
#8960=ORIENTED_EDGE('',*,*,#5226,.T.);
#8961=ORIENTED_EDGE('',*,*,#5233,.T.);
#8962=ORIENTED_EDGE('',*,*,#5219,.T.);
#8963=ORIENTED_EDGE('',*,*,#5424,.T.);
#8964=ORIENTED_EDGE('',*,*,#5034,.T.);
#8965=ORIENTED_EDGE('',*,*,#5041,.T.);
#8966=ORIENTED_EDGE('',*,*,#5027,.T.);
#8967=ORIENTED_EDGE('',*,*,#5427,.T.);
#8968=ORIENTED_EDGE('',*,*,#5211,.T.);
#8969=ORIENTED_EDGE('',*,*,#5218,.T.);
#8970=ORIENTED_EDGE('',*,*,#5204,.T.);
#8971=ORIENTED_EDGE('',*,*,#5420,.T.);
#8972=ORIENTED_EDGE('',*,*,#5049,.T.);
#8973=ORIENTED_EDGE('',*,*,#5056,.T.);
#8974=ORIENTED_EDGE('',*,*,#5042,.T.);
#8975=ORIENTED_EDGE('',*,*,#5423,.T.);
#8976=ORIENTED_EDGE('',*,*,#5196,.T.);
#8977=ORIENTED_EDGE('',*,*,#5203,.T.);
#8978=ORIENTED_EDGE('',*,*,#5189,.T.);
#8979=ORIENTED_EDGE('',*,*,#5416,.T.);
#8980=ORIENTED_EDGE('',*,*,#5064,.T.);
#8981=ORIENTED_EDGE('',*,*,#5071,.T.);
#8982=ORIENTED_EDGE('',*,*,#5057,.T.);
#8983=ORIENTED_EDGE('',*,*,#5419,.T.);
#8984=ORIENTED_EDGE('',*,*,#5181,.T.);
#8985=ORIENTED_EDGE('',*,*,#5188,.T.);
#8986=ORIENTED_EDGE('',*,*,#5174,.T.);
#8987=ORIENTED_EDGE('',*,*,#5412,.T.);
#8988=ORIENTED_EDGE('',*,*,#5079,.T.);
#8989=ORIENTED_EDGE('',*,*,#5086,.T.);
#8990=ORIENTED_EDGE('',*,*,#5072,.T.);
#8991=ORIENTED_EDGE('',*,*,#5415,.T.);
#8992=ORIENTED_EDGE('',*,*,#5166,.T.);
#8993=ORIENTED_EDGE('',*,*,#5173,.T.);
#8994=ORIENTED_EDGE('',*,*,#5159,.T.);
#8995=ORIENTED_EDGE('',*,*,#5408,.T.);
#8996=ORIENTED_EDGE('',*,*,#5094,.T.);
#8997=ORIENTED_EDGE('',*,*,#5101,.T.);
#8998=ORIENTED_EDGE('',*,*,#5087,.T.);
#8999=ORIENTED_EDGE('',*,*,#5411,.T.);
#9000=ORIENTED_EDGE('',*,*,#5151,.T.);
#9001=ORIENTED_EDGE('',*,*,#5158,.T.);
#9002=ORIENTED_EDGE('',*,*,#5144,.T.);
#9003=ORIENTED_EDGE('',*,*,#5404,.T.);
#9004=ORIENTED_EDGE('',*,*,#5109,.T.);
#9005=ORIENTED_EDGE('',*,*,#5116,.T.);
#9006=ORIENTED_EDGE('',*,*,#5102,.T.);
#9007=ORIENTED_EDGE('',*,*,#5407,.T.);
#9008=ORIENTED_EDGE('',*,*,#5136,.T.);
#9009=ORIENTED_EDGE('',*,*,#5143,.T.);
#9010=ORIENTED_EDGE('',*,*,#5129,.T.);
#9011=ORIENTED_EDGE('',*,*,#5403,.T.);
#9012=ORIENTED_EDGE('',*,*,#6248,.T.);
#9013=ORIENTED_EDGE('',*,*,#6269,.T.);
#9014=ORIENTED_EDGE('',*,*,#6270,.T.);
#9015=ORIENTED_EDGE('',*,*,#6264,.T.);
#9016=ORIENTED_EDGE('',*,*,#6282,.T.);
#9017=ORIENTED_EDGE('',*,*,#6201,.T.);
#9018=ORIENTED_EDGE('',*,*,#6284,.T.);
#9019=ORIENTED_EDGE('',*,*,#6214,.T.);
#9020=ORIENTED_EDGE('',*,*,#6219,.T.);
#9021=ORIENTED_EDGE('',*,*,#6257,.T.);
#9022=ORIENTED_EDGE('',*,*,#6275,.T.);
#9023=ORIENTED_EDGE('',*,*,#6295,.T.);
#9024=ORIENTED_EDGE('',*,*,#6224,.T.);
#9025=ORIENTED_EDGE('',*,*,#6280,.T.);
#9026=ORIENTED_EDGE('',*,*,#6281,.T.);
#9027=ORIENTED_EDGE('',*,*,#6241,.T.);
#9028=ORIENTED_EDGE('',*,*,#6244,.T.);
#9029=ORIENTED_EDGE('',*,*,#6291,.T.);
#9030=ORIENTED_EDGE('',*,*,#6292,.T.);
#9031=ORIENTED_EDGE('',*,*,#5356,.T.);
#9032=ORIENTED_EDGE('',*,*,#5360,.F.);
#9033=ORIENTED_EDGE('',*,*,#4902,.T.);
#9034=ORIENTED_EDGE('',*,*,#5126,.T.);
#9035=ORIENTED_EDGE('',*,*,#5128,.T.);
#9036=ORIENTED_EDGE('',*,*,#5364,.F.);
#9037=ORIENTED_EDGE('',*,*,#6299,.T.);
#9038=ORIENTED_EDGE('',*,*,#6300,.T.);
#9039=ORIENTED_EDGE('',*,*,#6301,.T.);
#9040=ORIENTED_EDGE('',*,*,#6302,.T.);
#9041=ORIENTED_EDGE('',*,*,#6303,.T.);
#9042=ORIENTED_EDGE('',*,*,#6304,.T.);
#9043=ORIENTED_EDGE('',*,*,#6305,.T.);
#9044=ORIENTED_EDGE('',*,*,#6306,.T.);
#9045=ORIENTED_EDGE('',*,*,#6307,.T.);
#9046=ORIENTED_EDGE('',*,*,#6308,.F.);
#9047=ORIENTED_EDGE('',*,*,#6309,.T.);
#9048=ORIENTED_EDGE('',*,*,#6310,.F.);
#9049=ORIENTED_EDGE('',*,*,#6296,.T.);
#9050=ORIENTED_EDGE('',*,*,#5366,.F.);
#9051=ORIENTED_EDGE('',*,*,#5369,.T.);
#9052=ORIENTED_EDGE('',*,*,#5350,.T.);
#9053=ORIENTED_EDGE('',*,*,#5354,.T.);
#9054=ORIENTED_EDGE('',*,*,#5339,.T.);
#9055=ORIENTED_EDGE('',*,*,#5456,.T.);
#9056=ORIENTED_EDGE('',*,*,#4914,.T.);
#9057=ORIENTED_EDGE('',*,*,#4921,.T.);
#9058=ORIENTED_EDGE('',*,*,#4884,.T.);
#9059=ORIENTED_EDGE('',*,*,#4891,.T.);
#9060=ORIENTED_EDGE('',*,*,#4895,.T.);
#9061=ORIENTED_EDGE('',*,*,#4898,.T.);
#9062=ORIENTED_EDGE('',*,*,#6310,.T.);
#9063=ORIENTED_EDGE('',*,*,#6311,.T.);
#9064=ORIENTED_EDGE('',*,*,#6312,.T.);
#9065=ORIENTED_EDGE('',*,*,#6297,.T.);
#9066=ORIENTED_EDGE('',*,*,#6311,.F.);
#9067=ORIENTED_EDGE('',*,*,#6309,.F.);
#9068=ORIENTED_EDGE('',*,*,#6313,.F.);
#9069=ORIENTED_EDGE('',*,*,#6314,.F.);
#9070=ORIENTED_EDGE('',*,*,#6308,.T.);
#9071=ORIENTED_EDGE('',*,*,#6315,.T.);
#9072=ORIENTED_EDGE('',*,*,#6316,.T.);
#9073=ORIENTED_EDGE('',*,*,#6313,.T.);
#9074=ORIENTED_EDGE('',*,*,#6315,.F.);
#9075=ORIENTED_EDGE('',*,*,#6307,.F.);
#9076=ORIENTED_EDGE('',*,*,#6317,.T.);
#9077=ORIENTED_EDGE('',*,*,#6318,.T.);
#9078=ORIENTED_EDGE('',*,*,#6319,.T.);
#9079=ORIENTED_EDGE('',*,*,#6299,.F.);
#9080=ORIENTED_EDGE('',*,*,#5363,.F.);
#9081=ORIENTED_EDGE('',*,*,#6320,.F.);
#9082=ORIENTED_EDGE('',*,*,#5609,.T.);
#9083=ORIENTED_EDGE('',*,*,#5606,.T.);
#9084=ORIENTED_EDGE('',*,*,#5603,.T.);
#9085=ORIENTED_EDGE('',*,*,#5518,.T.);
#9086=ORIENTED_EDGE('',*,*,#6306,.F.);
#9087=ORIENTED_EDGE('',*,*,#6321,.F.);
#9088=ORIENTED_EDGE('',*,*,#6322,.T.);
#9089=ORIENTED_EDGE('',*,*,#6317,.F.);
#9090=ORIENTED_EDGE('',*,*,#6300,.F.);
#9091=ORIENTED_EDGE('',*,*,#6319,.F.);
#9092=ORIENTED_EDGE('',*,*,#6323,.T.);
#9093=ORIENTED_EDGE('',*,*,#6324,.F.);
#9094=ORIENTED_EDGE('',*,*,#6318,.F.);
#9095=ORIENTED_EDGE('',*,*,#6322,.F.);
#9096=ORIENTED_EDGE('',*,*,#6325,.F.);
#9097=ORIENTED_EDGE('',*,*,#6323,.F.);
#9098=ORIENTED_EDGE('',*,*,#6326,.F.);
#9099=ORIENTED_EDGE('',*,*,#6327,.T.);
#9100=ORIENTED_EDGE('',*,*,#6304,.F.);
#9101=ORIENTED_EDGE('',*,*,#6328,.F.);
#9102=ORIENTED_EDGE('',*,*,#6321,.T.);
#9103=ORIENTED_EDGE('',*,*,#6305,.F.);
#9104=ORIENTED_EDGE('',*,*,#6327,.F.);
#9105=ORIENTED_EDGE('',*,*,#6329,.F.);
#9106=ORIENTED_EDGE('',*,*,#6330,.T.);
#9107=ORIENTED_EDGE('',*,*,#6301,.F.);
#9108=ORIENTED_EDGE('',*,*,#6324,.T.);
#9109=ORIENTED_EDGE('',*,*,#6325,.T.);
#9110=ORIENTED_EDGE('',*,*,#6331,.F.);
#9111=ORIENTED_EDGE('',*,*,#6328,.T.);
#9112=ORIENTED_EDGE('',*,*,#6303,.F.);
#9113=ORIENTED_EDGE('',*,*,#6332,.F.);
#9114=ORIENTED_EDGE('',*,*,#6333,.F.);
#9115=ORIENTED_EDGE('',*,*,#6332,.T.);
#9116=ORIENTED_EDGE('',*,*,#6302,.F.);
#9117=ORIENTED_EDGE('',*,*,#6330,.F.);
#9118=ORIENTED_EDGE('',*,*,#6329,.T.);
#9119=ORIENTED_EDGE('',*,*,#6326,.T.);
#9120=ORIENTED_EDGE('',*,*,#6331,.T.);
#9121=ORIENTED_EDGE('',*,*,#6333,.T.);
#9122=ORIENTED_EDGE('',*,*,#5368,.F.);
#9123=ORIENTED_EDGE('',*,*,#6298,.T.);
#9124=ORIENTED_EDGE('',*,*,#6312,.F.);
#9125=ORIENTED_EDGE('',*,*,#6314,.T.);
#9126=ORIENTED_EDGE('',*,*,#6316,.F.);
#9127=ORIENTED_EDGE('',*,*,#6320,.T.);
#9128=ORIENTED_EDGE('',*,*,#5362,.F.);
#9129=ORIENTED_EDGE('',*,*,#6293,.T.);
#9130=ORIENTED_EDGE('',*,*,#5120,.T.);
#9131=ORIENTED_EDGE('',*,*,#5123,.F.);
#9132=ORIENTED_EDGE('',*,*,#5359,.T.);
#9133=ORIENTED_EDGE('',*,*,#6287,.T.);
#9134=ORIENTED_EDGE('',*,*,#6288,.F.);
#9135=ORIENTED_EDGE('',*,*,#6237,.T.);
#9136=ORIENTED_EDGE('',*,*,#6228,.T.);
#9137=ORIENTED_EDGE('',*,*,#6278,.F.);
#9138=ORIENTED_EDGE('',*,*,#6294,.T.);
#9139=ORIENTED_EDGE('',*,*,#6271,.T.);
#9140=ORIENTED_EDGE('',*,*,#6274,.F.);
#9141=ORIENTED_EDGE('',*,*,#6209,.T.);
#9142=ORIENTED_EDGE('',*,*,#6205,.T.);
#9143=ORIENTED_EDGE('',*,*,#6283,.F.);
#9144=ORIENTED_EDGE('',*,*,#6261,.T.);
#9145=ORIENTED_EDGE('',*,*,#6186,.T.);
#9146=ORIENTED_EDGE('',*,*,#6266,.F.);
#9147=ORIENTED_EDGE('',*,*,#5370,.T.);
#9148=ORIENTED_EDGE('',*,*,#5135,.T.);
#9149=ORIENTED_EDGE('',*,*,#5141,.F.);
#9150=ORIENTED_EDGE('',*,*,#5406,.T.);
#9151=ORIENTED_EDGE('',*,*,#5108,.T.);
#9152=ORIENTED_EDGE('',*,*,#5114,.F.);
#9153=ORIENTED_EDGE('',*,*,#5405,.T.);
#9154=ORIENTED_EDGE('',*,*,#5150,.T.);
#9155=ORIENTED_EDGE('',*,*,#5156,.F.);
#9156=ORIENTED_EDGE('',*,*,#5410,.T.);
#9157=ORIENTED_EDGE('',*,*,#5093,.T.);
#9158=ORIENTED_EDGE('',*,*,#5099,.F.);
#9159=ORIENTED_EDGE('',*,*,#5409,.T.);
#9160=ORIENTED_EDGE('',*,*,#5165,.T.);
#9161=ORIENTED_EDGE('',*,*,#5171,.F.);
#9162=ORIENTED_EDGE('',*,*,#5414,.T.);
#9163=ORIENTED_EDGE('',*,*,#5078,.T.);
#9164=ORIENTED_EDGE('',*,*,#5084,.F.);
#9165=ORIENTED_EDGE('',*,*,#5413,.T.);
#9166=ORIENTED_EDGE('',*,*,#5180,.T.);
#9167=ORIENTED_EDGE('',*,*,#5186,.F.);
#9168=ORIENTED_EDGE('',*,*,#5418,.T.);
#9169=ORIENTED_EDGE('',*,*,#5063,.T.);
#9170=ORIENTED_EDGE('',*,*,#5069,.F.);
#9171=ORIENTED_EDGE('',*,*,#5417,.T.);
#9172=ORIENTED_EDGE('',*,*,#5195,.T.);
#9173=ORIENTED_EDGE('',*,*,#5201,.F.);
#9174=ORIENTED_EDGE('',*,*,#5422,.T.);
#9175=ORIENTED_EDGE('',*,*,#5048,.T.);
#9176=ORIENTED_EDGE('',*,*,#5054,.F.);
#9177=ORIENTED_EDGE('',*,*,#5421,.T.);
#9178=ORIENTED_EDGE('',*,*,#5210,.T.);
#9179=ORIENTED_EDGE('',*,*,#5216,.F.);
#9180=ORIENTED_EDGE('',*,*,#5426,.T.);
#9181=ORIENTED_EDGE('',*,*,#5033,.T.);
#9182=ORIENTED_EDGE('',*,*,#5039,.F.);
#9183=ORIENTED_EDGE('',*,*,#5425,.T.);
#9184=ORIENTED_EDGE('',*,*,#5225,.T.);
#9185=ORIENTED_EDGE('',*,*,#5231,.F.);
#9186=ORIENTED_EDGE('',*,*,#5430,.T.);
#9187=ORIENTED_EDGE('',*,*,#5018,.T.);
#9188=ORIENTED_EDGE('',*,*,#5024,.F.);
#9189=ORIENTED_EDGE('',*,*,#5429,.T.);
#9190=ORIENTED_EDGE('',*,*,#5240,.T.);
#9191=ORIENTED_EDGE('',*,*,#5246,.F.);
#9192=ORIENTED_EDGE('',*,*,#5434,.T.);
#9193=ORIENTED_EDGE('',*,*,#5003,.T.);
#9194=ORIENTED_EDGE('',*,*,#5009,.F.);
#9195=ORIENTED_EDGE('',*,*,#5433,.T.);
#9196=ORIENTED_EDGE('',*,*,#5255,.T.);
#9197=ORIENTED_EDGE('',*,*,#5261,.F.);
#9198=ORIENTED_EDGE('',*,*,#5438,.T.);
#9199=ORIENTED_EDGE('',*,*,#4988,.T.);
#9200=ORIENTED_EDGE('',*,*,#4994,.F.);
#9201=ORIENTED_EDGE('',*,*,#5437,.T.);
#9202=ORIENTED_EDGE('',*,*,#5270,.T.);
#9203=ORIENTED_EDGE('',*,*,#5276,.F.);
#9204=ORIENTED_EDGE('',*,*,#5442,.T.);
#9205=ORIENTED_EDGE('',*,*,#4973,.T.);
#9206=ORIENTED_EDGE('',*,*,#4979,.F.);
#9207=ORIENTED_EDGE('',*,*,#5441,.T.);
#9208=ORIENTED_EDGE('',*,*,#5285,.T.);
#9209=ORIENTED_EDGE('',*,*,#5291,.F.);
#9210=ORIENTED_EDGE('',*,*,#5446,.T.);
#9211=ORIENTED_EDGE('',*,*,#4958,.T.);
#9212=ORIENTED_EDGE('',*,*,#4964,.F.);
#9213=ORIENTED_EDGE('',*,*,#5445,.T.);
#9214=ORIENTED_EDGE('',*,*,#5300,.T.);
#9215=ORIENTED_EDGE('',*,*,#5306,.F.);
#9216=ORIENTED_EDGE('',*,*,#5450,.T.);
#9217=ORIENTED_EDGE('',*,*,#4943,.T.);
#9218=ORIENTED_EDGE('',*,*,#4949,.F.);
#9219=ORIENTED_EDGE('',*,*,#5449,.T.);
#9220=ORIENTED_EDGE('',*,*,#5315,.T.);
#9221=ORIENTED_EDGE('',*,*,#5321,.F.);
#9222=ORIENTED_EDGE('',*,*,#5454,.T.);
#9223=ORIENTED_EDGE('',*,*,#4928,.T.);
#9224=ORIENTED_EDGE('',*,*,#4934,.F.);
#9225=ORIENTED_EDGE('',*,*,#5453,.T.);
#9226=ORIENTED_EDGE('',*,*,#5330,.T.);
#9227=ORIENTED_EDGE('',*,*,#5336,.F.);
#9228=ORIENTED_EDGE('',*,*,#5458,.T.);
#9229=ORIENTED_EDGE('',*,*,#4913,.T.);
#9230=ORIENTED_EDGE('',*,*,#4919,.F.);
#9231=ORIENTED_EDGE('',*,*,#5457,.T.);
#9232=ORIENTED_EDGE('',*,*,#5349,.T.);
#9233=ORIENTED_EDGE('',*,*,#5344,.F.);
#9234=CYLINDRICAL_SURFACE('',#9767,2.19999999999999);
#9235=CYLINDRICAL_SURFACE('',#9774,2.20000000000001);
#9236=CYLINDRICAL_SURFACE('',#9777,2.20000000000001);
#9237=CYLINDRICAL_SURFACE('',#9781,2.2);
#9238=CYLINDRICAL_SURFACE('',#9941,6.);
#9239=CYLINDRICAL_SURFACE('',#9943,6.);
#9240=CYLINDRICAL_SURFACE('',#9946,6.);
#9241=CYLINDRICAL_SURFACE('',#10092,6.);
#9242=CYLINDRICAL_SURFACE('',#10095,6.);
#9243=ADVANCED_FACE('',(#975),#9234,.F.);
#9244=ADVANCED_FACE('',(#976),#667,.T.);
#9245=ADVANCED_FACE('',(#977),#668,.T.);
#9246=ADVANCED_FACE('',(#978),#9235,.F.);
#9247=ADVANCED_FACE('',(#979),#9236,.F.);
#9248=ADVANCED_FACE('',(#980),#669,.T.);
#9249=ADVANCED_FACE('',(#981),#9237,.F.);
#9250=ADVANCED_FACE('',(#982),#670,.T.);
#9251=ADVANCED_FACE('',(#983),#671,.F.);
#9252=ADVANCED_FACE('',(#984),#672,.T.);
#9253=ADVANCED_FACE('',(#985),#673,.T.);
#9254=ADVANCED_FACE('',(#986),#674,.F.);
#9255=ADVANCED_FACE('',(#987),#675,.T.);
#9256=ADVANCED_FACE('',(#988),#676,.T.);
#9257=ADVANCED_FACE('',(#989),#677,.T.);
#9258=ADVANCED_FACE('',(#990),#678,.T.);
#9259=ADVANCED_FACE('',(#991),#679,.F.);
#9260=ADVANCED_FACE('',(#992),#680,.T.);
#9261=ADVANCED_FACE('',(#993),#681,.T.);
#9262=ADVANCED_FACE('',(#994),#682,.T.);
#9263=ADVANCED_FACE('',(#995),#683,.T.);
#9264=ADVANCED_FACE('',(#996),#684,.F.);
#9265=ADVANCED_FACE('',(#997),#685,.T.);
#9266=ADVANCED_FACE('',(#998),#686,.T.);
#9267=ADVANCED_FACE('',(#999),#687,.T.);
#9268=ADVANCED_FACE('',(#1000),#688,.T.);
#9269=ADVANCED_FACE('',(#1001),#689,.F.);
#9270=ADVANCED_FACE('',(#1002),#690,.T.);
#9271=ADVANCED_FACE('',(#1003),#691,.T.);
#9272=ADVANCED_FACE('',(#1004),#692,.T.);
#9273=ADVANCED_FACE('',(#1005),#693,.T.);
#9274=ADVANCED_FACE('',(#1006),#694,.F.);
#9275=ADVANCED_FACE('',(#1007),#695,.T.);
#9276=ADVANCED_FACE('',(#1008),#696,.T.);
#9277=ADVANCED_FACE('',(#1009),#697,.T.);
#9278=ADVANCED_FACE('',(#1010),#698,.T.);
#9279=ADVANCED_FACE('',(#1011),#699,.F.);
#9280=ADVANCED_FACE('',(#1012),#700,.T.);
#9281=ADVANCED_FACE('',(#1013),#701,.T.);
#9282=ADVANCED_FACE('',(#1014),#702,.T.);
#9283=ADVANCED_FACE('',(#1015),#703,.T.);
#9284=ADVANCED_FACE('',(#1016),#704,.F.);
#9285=ADVANCED_FACE('',(#1017),#705,.T.);
#9286=ADVANCED_FACE('',(#1018),#706,.T.);
#9287=ADVANCED_FACE('',(#1019),#707,.T.);
#9288=ADVANCED_FACE('',(#1020),#708,.T.);
#9289=ADVANCED_FACE('',(#1021),#709,.F.);
#9290=ADVANCED_FACE('',(#1022),#710,.T.);
#9291=ADVANCED_FACE('',(#1023),#711,.T.);
#9292=ADVANCED_FACE('',(#1024),#712,.T.);
#9293=ADVANCED_FACE('',(#1025),#713,.T.);
#9294=ADVANCED_FACE('',(#1026),#714,.F.);
#9295=ADVANCED_FACE('',(#1027),#715,.T.);
#9296=ADVANCED_FACE('',(#1028),#716,.T.);
#9297=ADVANCED_FACE('',(#1029),#717,.T.);
#9298=ADVANCED_FACE('',(#1030),#718,.T.);
#9299=ADVANCED_FACE('',(#1031),#719,.F.);
#9300=ADVANCED_FACE('',(#1032),#720,.T.);
#9301=ADVANCED_FACE('',(#1033),#721,.T.);
#9302=ADVANCED_FACE('',(#1034),#722,.T.);
#9303=ADVANCED_FACE('',(#1035),#723,.T.);
#9304=ADVANCED_FACE('',(#1036),#724,.F.);
#9305=ADVANCED_FACE('',(#1037),#725,.T.);
#9306=ADVANCED_FACE('',(#1038),#726,.T.);
#9307=ADVANCED_FACE('',(#1039),#727,.T.);
#9308=ADVANCED_FACE('',(#1040),#728,.T.);
#9309=ADVANCED_FACE('',(#1041),#729,.F.);
#9310=ADVANCED_FACE('',(#1042),#730,.T.);
#9311=ADVANCED_FACE('',(#1043),#731,.T.);
#9312=ADVANCED_FACE('',(#1044),#732,.T.);
#9313=ADVANCED_FACE('',(#1045),#733,.T.);
#9314=ADVANCED_FACE('',(#1046),#734,.F.);
#9315=ADVANCED_FACE('',(#1047),#735,.T.);
#9316=ADVANCED_FACE('',(#1048),#736,.T.);
#9317=ADVANCED_FACE('',(#1049),#737,.T.);
#9318=ADVANCED_FACE('',(#1050),#738,.T.);
#9319=ADVANCED_FACE('',(#1051),#739,.F.);
#9320=ADVANCED_FACE('',(#1052),#740,.T.);
#9321=ADVANCED_FACE('',(#1053),#741,.T.);
#9322=ADVANCED_FACE('',(#1054),#742,.T.);
#9323=ADVANCED_FACE('',(#1055),#743,.T.);
#9324=ADVANCED_FACE('',(#1056),#744,.T.);
#9325=ADVANCED_FACE('',(#1057),#745,.T.);
#9326=ADVANCED_FACE('',(#1058),#746,.T.);
#9327=ADVANCED_FACE('',(#1059),#747,.T.);
#9328=ADVANCED_FACE('',(#1060),#748,.F.);
#9329=ADVANCED_FACE('',(#1061),#749,.T.);
#9330=ADVANCED_FACE('',(#1062),#750,.T.);
#9331=ADVANCED_FACE('',(#1063),#751,.T.);
#9332=ADVANCED_FACE('',(#1064),#752,.T.);
#9333=ADVANCED_FACE('',(#1065),#753,.F.);
#9334=ADVANCED_FACE('',(#1066),#754,.T.);
#9335=ADVANCED_FACE('',(#1067),#755,.T.);
#9336=ADVANCED_FACE('',(#1068),#756,.T.);
#9337=ADVANCED_FACE('',(#1069),#757,.T.);
#9338=ADVANCED_FACE('',(#1070),#758,.F.);
#9339=ADVANCED_FACE('',(#1071),#759,.T.);
#9340=ADVANCED_FACE('',(#1072),#760,.T.);
#9341=ADVANCED_FACE('',(#1073),#761,.T.);
#9342=ADVANCED_FACE('',(#1074),#762,.T.);
#9343=ADVANCED_FACE('',(#1075),#763,.F.);
#9344=ADVANCED_FACE('',(#1076),#764,.T.);
#9345=ADVANCED_FACE('',(#1077),#765,.T.);
#9346=ADVANCED_FACE('',(#1078),#766,.T.);
#9347=ADVANCED_FACE('',(#1079),#767,.T.);
#9348=ADVANCED_FACE('',(#1080),#768,.F.);
#9349=ADVANCED_FACE('',(#1081),#769,.T.);
#9350=ADVANCED_FACE('',(#1082),#770,.T.);
#9351=ADVANCED_FACE('',(#1083),#771,.T.);
#9352=ADVANCED_FACE('',(#1084),#772,.T.);
#9353=ADVANCED_FACE('',(#1085),#773,.F.);
#9354=ADVANCED_FACE('',(#1086),#774,.T.);
#9355=ADVANCED_FACE('',(#1087),#775,.T.);
#9356=ADVANCED_FACE('',(#1088),#776,.T.);
#9357=ADVANCED_FACE('',(#1089),#777,.T.);
#9358=ADVANCED_FACE('',(#1090),#778,.F.);
#9359=ADVANCED_FACE('',(#1091),#779,.T.);
#9360=ADVANCED_FACE('',(#1092),#780,.T.);
#9361=ADVANCED_FACE('',(#1093),#781,.T.);
#9362=ADVANCED_FACE('',(#1094),#782,.T.);
#9363=ADVANCED_FACE('',(#1095),#783,.F.);
#9364=ADVANCED_FACE('',(#1096),#784,.T.);
#9365=ADVANCED_FACE('',(#1097),#785,.T.);
#9366=ADVANCED_FACE('',(#1098),#786,.T.);
#9367=ADVANCED_FACE('',(#1099),#787,.T.);
#9368=ADVANCED_FACE('',(#1100),#788,.F.);
#9369=ADVANCED_FACE('',(#1101),#789,.T.);
#9370=ADVANCED_FACE('',(#1102),#790,.T.);
#9371=ADVANCED_FACE('',(#1103),#791,.T.);
#9372=ADVANCED_FACE('',(#1104),#792,.T.);
#9373=ADVANCED_FACE('',(#1105),#793,.F.);
#9374=ADVANCED_FACE('',(#1106),#794,.T.);
#9375=ADVANCED_FACE('',(#1107),#795,.T.);
#9376=ADVANCED_FACE('',(#1108),#796,.T.);
#9377=ADVANCED_FACE('',(#1109),#797,.T.);
#9378=ADVANCED_FACE('',(#1110),#798,.F.);
#9379=ADVANCED_FACE('',(#1111),#799,.T.);
#9380=ADVANCED_FACE('',(#1112),#800,.T.);
#9381=ADVANCED_FACE('',(#1113),#801,.T.);
#9382=ADVANCED_FACE('',(#1114),#802,.T.);
#9383=ADVANCED_FACE('',(#1115),#803,.F.);
#9384=ADVANCED_FACE('',(#1116),#804,.T.);
#9385=ADVANCED_FACE('',(#1117),#805,.T.);
#9386=ADVANCED_FACE('',(#1118),#806,.T.);
#9387=ADVANCED_FACE('',(#1119),#807,.T.);
#9388=ADVANCED_FACE('',(#1120),#808,.F.);
#9389=ADVANCED_FACE('',(#1121),#809,.T.);
#9390=ADVANCED_FACE('',(#1122),#810,.T.);
#9391=ADVANCED_FACE('',(#1123),#811,.T.);
#9392=ADVANCED_FACE('',(#1124),#812,.T.);
#9393=ADVANCED_FACE('',(#1125),#813,.F.);
#9394=ADVANCED_FACE('',(#1126),#814,.T.);
#9395=ADVANCED_FACE('',(#1127),#815,.T.);
#9396=ADVANCED_FACE('',(#1128),#816,.T.);
#9397=ADVANCED_FACE('',(#1129),#817,.T.);
#9398=ADVANCED_FACE('',(#1130),#818,.T.);
#9399=ADVANCED_FACE('',(#1131),#819,.F.);
#9400=ADVANCED_FACE('',(#1132),#820,.T.);
#9401=ADVANCED_FACE('',(#1133),#821,.T.);
#9402=ADVANCED_FACE('',(#1134),#9238,.T.);
#9403=ADVANCED_FACE('',(#1135),#9239,.T.);
#9404=ADVANCED_FACE('',(#1136),#9240,.T.);
#9405=ADVANCED_FACE('',(#1137),#822,.T.);
#9406=ADVANCED_FACE('',(#1138),#823,.T.);
#9407=ADVANCED_FACE('',(#1139),#824,.T.);
#9408=ADVANCED_FACE('',(#1140),#825,.T.);
#9409=ADVANCED_FACE('',(#1141),#826,.T.);
#9410=ADVANCED_FACE('',(#1142),#827,.T.);
#9411=ADVANCED_FACE('',(#1143),#828,.T.);
#9412=ADVANCED_FACE('',(#1144),#829,.T.);
#9413=ADVANCED_FACE('',(#1145),#830,.T.);
#9414=ADVANCED_FACE('',(#1146),#831,.T.);
#9415=ADVANCED_FACE('',(#1147),#832,.T.);
#9416=ADVANCED_FACE('',(#1148),#833,.T.);
#9417=ADVANCED_FACE('',(#1149),#834,.T.);
#9418=ADVANCED_FACE('',(#1150),#835,.T.);
#9419=ADVANCED_FACE('',(#1151),#836,.T.);
#9420=ADVANCED_FACE('',(#1152),#837,.T.);
#9421=ADVANCED_FACE('',(#1153),#838,.T.);
#9422=ADVANCED_FACE('',(#1154),#839,.T.);
#9423=ADVANCED_FACE('',(#1155),#840,.T.);
#9424=ADVANCED_FACE('',(#1156),#841,.T.);
#9425=ADVANCED_FACE('',(#1157),#842,.T.);
#9426=ADVANCED_FACE('',(#1158),#843,.T.);
#9427=ADVANCED_FACE('',(#1159),#844,.T.);
#9428=ADVANCED_FACE('',(#1160),#845,.T.);
#9429=ADVANCED_FACE('',(#1161),#846,.T.);
#9430=ADVANCED_FACE('',(#1162),#847,.T.);
#9431=ADVANCED_FACE('',(#1163),#848,.T.);
#9432=ADVANCED_FACE('',(#1164),#849,.T.);
#9433=ADVANCED_FACE('',(#1165),#850,.T.);
#9434=ADVANCED_FACE('',(#1166),#851,.T.);
#9435=ADVANCED_FACE('',(#1167),#22,.F.);
#9436=ADVANCED_FACE('',(#1168),#23,.F.);
#9437=ADVANCED_FACE('',(#1169),#852,.F.);
#9438=ADVANCED_FACE('',(#1170),#24,.F.);
#9439=ADVANCED_FACE('',(#1171),#853,.F.);
#9440=ADVANCED_FACE('',(#1172),#25,.F.);
#9441=ADVANCED_FACE('',(#1173),#854,.F.);
#9442=ADVANCED_FACE('',(#1174),#26,.F.);
#9443=ADVANCED_FACE('',(#1175),#27,.F.);
#9444=ADVANCED_FACE('',(#1176),#28,.F.);
#9445=ADVANCED_FACE('',(#1177),#29,.F.);
#9446=ADVANCED_FACE('',(#1178),#30,.F.);
#9447=ADVANCED_FACE('',(#1179),#31,.F.);
#9448=ADVANCED_FACE('',(#1180),#32,.F.);
#9449=ADVANCED_FACE('',(#1181),#33,.F.);
#9450=ADVANCED_FACE('',(#1182),#34,.F.);
#9451=ADVANCED_FACE('',(#1183),#35,.F.);
#9452=ADVANCED_FACE('',(#1184),#36,.F.);
#9453=ADVANCED_FACE('',(#1185),#37,.F.);
#9454=ADVANCED_FACE('',(#1186),#855,.F.);
#9455=ADVANCED_FACE('',(#1187),#38,.F.);
#9456=ADVANCED_FACE('',(#1188),#39,.F.);
#9457=ADVANCED_FACE('',(#1189),#40,.F.);
#9458=ADVANCED_FACE('',(#1190),#41,.F.);
#9459=ADVANCED_FACE('',(#1191),#42,.F.);
#9460=ADVANCED_FACE('',(#1192),#43,.F.);
#9461=ADVANCED_FACE('',(#1193),#44,.F.);
#9462=ADVANCED_FACE('',(#1194),#45,.F.);
#9463=ADVANCED_FACE('',(#1195),#46,.F.);
#9464=ADVANCED_FACE('',(#1196),#47,.F.);
#9465=ADVANCED_FACE('',(#1197),#48,.F.);
#9466=ADVANCED_FACE('',(#1198),#49,.F.);
#9467=ADVANCED_FACE('',(#1199),#50,.F.);
#9468=ADVANCED_FACE('',(#1200,#15),#856,.T.);
#9469=ADVANCED_FACE('',(#1201),#51,.F.);
#9470=ADVANCED_FACE('',(#1202),#52,.F.);
#9471=ADVANCED_FACE('',(#1203),#53,.F.);
#9472=ADVANCED_FACE('',(#1204),#54,.F.);
#9473=ADVANCED_FACE('',(#1205),#55,.F.);
#9474=ADVANCED_FACE('',(#1206),#56,.F.);
#9475=ADVANCED_FACE('',(#1207),#57,.F.);
#9476=ADVANCED_FACE('',(#1208),#58,.F.);
#9477=ADVANCED_FACE('',(#1209),#59,.F.);
#9478=ADVANCED_FACE('',(#1210),#857,.F.);
#9479=ADVANCED_FACE('',(#1211),#60,.F.);
#9480=ADVANCED_FACE('',(#1212),#61,.F.);
#9481=ADVANCED_FACE('',(#1213),#62,.F.);
#9482=ADVANCED_FACE('',(#1214),#63,.F.);
#9483=ADVANCED_FACE('',(#1215),#64,.F.);
#9484=ADVANCED_FACE('',(#1216),#65,.F.);
#9485=ADVANCED_FACE('',(#1217),#66,.F.);
#9486=ADVANCED_FACE('',(#1218),#67,.F.);
#9487=ADVANCED_FACE('',(#1219),#68,.F.);
#9488=ADVANCED_FACE('',(#1220),#69,.F.);
#9489=ADVANCED_FACE('',(#1221,#16),#858,.T.);
#9490=ADVANCED_FACE('',(#1222),#859,.F.);
#9491=ADVANCED_FACE('',(#1223),#70,.F.);
#9492=ADVANCED_FACE('',(#1224),#71,.F.);
#9493=ADVANCED_FACE('',(#1225),#72,.F.);
#9494=ADVANCED_FACE('',(#1226),#73,.F.);
#9495=ADVANCED_FACE('',(#1227),#74,.F.);
#9496=ADVANCED_FACE('',(#1228),#75,.F.);
#9497=ADVANCED_FACE('',(#1229),#76,.F.);
#9498=ADVANCED_FACE('',(#1230),#77,.F.);
#9499=ADVANCED_FACE('',(#1231),#78,.F.);
#9500=ADVANCED_FACE('',(#1232),#79,.F.);
#9501=ADVANCED_FACE('',(#1233),#80,.F.);
#9502=ADVANCED_FACE('',(#1234),#81,.F.);
#9503=ADVANCED_FACE('',(#1235),#82,.F.);
#9504=ADVANCED_FACE('',(#1236),#83,.F.);
#9505=ADVANCED_FACE('',(#1237),#84,.F.);
#9506=ADVANCED_FACE('',(#1238),#85,.F.);
#9507=ADVANCED_FACE('',(#1239),#86,.F.);
#9508=ADVANCED_FACE('',(#1240),#87,.F.);
#9509=ADVANCED_FACE('',(#1241),#88,.F.);
#9510=ADVANCED_FACE('',(#1242),#860,.T.);
#9511=ADVANCED_FACE('',(#1243),#89,.F.);
#9512=ADVANCED_FACE('',(#1244),#90,.F.);
#9513=ADVANCED_FACE('',(#1245),#91,.F.);
#9514=ADVANCED_FACE('',(#1246),#92,.F.);
#9515=ADVANCED_FACE('',(#1247),#93,.F.);
#9516=ADVANCED_FACE('',(#1248),#94,.F.);
#9517=ADVANCED_FACE('',(#1249),#95,.F.);
#9518=ADVANCED_FACE('',(#1250),#96,.F.);
#9519=ADVANCED_FACE('',(#1251),#97,.F.);
#9520=ADVANCED_FACE('',(#1252),#98,.F.);
#9521=ADVANCED_FACE('',(#1253),#99,.F.);
#9522=ADVANCED_FACE('',(#1254),#100,.F.);
#9523=ADVANCED_FACE('',(#1255),#101,.F.);
#9524=ADVANCED_FACE('',(#1256),#102,.F.);
#9525=ADVANCED_FACE('',(#1257),#861,.F.);
#9526=ADVANCED_FACE('',(#1258),#103,.F.);
#9527=ADVANCED_FACE('',(#1259),#104,.F.);
#9528=ADVANCED_FACE('',(#1260),#105,.F.);
#9529=ADVANCED_FACE('',(#1261),#106,.F.);
#9530=ADVANCED_FACE('',(#1262),#107,.F.);
#9531=ADVANCED_FACE('',(#1263),#108,.F.);
#9532=ADVANCED_FACE('',(#1264),#109,.F.);
#9533=ADVANCED_FACE('',(#1265),#862,.F.);
#9534=ADVANCED_FACE('',(#1266),#110,.F.);
#9535=ADVANCED_FACE('',(#1267),#863,.T.);
#9536=ADVANCED_FACE('',(#1268),#111,.F.);
#9537=ADVANCED_FACE('',(#1269),#112,.F.);
#9538=ADVANCED_FACE('',(#1270),#864,.F.);
#9539=ADVANCED_FACE('',(#1271),#113,.F.);
#9540=ADVANCED_FACE('',(#1272),#114,.F.);
#9541=ADVANCED_FACE('',(#1273),#115,.F.);
#9542=ADVANCED_FACE('',(#1274),#116,.F.);
#9543=ADVANCED_FACE('',(#1275),#865,.T.);
#9544=ADVANCED_FACE('',(#1276),#117,.F.);
#9545=ADVANCED_FACE('',(#1277),#118,.F.);
#9546=ADVANCED_FACE('',(#1278),#119,.F.);
#9547=ADVANCED_FACE('',(#1279),#120,.F.);
#9548=ADVANCED_FACE('',(#1280),#121,.F.);
#9549=ADVANCED_FACE('',(#1281),#122,.F.);
#9550=ADVANCED_FACE('',(#1282),#866,.F.);
#9551=ADVANCED_FACE('',(#1283),#123,.F.);
#9552=ADVANCED_FACE('',(#1284),#124,.F.);
#9553=ADVANCED_FACE('',(#1285),#867,.F.);
#9554=ADVANCED_FACE('',(#1286),#125,.F.);
#9555=ADVANCED_FACE('',(#1287),#126,.F.);
#9556=ADVANCED_FACE('',(#1288),#868,.F.);
#9557=ADVANCED_FACE('',(#1289),#127,.F.);
#9558=ADVANCED_FACE('',(#1290),#128,.F.);
#9559=ADVANCED_FACE('',(#1291),#129,.F.);
#9560=ADVANCED_FACE('',(#1292),#130,.F.);
#9561=ADVANCED_FACE('',(#1293),#131,.F.);
#9562=ADVANCED_FACE('',(#1294),#132,.F.);
#9563=ADVANCED_FACE('',(#1295),#869,.T.);
#9564=ADVANCED_FACE('',(#1296),#870,.F.);
#9565=ADVANCED_FACE('',(#1297),#133,.F.);
#9566=ADVANCED_FACE('',(#1298),#134,.F.);
#9567=ADVANCED_FACE('',(#1299),#871,.F.);
#9568=ADVANCED_FACE('',(#1300),#135,.F.);
#9569=ADVANCED_FACE('',(#1301),#136,.F.);
#9570=ADVANCED_FACE('',(#1302),#137,.F.);
#9571=ADVANCED_FACE('',(#1303),#138,.F.);
#9572=ADVANCED_FACE('',(#1304),#139,.F.);
#9573=ADVANCED_FACE('',(#1305),#140,.F.);
#9574=ADVANCED_FACE('',(#1306),#141,.F.);
#9575=ADVANCED_FACE('',(#1307),#142,.F.);
#9576=ADVANCED_FACE('',(#1308),#143,.F.);
#9577=ADVANCED_FACE('',(#1309),#144,.F.);
#9578=ADVANCED_FACE('',(#1310),#872,.F.);
#9579=ADVANCED_FACE('',(#1311),#145,.F.);
#9580=ADVANCED_FACE('',(#1312),#146,.F.);
#9581=ADVANCED_FACE('',(#1313),#147,.F.);
#9582=ADVANCED_FACE('',(#1314),#148,.F.);
#9583=ADVANCED_FACE('',(#1315),#149,.F.);
#9584=ADVANCED_FACE('',(#1316),#873,.T.);
#9585=ADVANCED_FACE('',(#1317),#874,.F.);
#9586=ADVANCED_FACE('',(#1318),#150,.F.);
#9587=ADVANCED_FACE('',(#1319),#151,.F.);
#9588=ADVANCED_FACE('',(#1320),#152,.F.);
#9589=ADVANCED_FACE('',(#1321),#153,.F.);
#9590=ADVANCED_FACE('',(#1322),#154,.F.);
#9591=ADVANCED_FACE('',(#1323),#155,.F.);
#9592=ADVANCED_FACE('',(#1324),#156,.F.);
#9593=ADVANCED_FACE('',(#1325),#157,.F.);
#9594=ADVANCED_FACE('',(#1326),#158,.F.);
#9595=ADVANCED_FACE('',(#1327),#159,.F.);
#9596=ADVANCED_FACE('',(#1328),#160,.F.);
#9597=ADVANCED_FACE('',(#1329),#875,.F.);
#9598=ADVANCED_FACE('',(#1330),#161,.F.);
#9599=ADVANCED_FACE('',(#1331),#162,.F.);
#9600=ADVANCED_FACE('',(#1332),#163,.F.);
#9601=ADVANCED_FACE('',(#1333),#876,.F.);
#9602=ADVANCED_FACE('',(#1334),#164,.F.);
#9603=ADVANCED_FACE('',(#1335),#165,.F.);
#9604=ADVANCED_FACE('',(#1336),#166,.F.);
#9605=ADVANCED_FACE('',(#1337),#167,.F.);
#9606=ADVANCED_FACE('',(#1338),#877,.F.);
#9607=ADVANCED_FACE('',(#1339),#878,.F.);
#9608=ADVANCED_FACE('',(#1340),#168,.F.);
#9609=ADVANCED_FACE('',(#1341),#169,.F.);
#9610=ADVANCED_FACE('',(#1342),#170,.F.);
#9611=ADVANCED_FACE('',(#1343),#879,.F.);
#9612=ADVANCED_FACE('',(#1344),#880,.F.);
#9613=ADVANCED_FACE('',(#1345),#171,.F.);
#9614=ADVANCED_FACE('',(#1346),#172,.F.);
#9615=ADVANCED_FACE('',(#1347),#881,.T.);
#9616=ADVANCED_FACE('',(#1348),#173,.F.);
#9617=ADVANCED_FACE('',(#1349),#882,.F.);
#9618=ADVANCED_FACE('',(#1350),#883,.F.);
#9619=ADVANCED_FACE('',(#1351),#174,.F.);
#9620=ADVANCED_FACE('',(#1352),#175,.F.);
#9621=ADVANCED_FACE('',(#1353),#176,.F.);
#9622=ADVANCED_FACE('',(#1354),#177,.F.);
#9623=ADVANCED_FACE('',(#1355),#178,.F.);
#9624=ADVANCED_FACE('',(#1356),#179,.F.);
#9625=ADVANCED_FACE('',(#1357),#180,.F.);
#9626=ADVANCED_FACE('',(#1358),#884,.F.);
#9627=ADVANCED_FACE('',(#1359),#885,.F.);
#9628=ADVANCED_FACE('',(#1360),#181,.F.);
#9629=ADVANCED_FACE('',(#1361),#182,.F.);
#9630=ADVANCED_FACE('',(#1362),#183,.F.);
#9631=ADVANCED_FACE('',(#1363),#886,.F.);
#9632=ADVANCED_FACE('',(#1364),#887,.F.);
#9633=ADVANCED_FACE('',(#1365),#888,.F.);
#9634=ADVANCED_FACE('',(#1366),#184,.F.);
#9635=ADVANCED_FACE('',(#1367),#185,.F.);
#9636=ADVANCED_FACE('',(#1368),#186,.F.);
#9637=ADVANCED_FACE('',(#1369),#889,.F.);
#9638=ADVANCED_FACE('',(#1370),#187,.F.);
#9639=ADVANCED_FACE('',(#1371),#188,.F.);
#9640=ADVANCED_FACE('',(#1372),#189,.F.);
#9641=ADVANCED_FACE('',(#1373),#890,.F.);
#9642=ADVANCED_FACE('',(#1374),#891,.F.);
#9643=ADVANCED_FACE('',(#1375),#892,.F.);
#9644=ADVANCED_FACE('',(#1376),#190,.F.);
#9645=ADVANCED_FACE('',(#1377),#191,.F.);
#9646=ADVANCED_FACE('',(#1378),#192,.F.);
#9647=ADVANCED_FACE('',(#1379),#893,.T.);
#9648=ADVANCED_FACE('',(#1380),#193,.F.);
#9649=ADVANCED_FACE('',(#1381),#194,.F.);
#9650=ADVANCED_FACE('',(#1382),#195,.F.);
#9651=ADVANCED_FACE('',(#1383),#196,.F.);
#9652=ADVANCED_FACE('',(#1384),#894,.F.);
#9653=ADVANCED_FACE('',(#1385),#197,.F.);
#9654=ADVANCED_FACE('',(#1386),#198,.F.);
#9655=ADVANCED_FACE('',(#1387),#199,.F.);
#9656=ADVANCED_FACE('',(#1388),#200,.F.);
#9657=ADVANCED_FACE('',(#1389),#201,.F.);
#9658=ADVANCED_FACE('',(#1390),#895,.F.);
#9659=ADVANCED_FACE('',(#1391),#202,.F.);
#9660=ADVANCED_FACE('',(#1392),#203,.F.);
#9661=ADVANCED_FACE('',(#1393),#204,.F.);
#9662=ADVANCED_FACE('',(#1394),#205,.F.);
#9663=ADVANCED_FACE('',(#1395),#206,.F.);
#9664=ADVANCED_FACE('',(#1396),#207,.F.);
#9665=ADVANCED_FACE('',(#1397),#896,.F.);
#9666=ADVANCED_FACE('',(#1398),#208,.F.);
#9667=ADVANCED_FACE('',(#1399),#209,.F.);
#9668=ADVANCED_FACE('',(#1400),#210,.F.);
#9669=ADVANCED_FACE('',(#1401),#211,.F.);
#9670=ADVANCED_FACE('',(#1402),#897,.F.);
#9671=ADVANCED_FACE('',(#1403),#212,.F.);
#9672=ADVANCED_FACE('',(#1404),#213,.F.);
#9673=ADVANCED_FACE('',(#1405),#214,.F.);
#9674=ADVANCED_FACE('',(#1406,#17),#898,.T.);
#9675=ADVANCED_FACE('',(#1407),#899,.T.);
#9676=ADVANCED_FACE('',(#1408),#900,.T.);
#9677=ADVANCED_FACE('',(#1409),#901,.F.);
#9678=ADVANCED_FACE('',(#1410),#902,.F.);
#9679=ADVANCED_FACE('',(#1411),#903,.T.);
#9680=ADVANCED_FACE('',(#1412),#904,.T.);
#9681=ADVANCED_FACE('',(#1413),#905,.T.);
#9682=ADVANCED_FACE('',(#1414),#906,.T.);
#9683=ADVANCED_FACE('',(#1415),#907,.T.);
#9684=ADVANCED_FACE('',(#1416),#908,.T.);
#9685=ADVANCED_FACE('',(#1417),#909,.T.);
#9686=ADVANCED_FACE('',(#1418),#910,.T.);
#9687=ADVANCED_FACE('',(#1419),#911,.T.);
#9688=ADVANCED_FACE('',(#1420),#912,.F.);
#9689=ADVANCED_FACE('',(#1421),#913,.F.);
#9690=ADVANCED_FACE('',(#1422),#914,.F.);
#9691=ADVANCED_FACE('',(#1423),#915,.F.);
#9692=ADVANCED_FACE('',(#1424),#916,.F.);
#9693=ADVANCED_FACE('',(#1425),#917,.T.);
#9694=ADVANCED_FACE('',(#1426),#918,.T.);
#9695=ADVANCED_FACE('',(#1427),#919,.T.);
#9696=ADVANCED_FACE('',(#1428),#920,.T.);
#9697=ADVANCED_FACE('',(#1429),#921,.T.);
#9698=ADVANCED_FACE('',(#1430),#922,.T.);
#9699=ADVANCED_FACE('',(#1431),#923,.T.);
#9700=ADVANCED_FACE('',(#1432),#924,.T.);
#9701=ADVANCED_FACE('',(#1433),#925,.T.);
#9702=ADVANCED_FACE('',(#1434),#926,.F.);
#9703=ADVANCED_FACE('',(#1435),#927,.F.);
#9704=ADVANCED_FACE('',(#1436),#928,.F.);
#9705=ADVANCED_FACE('',(#1437),#929,.F.);
#9706=ADVANCED_FACE('',(#1438),#930,.T.);
#9707=ADVANCED_FACE('',(#1439),#931,.T.);
#9708=ADVANCED_FACE('',(#1440),#932,.T.);
#9709=ADVANCED_FACE('',(#1441),#933,.T.);
#9710=ADVANCED_FACE('',(#1442),#934,.T.);
#9711=ADVANCED_FACE('',(#1443),#935,.T.);
#9712=ADVANCED_FACE('',(#1444),#936,.T.);
#9713=ADVANCED_FACE('',(#1445),#937,.T.);
#9714=ADVANCED_FACE('',(#1446),#938,.T.);
#9715=ADVANCED_FACE('',(#1447),#939,.T.);
#9716=ADVANCED_FACE('',(#1448),#940,.T.);
#9717=ADVANCED_FACE('',(#1449),#941,.T.);
#9718=ADVANCED_FACE('',(#1450),#942,.T.);
#9719=ADVANCED_FACE('',(#1451),#943,.T.);
#9720=ADVANCED_FACE('',(#1452),#944,.F.);
#9721=ADVANCED_FACE('',(#1453),#945,.T.);
#9722=ADVANCED_FACE('',(#1454),#946,.T.);
#9723=ADVANCED_FACE('',(#1455),#947,.T.);
#9724=ADVANCED_FACE('',(#1456),#948,.T.);
#9725=ADVANCED_FACE('',(#1457),#949,.T.);
#9726=ADVANCED_FACE('',(#1458),#950,.F.);
#9727=ADVANCED_FACE('',(#1459),#951,.T.);
#9728=ADVANCED_FACE('',(#1460),#952,.T.);
#9729=ADVANCED_FACE('',(#1461),#953,.T.);
#9730=ADVANCED_FACE('',(#1462),#954,.T.);
#9731=ADVANCED_FACE('',(#1463),#955,.T.);
#9732=ADVANCED_FACE('',(#1464),#956,.T.);
#9733=ADVANCED_FACE('',(#1465),#957,.T.);
#9734=ADVANCED_FACE('',(#1466),#958,.T.);
#9735=ADVANCED_FACE('',(#1467),#959,.T.);
#9736=ADVANCED_FACE('',(#1468),#960,.T.);
#9737=ADVANCED_FACE('',(#1469),#961,.T.);
#9738=ADVANCED_FACE('',(#1470,#18,#19,#20,#21),#962,.T.);
#9739=ADVANCED_FACE('',(#1471),#9241,.T.);
#9740=ADVANCED_FACE('',(#1472),#963,.T.);
#9741=ADVANCED_FACE('',(#1473),#9242,.T.);
#9742=ADVANCED_FACE('',(#1474),#964,.T.);
#9743=ADVANCED_FACE('',(#1475),#965,.T.);
#9744=ADVANCED_FACE('',(#1476),#966,.F.);
#9745=ADVANCED_FACE('',(#1477),#967,.F.);
#9746=ADVANCED_FACE('',(#1478),#968,.F.);
#9747=ADVANCED_FACE('',(#1479),#969,.T.);
#9748=ADVANCED_FACE('',(#1480),#970,.T.);
#9749=ADVANCED_FACE('',(#1481),#971,.T.);
#9750=ADVANCED_FACE('',(#1482),#972,.T.);
#9751=ADVANCED_FACE('',(#1483),#973,.T.);
#9752=ADVANCED_FACE('',(#1484),#974,.F.);
#9753=CLOSED_SHELL('',(#9243,#9244,#9245,#9246,#9247,#9248,#9249,#9250,
#9251,#9252,#9253,#9254,#9255,#9256,#9257,#9258,#9259,#9260,#9261,#9262,
#9263,#9264,#9265,#9266,#9267,#9268,#9269,#9270,#9271,#9272,#9273,#9274,
#9275,#9276,#9277,#9278,#9279,#9280,#9281,#9282,#9283,#9284,#9285,#9286,
#9287,#9288,#9289,#9290,#9291,#9292,#9293,#9294,#9295,#9296,#9297,#9298,
#9299,#9300,#9301,#9302,#9303,#9304,#9305,#9306,#9307,#9308,#9309,#9310,
#9311,#9312,#9313,#9314,#9315,#9316,#9317,#9318,#9319,#9320,#9321,#9322,
#9323,#9324,#9325,#9326,#9327,#9328,#9329,#9330,#9331,#9332,#9333,#9334,
#9335,#9336,#9337,#9338,#9339,#9340,#9341,#9342,#9343,#9344,#9345,#9346,
#9347,#9348,#9349,#9350,#9351,#9352,#9353,#9354,#9355,#9356,#9357,#9358,
#9359,#9360,#9361,#9362,#9363,#9364,#9365,#9366,#9367,#9368,#9369,#9370,
#9371,#9372,#9373,#9374,#9375,#9376,#9377,#9378,#9379,#9380,#9381,#9382,
#9383,#9384,#9385,#9386,#9387,#9388,#9389,#9390,#9391,#9392,#9393,#9394,
#9395,#9396,#9397,#9398,#9399,#9400,#9401,#9402,#9403,#9404,#9405,#9406,
#9407,#9408,#9409,#9410,#9411,#9412,#9413,#9414,#9415,#9416,#9417,#9418,
#9419,#9420,#9421,#9422,#9423,#9424,#9425,#9426,#9427,#9428,#9429,#9430,
#9431,#9432,#9433,#9434,#9435,#9436,#9437,#9438,#9439,#9440,#9441,#9442,
#9443,#9444,#9445,#9446,#9447,#9448,#9449,#9450,#9451,#9452,#9453,#9454,
#9455,#9456,#9457,#9458,#9459,#9460,#9461,#9462,#9463,#9464,#9465,#9466,
#9467,#9468,#9469,#9470,#9471,#9472,#9473,#9474,#9475,#9476,#9477,#9478,
#9479,#9480,#9481,#9482,#9483,#9484,#9485,#9486,#9487,#9488,#9489,#9490,
#9491,#9492,#9493,#9494,#9495,#9496,#9497,#9498,#9499,#9500,#9501,#9502,
#9503,#9504,#9505,#9506,#9507,#9508,#9509,#9510,#9511,#9512,#9513,#9514,
#9515,#9516,#9517,#9518,#9519,#9520,#9521,#9522,#9523,#9524,#9525,#9526,
#9527,#9528,#9529,#9530,#9531,#9532,#9533,#9534,#9535,#9536,#9537,#9538,
#9539,#9540,#9541,#9542,#9543,#9544,#9545,#9546,#9547,#9548,#9549,#9550,
#9551,#9552,#9553,#9554,#9555,#9556,#9557,#9558,#9559,#9560,#9561,#9562,
#9563,#9564,#9565,#9566,#9567,#9568,#9569,#9570,#9571,#9572,#9573,#9574,
#9575,#9576,#9577,#9578,#9579,#9580,#9581,#9582,#9583,#9584,#9585,#9586,
#9587,#9588,#9589,#9590,#9591,#9592,#9593,#9594,#9595,#9596,#9597,#9598,
#9599,#9600,#9601,#9602,#9603,#9604,#9605,#9606,#9607,#9608,#9609,#9610,
#9611,#9612,#9613,#9614,#9615,#9616,#9617,#9618,#9619,#9620,#9621,#9622,
#9623,#9624,#9625,#9626,#9627,#9628,#9629,#9630,#9631,#9632,#9633,#9634,
#9635,#9636,#9637,#9638,#9639,#9640,#9641,#9642,#9643,#9644,#9645,#9646,
#9647,#9648,#9649,#9650,#9651,#9652,#9653,#9654,#9655,#9656,#9657,#9658,
#9659,#9660,#9661,#9662,#9663,#9664,#9665,#9666,#9667,#9668,#9669,#9670,
#9671,#9672,#9673,#9674,#9675,#9676,#9677,#9678,#9679,#9680,#9681,#9682,
#9683,#9684,#9685,#9686,#9687,#9688,#9689,#9690,#9691,#9692,#9693,#9694,
#9695,#9696,#9697,#9698,#9699,#9700,#9701,#9702,#9703,#9704,#9705,#9706,
#9707,#9708,#9709,#9710,#9711,#9712,#9713,#9714,#9715,#9716,#9717,#9718,
#9719,#9720,#9721,#9722,#9723,#9724,#9725,#9726,#9727,#9728,#9729,#9730,
#9731,#9732,#9733,#9734,#9735,#9736,#9737,#9738,#9739,#9740,#9741,#9742,
#9743,#9744,#9745,#9746,#9747,#9748,#9749,#9750,#9751,#9752));
#9754=DERIVED_UNIT_ELEMENT(#9756,1.);
#9755=DERIVED_UNIT_ELEMENT(#16601,-3.);
#9756=(
MASS_UNIT()
NAMED_UNIT(*)
SI_UNIT(.KILO.,.GRAM.)
);
#9757=DERIVED_UNIT((#9754,#9755));
#9758=MEASURE_REPRESENTATION_ITEM('density measure',
POSITIVE_RATIO_MEASURE(7850.),#9757);
#9759=PROPERTY_DEFINITION_REPRESENTATION(#9764,#9761);
#9760=PROPERTY_DEFINITION_REPRESENTATION(#9765,#9762);
#9761=REPRESENTATION('material name',(#9763),#16598);
#9762=REPRESENTATION('density',(#9758),#16598);
#9763=DESCRIPTIVE_REPRESENTATION_ITEM('Steel','Steel');
#9764=PROPERTY_DEFINITION('material property','material name',#16608);
#9765=PROPERTY_DEFINITION('material property','density of part',#16608);
#9766=AXIS2_PLACEMENT_3D('',#11772,#10108,#10109);
#9767=AXIS2_PLACEMENT_3D('',#11773,#10110,#10111);
#9768=AXIS2_PLACEMENT_3D('',#11775,#10112,#10113);
#9769=AXIS2_PLACEMENT_3D('',#11778,#10115,#10116);
#9770=AXIS2_PLACEMENT_3D('',#11779,#10117,#10118);
#9771=AXIS2_PLACEMENT_3D('',#11780,#10119,#10120);
#9772=AXIS2_PLACEMENT_3D('',#11785,#10122,#10123);
#9773=AXIS2_PLACEMENT_3D('',#11787,#10124,#10125);
#9774=AXIS2_PLACEMENT_3D('',#11789,#10127,#10128);
#9775=AXIS2_PLACEMENT_3D('',#11791,#10129,#10130);
#9776=AXIS2_PLACEMENT_3D('',#11795,#10133,#10134);
#9777=AXIS2_PLACEMENT_3D('',#11796,#10135,#10136);
#9778=AXIS2_PLACEMENT_3D('',#11798,#10137,#10138);
#9779=AXIS2_PLACEMENT_3D('',#11801,#10140,#10141);
#9780=AXIS2_PLACEMENT_3D('',#11802,#10142,#10143);
#9781=AXIS2_PLACEMENT_3D('',#11803,#10144,#10145);
#9782=AXIS2_PLACEMENT_3D('',#11805,#10146,#10147);
#9783=AXIS2_PLACEMENT_3D('',#11808,#10149,#10150);
#9784=AXIS2_PLACEMENT_3D('',#11809,#10151,#10152);
#9785=AXIS2_PLACEMENT_3D('',#11810,#10153,#10154);
#9786=AXIS2_PLACEMENT_3D('',#11816,#10157,#10158);
#9787=AXIS2_PLACEMENT_3D('',#11822,#10162,#10163);
#9788=AXIS2_PLACEMENT_3D('',#11831,#10168,#10169);
#9789=AXIS2_PLACEMENT_3D('',#11837,#10173,#10174);
#9790=AXIS2_PLACEMENT_3D('',#11846,#10179,#10180);
#9791=AXIS2_PLACEMENT_3D('',#11850,#10184,#10185);
#9792=AXIS2_PLACEMENT_3D('',#11852,#10187,#10188);
#9793=AXIS2_PLACEMENT_3D('',#11861,#10193,#10194);
#9794=AXIS2_PLACEMENT_3D('',#11867,#10198,#10199);
#9795=AXIS2_PLACEMENT_3D('',#11876,#10204,#10205);
#9796=AXIS2_PLACEMENT_3D('',#11880,#10209,#10210);
#9797=AXIS2_PLACEMENT_3D('',#11882,#10212,#10213);
#9798=AXIS2_PLACEMENT_3D('',#11891,#10218,#10219);
#9799=AXIS2_PLACEMENT_3D('',#11897,#10223,#10224);
#9800=AXIS2_PLACEMENT_3D('',#11906,#10229,#10230);
#9801=AXIS2_PLACEMENT_3D('',#11910,#10234,#10235);
#9802=AXIS2_PLACEMENT_3D('',#11912,#10237,#10238);
#9803=AXIS2_PLACEMENT_3D('',#11921,#10243,#10244);
#9804=AXIS2_PLACEMENT_3D('',#11927,#10248,#10249);
#9805=AXIS2_PLACEMENT_3D('',#11936,#10254,#10255);
#9806=AXIS2_PLACEMENT_3D('',#11940,#10259,#10260);
#9807=AXIS2_PLACEMENT_3D('',#11942,#10262,#10263);
#9808=AXIS2_PLACEMENT_3D('',#11951,#10268,#10269);
#9809=AXIS2_PLACEMENT_3D('',#11957,#10273,#10274);
#9810=AXIS2_PLACEMENT_3D('',#11966,#10279,#10280);
#9811=AXIS2_PLACEMENT_3D('',#11970,#10284,#10285);
#9812=AXIS2_PLACEMENT_3D('',#11972,#10287,#10288);
#9813=AXIS2_PLACEMENT_3D('',#11981,#10293,#10294);
#9814=AXIS2_PLACEMENT_3D('',#11987,#10298,#10299);
#9815=AXIS2_PLACEMENT_3D('',#11996,#10304,#10305);
#9816=AXIS2_PLACEMENT_3D('',#12000,#10309,#10310);
#9817=AXIS2_PLACEMENT_3D('',#12002,#10312,#10313);
#9818=AXIS2_PLACEMENT_3D('',#12011,#10318,#10319);
#9819=AXIS2_PLACEMENT_3D('',#12017,#10323,#10324);
#9820=AXIS2_PLACEMENT_3D('',#12026,#10329,#10330);
#9821=AXIS2_PLACEMENT_3D('',#12030,#10334,#10335);
#9822=AXIS2_PLACEMENT_3D('',#12032,#10337,#10338);
#9823=AXIS2_PLACEMENT_3D('',#12041,#10343,#10344);
#9824=AXIS2_PLACEMENT_3D('',#12047,#10348,#10349);
#9825=AXIS2_PLACEMENT_3D('',#12056,#10354,#10355);
#9826=AXIS2_PLACEMENT_3D('',#12060,#10359,#10360);
#9827=AXIS2_PLACEMENT_3D('',#12062,#10362,#10363);
#9828=AXIS2_PLACEMENT_3D('',#12071,#10368,#10369);
#9829=AXIS2_PLACEMENT_3D('',#12077,#10373,#10374);
#9830=AXIS2_PLACEMENT_3D('',#12086,#10379,#10380);
#9831=AXIS2_PLACEMENT_3D('',#12090,#10384,#10385);
#9832=AXIS2_PLACEMENT_3D('',#12092,#10387,#10388);
#9833=AXIS2_PLACEMENT_3D('',#12101,#10393,#10394);
#9834=AXIS2_PLACEMENT_3D('',#12107,#10398,#10399);
#9835=AXIS2_PLACEMENT_3D('',#12116,#10404,#10405);
#9836=AXIS2_PLACEMENT_3D('',#12120,#10409,#10410);
#9837=AXIS2_PLACEMENT_3D('',#12122,#10412,#10413);
#9838=AXIS2_PLACEMENT_3D('',#12131,#10418,#10419);
#9839=AXIS2_PLACEMENT_3D('',#12137,#10423,#10424);
#9840=AXIS2_PLACEMENT_3D('',#12146,#10429,#10430);
#9841=AXIS2_PLACEMENT_3D('',#12150,#10434,#10435);
#9842=AXIS2_PLACEMENT_3D('',#12152,#10437,#10438);
#9843=AXIS2_PLACEMENT_3D('',#12161,#10443,#10444);
#9844=AXIS2_PLACEMENT_3D('',#12167,#10448,#10449);
#9845=AXIS2_PLACEMENT_3D('',#12176,#10454,#10455);
#9846=AXIS2_PLACEMENT_3D('',#12180,#10459,#10460);
#9847=AXIS2_PLACEMENT_3D('',#12182,#10462,#10463);
#9848=AXIS2_PLACEMENT_3D('',#12191,#10468,#10469);
#9849=AXIS2_PLACEMENT_3D('',#12197,#10473,#10474);
#9850=AXIS2_PLACEMENT_3D('',#12206,#10479,#10480);
#9851=AXIS2_PLACEMENT_3D('',#12210,#10484,#10485);
#9852=AXIS2_PLACEMENT_3D('',#12212,#10487,#10488);
#9853=AXIS2_PLACEMENT_3D('',#12221,#10493,#10494);
#9854=AXIS2_PLACEMENT_3D('',#12227,#10498,#10499);
#9855=AXIS2_PLACEMENT_3D('',#12236,#10504,#10505);
#9856=AXIS2_PLACEMENT_3D('',#12240,#10509,#10510);
#9857=AXIS2_PLACEMENT_3D('',#12242,#10512,#10513);
#9858=AXIS2_PLACEMENT_3D('',#12245,#10514,#10515);
#9859=AXIS2_PLACEMENT_3D('',#12253,#10520,#10521);
#9860=AXIS2_PLACEMENT_3D('',#12257,#10525,#10526);
#9861=AXIS2_PLACEMENT_3D('',#12261,#10529,#10530);
#9862=AXIS2_PLACEMENT_3D('',#12263,#10531,#10532);
#9863=AXIS2_PLACEMENT_3D('',#12265,#10534,#10535);
#9864=AXIS2_PLACEMENT_3D('',#12274,#10540,#10541);
#9865=AXIS2_PLACEMENT_3D('',#12280,#10545,#10546);
#9866=AXIS2_PLACEMENT_3D('',#12289,#10551,#10552);
#9867=AXIS2_PLACEMENT_3D('',#12293,#10556,#10557);
#9868=AXIS2_PLACEMENT_3D('',#12295,#10559,#10560);
#9869=AXIS2_PLACEMENT_3D('',#12304,#10565,#10566);
#9870=AXIS2_PLACEMENT_3D('',#12310,#10570,#10571);
#9871=AXIS2_PLACEMENT_3D('',#12319,#10576,#10577);
#9872=AXIS2_PLACEMENT_3D('',#12323,#10581,#10582);
#9873=AXIS2_PLACEMENT_3D('',#12325,#10584,#10585);
#9874=AXIS2_PLACEMENT_3D('',#12334,#10590,#10591);
#9875=AXIS2_PLACEMENT_3D('',#12340,#10595,#10596);
#9876=AXIS2_PLACEMENT_3D('',#12349,#10601,#10602);
#9877=AXIS2_PLACEMENT_3D('',#12353,#10606,#10607);
#9878=AXIS2_PLACEMENT_3D('',#12355,#10609,#10610);
#9879=AXIS2_PLACEMENT_3D('',#12364,#10615,#10616);
#9880=AXIS2_PLACEMENT_3D('',#12370,#10620,#10621);
#9881=AXIS2_PLACEMENT_3D('',#12379,#10626,#10627);
#9882=AXIS2_PLACEMENT_3D('',#12383,#10631,#10632);
#9883=AXIS2_PLACEMENT_3D('',#12385,#10634,#10635);
#9884=AXIS2_PLACEMENT_3D('',#12394,#10640,#10641);
#9885=AXIS2_PLACEMENT_3D('',#12400,#10645,#10646);
#9886=AXIS2_PLACEMENT_3D('',#12409,#10651,#10652);
#9887=AXIS2_PLACEMENT_3D('',#12413,#10656,#10657);
#9888=AXIS2_PLACEMENT_3D('',#12415,#10659,#10660);
#9889=AXIS2_PLACEMENT_3D('',#12424,#10665,#10666);
#9890=AXIS2_PLACEMENT_3D('',#12430,#10670,#10671);
#9891=AXIS2_PLACEMENT_3D('',#12439,#10676,#10677);
#9892=AXIS2_PLACEMENT_3D('',#12443,#10681,#10682);
#9893=AXIS2_PLACEMENT_3D('',#12445,#10684,#10685);
#9894=AXIS2_PLACEMENT_3D('',#12454,#10690,#10691);
#9895=AXIS2_PLACEMENT_3D('',#12460,#10695,#10696);
#9896=AXIS2_PLACEMENT_3D('',#12469,#10701,#10702);
#9897=AXIS2_PLACEMENT_3D('',#12473,#10706,#10707);
#9898=AXIS2_PLACEMENT_3D('',#12475,#10709,#10710);
#9899=AXIS2_PLACEMENT_3D('',#12484,#10715,#10716);
#9900=AXIS2_PLACEMENT_3D('',#12490,#10720,#10721);
#9901=AXIS2_PLACEMENT_3D('',#12499,#10726,#10727);
#9902=AXIS2_PLACEMENT_3D('',#12503,#10731,#10732);
#9903=AXIS2_PLACEMENT_3D('',#12505,#10734,#10735);
#9904=AXIS2_PLACEMENT_3D('',#12514,#10740,#10741);
#9905=AXIS2_PLACEMENT_3D('',#12520,#10745,#10746);
#9906=AXIS2_PLACEMENT_3D('',#12529,#10751,#10752);
#9907=AXIS2_PLACEMENT_3D('',#12533,#10756,#10757);
#9908=AXIS2_PLACEMENT_3D('',#12535,#10759,#10760);
#9909=AXIS2_PLACEMENT_3D('',#12544,#10765,#10766);
#9910=AXIS2_PLACEMENT_3D('',#12550,#10770,#10771);
#9911=AXIS2_PLACEMENT_3D('',#12559,#10776,#10777);
#9912=AXIS2_PLACEMENT_3D('',#12563,#10781,#10782);
#9913=AXIS2_PLACEMENT_3D('',#12565,#10784,#10785);
#9914=AXIS2_PLACEMENT_3D('',#12574,#10790,#10791);
#9915=AXIS2_PLACEMENT_3D('',#12580,#10795,#10796);
#9916=AXIS2_PLACEMENT_3D('',#12589,#10801,#10802);
#9917=AXIS2_PLACEMENT_3D('',#12593,#10806,#10807);
#9918=AXIS2_PLACEMENT_3D('',#12595,#10809,#10810);
#9919=AXIS2_PLACEMENT_3D('',#12604,#10815,#10816);
#9920=AXIS2_PLACEMENT_3D('',#12610,#10820,#10821);
#9921=AXIS2_PLACEMENT_3D('',#12619,#10826,#10827);
#9922=AXIS2_PLACEMENT_3D('',#12623,#10831,#10832);
#9923=AXIS2_PLACEMENT_3D('',#12625,#10834,#10835);
#9924=AXIS2_PLACEMENT_3D('',#12634,#10840,#10841);
#9925=AXIS2_PLACEMENT_3D('',#12640,#10845,#10846);
#9926=AXIS2_PLACEMENT_3D('',#12649,#10851,#10852);
#9927=AXIS2_PLACEMENT_3D('',#12653,#10856,#10857);
#9928=AXIS2_PLACEMENT_3D('',#12655,#10859,#10860);
#9929=AXIS2_PLACEMENT_3D('',#12664,#10865,#10866);
#9930=AXIS2_PLACEMENT_3D('',#12670,#10870,#10871);
#9931=AXIS2_PLACEMENT_3D('',#12679,#10876,#10877);
#9932=AXIS2_PLACEMENT_3D('',#12683,#10881,#10882);
#9933=AXIS2_PLACEMENT_3D('',#12685,#10884,#10885);
#9934=AXIS2_PLACEMENT_3D('',#12694,#10890,#10891);
#9935=AXIS2_PLACEMENT_3D('',#12697,#10892,#10893);
#9936=AXIS2_PLACEMENT_3D('',#12703,#10897,#10898);
#9937=AXIS2_PLACEMENT_3D('',#12707,#10902,#10903);
#9938=AXIS2_PLACEMENT_3D('',#12713,#10906,#10907);
#9939=AXIS2_PLACEMENT_3D('',#12715,#10909,#10910);
#9940=AXIS2_PLACEMENT_3D('',#12717,#10912,#10913);
#9941=AXIS2_PLACEMENT_3D('',#12727,#10919,#10920);
#9942=AXIS2_PLACEMENT_3D('',#12728,#10921,#10922);
#9943=AXIS2_PLACEMENT_3D('',#12729,#10923,#10924);
#9944=AXIS2_PLACEMENT_3D('',#12733,#10926,#10927);
#9945=AXIS2_PLACEMENT_3D('',#12736,#10929,#10930);
#9946=AXIS2_PLACEMENT_3D('',#12737,#10931,#10932);
#9947=AXIS2_PLACEMENT_3D('',#12741,#10934,#10935);
#9948=AXIS2_PLACEMENT_3D('',#12744,#10937,#10938);
#9949=AXIS2_PLACEMENT_3D('',#12745,#10939,#10940);
#9950=AXIS2_PLACEMENT_3D('',#12747,#10942,#10943);
#9951=AXIS2_PLACEMENT_3D('',#12851,#10960,#10961);
#9952=AXIS2_PLACEMENT_3D('',#12854,#10964,#10965);
#9953=AXIS2_PLACEMENT_3D('',#12857,#10968,#10969);
#9954=AXIS2_PLACEMENT_3D('',#12860,#10972,#10973);
#9955=AXIS2_PLACEMENT_3D('',#12863,#10976,#10977);
#9956=AXIS2_PLACEMENT_3D('',#12866,#10980,#10981);
#9957=AXIS2_PLACEMENT_3D('',#12869,#10984,#10985);
#9958=AXIS2_PLACEMENT_3D('',#12872,#10988,#10989);
#9959=AXIS2_PLACEMENT_3D('',#12875,#10992,#10993);
#9960=AXIS2_PLACEMENT_3D('',#12878,#10996,#10997);
#9961=AXIS2_PLACEMENT_3D('',#12881,#11000,#11001);
#9962=AXIS2_PLACEMENT_3D('',#12884,#11004,#11005);
#9963=AXIS2_PLACEMENT_3D('',#12887,#11008,#11009);
#9964=AXIS2_PLACEMENT_3D('',#12890,#11012,#11013);
#9965=AXIS2_PLACEMENT_3D('',#12893,#11016,#11017);
#9966=AXIS2_PLACEMENT_3D('',#12896,#11020,#11021);
#9967=AXIS2_PLACEMENT_3D('',#12899,#11024,#11025);
#9968=AXIS2_PLACEMENT_3D('',#12902,#11028,#11029);
#9969=AXIS2_PLACEMENT_3D('',#12905,#11032,#11033);
#9970=AXIS2_PLACEMENT_3D('',#12908,#11036,#11037);
#9971=AXIS2_PLACEMENT_3D('',#12911,#11040,#11041);
#9972=AXIS2_PLACEMENT_3D('',#12914,#11044,#11045);
#9973=AXIS2_PLACEMENT_3D('',#12917,#11048,#11049);
#9974=AXIS2_PLACEMENT_3D('',#12920,#11052,#11053);
#9975=AXIS2_PLACEMENT_3D('',#12923,#11056,#11057);
#9976=AXIS2_PLACEMENT_3D('',#12926,#11060,#11061);
#9977=AXIS2_PLACEMENT_3D('',#12929,#11064,#11065);
#9978=AXIS2_PLACEMENT_3D('',#12932,#11068,#11069);
#9979=AXIS2_PLACEMENT_3D('',#12991,#11076,#11077);
#9980=AXIS2_PLACEMENT_3D('',#13025,#11083,#11084);
#9981=AXIS2_PLACEMENT_3D('',#13063,#11092,#11093);
#9982=AXIS2_PLACEMENT_3D('',#13261,#11111,#11112);
#9983=AXIS2_PLACEMENT_3D('',#13468,#11127,#11128);
#9984=AXIS2_PLACEMENT_3D('',#13622,#11136,#11137);
#9985=AXIS2_PLACEMENT_3D('',#13792,#11151,#11152);
#9986=AXIS2_PLACEMENT_3D('',#13793,#11153,#11154);
#9987=AXIS2_PLACEMENT_3D('',#14078,#11175,#11176);
#9988=AXIS2_PLACEMENT_3D('',#14338,#11193,#11194);
#9989=AXIS2_PLACEMENT_3D('',#14482,#11204,#11205);
#9990=AXIS2_PLACEMENT_3D('',#14504,#11211,#11212);
#9991=AXIS2_PLACEMENT_3D('',#14548,#11216,#11217);
#9992=AXIS2_PLACEMENT_3D('',#14628,#11224,#11225);
#9993=AXIS2_PLACEMENT_3D('',#14771,#11235,#11236);
#9994=AXIS2_PLACEMENT_3D('',#14807,#11242,#11243);
#9995=AXIS2_PLACEMENT_3D('',#14843,#11249,#11250);
#9996=AXIS2_PLACEMENT_3D('',#14959,#11261,#11262);
#9997=AXIS2_PLACEMENT_3D('',#14960,#11263,#11264);
#9998=AXIS2_PLACEMENT_3D('',#14996,#11270,#11271);
#9999=AXIS2_PLACEMENT_3D('',#15154,#11287,#11288);
#10000=AXIS2_PLACEMENT_3D('',#15236,#11294,#11295);
#10001=AXIS2_PLACEMENT_3D('',#15237,#11296,#11297);
#10002=AXIS2_PLACEMENT_3D('',#15416,#11311,#11312);
#10003=AXIS2_PLACEMENT_3D('',#15467,#11319,#11320);
#10004=AXIS2_PLACEMENT_3D('',#15533,#11328,#11329);
#10005=AXIS2_PLACEMENT_3D('',#15539,#11333,#11334);
#10006=AXIS2_PLACEMENT_3D('',#15590,#11341,#11342);
#10007=AXIS2_PLACEMENT_3D('',#15596,#11346,#11347);
#10008=AXIS2_PLACEMENT_3D('',#15626,#11351,#11352);
#10009=AXIS2_PLACEMENT_3D('',#15650,#11355,#11356);
#10010=AXIS2_PLACEMENT_3D('',#15656,#11360,#11361);
#10011=AXIS2_PLACEMENT_3D('',#15756,#11370,#11371);
#10012=AXIS2_PLACEMENT_3D('',#15760,#11374,#11375);
#10013=AXIS2_PLACEMENT_3D('',#15797,#11381,#11382);
#10014=AXIS2_PLACEMENT_3D('',#15801,#11385,#11386);
#10015=AXIS2_PLACEMENT_3D('',#15805,#11389,#11390);
#10016=AXIS2_PLACEMENT_3D('',#15842,#11396,#11397);
#10017=AXIS2_PLACEMENT_3D('',#15879,#11403,#11404);
#10018=AXIS2_PLACEMENT_3D('',#15883,#11407,#11408);
#10019=AXIS2_PLACEMENT_3D('',#15887,#11411,#11412);
#10020=AXIS2_PLACEMENT_3D('',#15922,#11417,#11418);
#10021=AXIS2_PLACEMENT_3D('',#15999,#11425,#11426);
#10022=AXIS2_PLACEMENT_3D('',#16080,#11435,#11436);
#10023=AXIS2_PLACEMENT_3D('',#16176,#11446,#11447);
#10024=AXIS2_PLACEMENT_3D('',#16252,#11454,#11455);
#10025=AXIS2_PLACEMENT_3D('',#16300,#11461,#11462);
#10026=AXIS2_PLACEMENT_3D('',#16301,#11463,#11464);
#10027=AXIS2_PLACEMENT_3D('',#16306,#11468,#11469);
#10028=AXIS2_PLACEMENT_3D('',#16312,#11473,#11474);
#10029=AXIS2_PLACEMENT_3D('',#16315,#11477,#11478);
#10030=AXIS2_PLACEMENT_3D('',#16321,#11482,#11483);
#10031=AXIS2_PLACEMENT_3D('',#16323,#11485,#11486);
#10032=AXIS2_PLACEMENT_3D('',#16327,#11489,#11490);
#10033=AXIS2_PLACEMENT_3D('',#16335,#11495,#11496);
#10034=AXIS2_PLACEMENT_3D('',#16339,#11499,#11500);
#10035=AXIS2_PLACEMENT_3D('',#16343,#11503,#11504);
#10036=AXIS2_PLACEMENT_3D('',#16345,#11506,#11507);
#10037=AXIS2_PLACEMENT_3D('',#16347,#11509,#11510);
#10038=AXIS2_PLACEMENT_3D('',#16348,#11511,#11512);
#10039=AXIS2_PLACEMENT_3D('',#16360,#11520,#11521);
#10040=AXIS2_PLACEMENT_3D('',#16362,#11523,#11524);
#10041=AXIS2_PLACEMENT_3D('',#16364,#11526,#11527);
#10042=AXIS2_PLACEMENT_3D('',#16368,#11530,#11531);
#10043=AXIS2_PLACEMENT_3D('',#16374,#11535,#11536);
#10044=AXIS2_PLACEMENT_3D('',#16380,#11540,#11541);
#10045=AXIS2_PLACEMENT_3D('',#16384,#11544,#11545);
#10046=AXIS2_PLACEMENT_3D('',#16388,#11548,#11549);
#10047=AXIS2_PLACEMENT_3D('',#16391,#11552,#11553);
#10048=AXIS2_PLACEMENT_3D('',#16394,#11556,#11557);
#10049=AXIS2_PLACEMENT_3D('',#16400,#11561,#11562);
#10050=AXIS2_PLACEMENT_3D('',#16405,#11566,#11567);
#10051=AXIS2_PLACEMENT_3D('',#16406,#11568,#11569);
#10052=AXIS2_PLACEMENT_3D('',#16412,#11573,#11574);
#10053=AXIS2_PLACEMENT_3D('',#16413,#11575,#11576);
#10054=AXIS2_PLACEMENT_3D('',#16417,#11579,#11580);
#10055=AXIS2_PLACEMENT_3D('',#16421,#11583,#11584);
#10056=AXIS2_PLACEMENT_3D('',#16425,#11587,#11588);
#10057=AXIS2_PLACEMENT_3D('',#16429,#11591,#11592);
#10058=AXIS2_PLACEMENT_3D('',#16430,#11593,#11594);
#10059=AXIS2_PLACEMENT_3D('',#16436,#11598,#11599);
#10060=AXIS2_PLACEMENT_3D('',#16443,#11604,#11605);
#10061=AXIS2_PLACEMENT_3D('',#16447,#11608,#11609);
#10062=AXIS2_PLACEMENT_3D('',#16449,#11611,#11612);
#10063=AXIS2_PLACEMENT_3D('',#16450,#11613,#11614);
#10064=AXIS2_PLACEMENT_3D('',#16453,#11617,#11618);
#10065=AXIS2_PLACEMENT_3D('',#16459,#11622,#11623);
#10066=AXIS2_PLACEMENT_3D('',#16460,#11624,#11625);
#10067=AXIS2_PLACEMENT_3D('',#16461,#11626,#11627);
#10068=AXIS2_PLACEMENT_3D('',#16464,#11630,#11631);
#10069=AXIS2_PLACEMENT_3D('',#16468,#11634,#11635);
#10070=AXIS2_PLACEMENT_3D('',#16470,#11637,#11638);
#10071=AXIS2_PLACEMENT_3D('',#16473,#11641,#11642);
#10072=AXIS2_PLACEMENT_3D('',#16475,#11644,#11645);
#10073=AXIS2_PLACEMENT_3D('',#16477,#11647,#11648);
#10074=AXIS2_PLACEMENT_3D('',#16481,#11651,#11652);
#10075=AXIS2_PLACEMENT_3D('',#16484,#11655,#11656);
#10076=AXIS2_PLACEMENT_3D('',#16488,#11659,#11660);
#10077=AXIS2_PLACEMENT_3D('',#16490,#11662,#11663);
#10078=AXIS2_PLACEMENT_3D('',#16492,#11665,#11666);
#10079=AXIS2_PLACEMENT_3D('',#16494,#11668,#11669);
#10080=AXIS2_PLACEMENT_3D('',#16496,#11671,#11672);
#10081=AXIS2_PLACEMENT_3D('',#16502,#11676,#11677);
#10082=AXIS2_PLACEMENT_3D('',#16505,#11680,#11681);
#10083=AXIS2_PLACEMENT_3D('',#16509,#11684,#11685);
#10084=AXIS2_PLACEMENT_3D('',#16511,#11687,#11688);
#10085=AXIS2_PLACEMENT_3D('',#16513,#11690,#11691);
#10086=AXIS2_PLACEMENT_3D('',#16514,#11692,#11693);
#10087=AXIS2_PLACEMENT_3D('',#16515,#11694,#11695);
#10088=AXIS2_PLACEMENT_3D('',#16518,#11698,#11699);
#10089=AXIS2_PLACEMENT_3D('',#16524,#11703,#11704);
#10090=AXIS2_PLACEMENT_3D('',#16544,#11714,#11715);
#10091=AXIS2_PLACEMENT_3D('',#16547,#11717,#11718);
#10092=AXIS2_PLACEMENT_3D('',#16548,#11719,#11720);
#10093=AXIS2_PLACEMENT_3D('',#16551,#11722,#11723);
#10094=AXIS2_PLACEMENT_3D('',#16552,#11724,#11725);
#10095=AXIS2_PLACEMENT_3D('',#16556,#11728,#11729);
#10096=AXIS2_PLACEMENT_3D('',#16559,#11731,#11732);
#10097=AXIS2_PLACEMENT_3D('',#16560,#11733,#11734);
#10098=AXIS2_PLACEMENT_3D('',#16567,#11739,#11740);
#10099=AXIS2_PLACEMENT_3D('',#16568,#11741,#11742);
#10100=AXIS2_PLACEMENT_3D('',#16572,#11745,#11746);
#10101=AXIS2_PLACEMENT_3D('',#16576,#11749,#11750);
#10102=AXIS2_PLACEMENT_3D('',#16578,#11752,#11753);
#10103=AXIS2_PLACEMENT_3D('',#16584,#11757,#11758);
#10104=AXIS2_PLACEMENT_3D('',#16588,#11761,#11762);
#10105=AXIS2_PLACEMENT_3D('',#16592,#11765,#11766);
#10106=AXIS2_PLACEMENT_3D('',#16594,#11768,#11769);
#10107=AXIS2_PLACEMENT_3D('',#16595,#11770,#11771);
#10108=DIRECTION('axis',(0.,0.,1.));
#10109=DIRECTION('refdir',(1.,0.,0.));
#10110=DIRECTION('center_axis',(0.,0.,-1.));
#10111=DIRECTION('ref_axis',(-1.,0.,0.));
#10112=DIRECTION('center_axis',(0.,0.,-1.));
#10113=DIRECTION('ref_axis',(-1.,0.,0.));
#10114=DIRECTION('',(0.,0.,-1.));
#10115=DIRECTION('center_axis',(0.,0.,-1.));
#10116=DIRECTION('ref_axis',(-1.,0.,0.));
#10117=DIRECTION('center_axis',(0.,0.,1.));
#10118=DIRECTION('ref_axis',(-1.,0.,0.));
#10119=DIRECTION('center_axis',(0.,0.,1.));
#10120=DIRECTION('ref_axis',(-1.,0.,0.));
#10121=DIRECTION('',(0.,1.,0.));
#10122=DIRECTION('center_axis',(0.,0.,-1.));
#10123=DIRECTION('ref_axis',(-1.,0.,0.));
#10124=DIRECTION('center_axis',(0.,0.,-1.));
#10125=DIRECTION('ref_axis',(-1.,0.,0.));
#10126=DIRECTION('',(-1.,0.,0.));
#10127=DIRECTION('center_axis',(0.,0.,-1.));
#10128=DIRECTION('ref_axis',(-1.,0.,0.));
#10129=DIRECTION('center_axis',(0.,0.,-1.));
#10130=DIRECTION('ref_axis',(-1.,0.,0.));
#10131=DIRECTION('',(0.,0.,-1.));
#10132=DIRECTION('',(0.,0.,-1.));
#10133=DIRECTION('center_axis',(0.,0.866025403784439,0.5));
#10134=DIRECTION('ref_axis',(0.,0.5,-0.866025403784439));
#10135=DIRECTION('center_axis',(0.,0.,-1.));
#10136=DIRECTION('ref_axis',(-1.,0.,0.));
#10137=DIRECTION('center_axis',(0.,0.,-1.));
#10138=DIRECTION('ref_axis',(-1.,0.,0.));
#10139=DIRECTION('',(0.,0.,-1.));
#10140=DIRECTION('center_axis',(0.,0.,-1.));
#10141=DIRECTION('ref_axis',(-1.,0.,0.));
#10142=DIRECTION('center_axis',(0.,0.,1.));
#10143=DIRECTION('ref_axis',(-1.,0.,0.));
#10144=DIRECTION('center_axis',(0.,0.,-1.));
#10145=DIRECTION('ref_axis',(-1.,0.,0.));
#10146=DIRECTION('center_axis',(0.,0.,-1.));
#10147=DIRECTION('ref_axis',(-1.,0.,0.));
#10148=DIRECTION('',(0.,0.,-1.));
#10149=DIRECTION('center_axis',(0.,0.,-1.));
#10150=DIRECTION('ref_axis',(-1.,0.,0.));
#10151=DIRECTION('center_axis',(0.,0.,1.));
#10152=DIRECTION('ref_axis',(-1.,0.,0.));
#10153=DIRECTION('center_axis',(0.,0.866025403784439,0.5));
#10154=DIRECTION('ref_axis',(0.,-0.5,0.866025403784439));
#10155=DIRECTION('',(0.,-0.5,0.866025403784439));
#10156=DIRECTION('',(1.,0.,0.));
#10157=DIRECTION('center_axis',(0.,0.866025403784439,0.5));
#10158=DIRECTION('ref_axis',(-4.62592926927148E-17,-0.5,0.866025403784439));
#10159=DIRECTION('',(0.,-0.5,0.866025403784439));
#10160=DIRECTION('',(1.,0.,0.));
#10161=DIRECTION('',(0.,-0.5,0.866025403784439));
#10162=DIRECTION('center_axis',(0.,0.5,-0.866025403784439));
#10163=DIRECTION('ref_axis',(-1.,0.,0.));
#10164=DIRECTION('',(-1.,0.,0.));
#10165=DIRECTION('',(0.,-0.866025403784439,-0.5));
#10166=DIRECTION('',(1.,0.,0.));
#10167=DIRECTION('',(0.,-0.866025403784439,-0.5));
#10168=DIRECTION('center_axis',(0.,0.866025403784439,0.5));
#10169=DIRECTION('ref_axis',(0.,-0.5,0.866025403784439));
#10170=DIRECTION('',(0.,0.5,-0.866025403784439));
#10171=DIRECTION('',(0.,-0.5,0.866025403784439));
#10172=DIRECTION('',(1.,0.,0.));
#10173=DIRECTION('center_axis',(0.,0.866025403784439,0.5));
#10174=DIRECTION('ref_axis',(0.,-0.5,0.866025403784439));
#10175=DIRECTION('',(1.,0.,0.));
#10176=DIRECTION('',(0.,-0.5,0.866025403784439));
#10177=DIRECTION('',(1.,0.,0.));
#10178=DIRECTION('',(0.,-0.5,0.866025403784439));
#10179=DIRECTION('center_axis',(0.,-0.5,0.866025403784439));
#10180=DIRECTION('ref_axis',(1.,0.,0.));
#10181=DIRECTION('',(0.,0.866025403784439,0.5));
#10182=DIRECTION('',(1.,0.,0.));
#10183=DIRECTION('',(0.,-0.866025403784439,-0.5));
#10184=DIRECTION('center_axis',(-1.,0.,0.));
#10185=DIRECTION('ref_axis',(0.,0.,1.));
#10186=DIRECTION('',(0.,-1.,0.));
#10187=DIRECTION('center_axis',(0.,0.5,-0.866025403784439));
#10188=DIRECTION('ref_axis',(-1.,0.,0.));
#10189=DIRECTION('',(-1.,0.,0.));
#10190=DIRECTION('',(0.,-0.866025403784439,-0.5));
#10191=DIRECTION('',(1.,0.,0.));
#10192=DIRECTION('',(0.,-0.866025403784439,-0.5));
#10193=DIRECTION('center_axis',(0.,0.866025403784439,0.5));
#10194=DIRECTION('ref_axis',(0.,-0.5,0.866025403784439));
#10195=DIRECTION('',(0.,0.5,-0.866025403784439));
#10196=DIRECTION('',(0.,-0.5,0.866025403784439));
#10197=DIRECTION('',(1.,0.,0.));
#10198=DIRECTION('center_axis',(0.,0.866025403784439,0.5));
#10199=DIRECTION('ref_axis',(0.,-0.5,0.866025403784439));
#10200=DIRECTION('',(1.,0.,0.));
#10201=DIRECTION('',(0.,-0.5,0.866025403784439));
#10202=DIRECTION('',(1.,0.,0.));
#10203=DIRECTION('',(0.,-0.5,0.866025403784439));
#10204=DIRECTION('center_axis',(0.,-0.5,0.866025403784439));
#10205=DIRECTION('ref_axis',(1.,0.,0.));
#10206=DIRECTION('',(0.,0.866025403784439,0.5));
#10207=DIRECTION('',(1.,0.,0.));
#10208=DIRECTION('',(0.,-0.866025403784439,-0.5));
#10209=DIRECTION('center_axis',(-1.,0.,0.));
#10210=DIRECTION('ref_axis',(0.,0.,1.));
#10211=DIRECTION('',(0.,-1.,0.));
#10212=DIRECTION('center_axis',(0.,0.5,-0.866025403784439));
#10213=DIRECTION('ref_axis',(-1.,0.,0.));
#10214=DIRECTION('',(-1.,0.,0.));
#10215=DIRECTION('',(0.,-0.866025403784439,-0.5));
#10216=DIRECTION('',(1.,0.,0.));
#10217=DIRECTION('',(0.,-0.866025403784439,-0.5));
#10218=DIRECTION('center_axis',(0.,0.866025403784439,0.5));
#10219=DIRECTION('ref_axis',(0.,-0.5,0.866025403784439));
#10220=DIRECTION('',(0.,0.5,-0.866025403784439));
#10221=DIRECTION('',(0.,-0.5,0.866025403784439));
#10222=DIRECTION('',(1.,0.,0.));
#10223=DIRECTION('center_axis',(0.,0.866025403784439,0.5));
#10224=DIRECTION('ref_axis',(0.,-0.5,0.866025403784439));
#10225=DIRECTION('',(1.,0.,0.));
#10226=DIRECTION('',(0.,-0.5,0.866025403784439));
#10227=DIRECTION('',(1.,0.,0.));
#10228=DIRECTION('',(0.,-0.5,0.866025403784439));
#10229=DIRECTION('center_axis',(0.,-0.5,0.866025403784439));
#10230=DIRECTION('ref_axis',(1.,0.,0.));
#10231=DIRECTION('',(0.,0.866025403784439,0.5));
#10232=DIRECTION('',(1.,0.,0.));
#10233=DIRECTION('',(0.,-0.866025403784439,-0.5));
#10234=DIRECTION('center_axis',(-1.,0.,0.));
#10235=DIRECTION('ref_axis',(0.,0.,1.));
#10236=DIRECTION('',(0.,-1.,0.));
#10237=DIRECTION('center_axis',(0.,0.5,-0.866025403784439));
#10238=DIRECTION('ref_axis',(-1.,0.,0.));
#10239=DIRECTION('',(-1.,0.,0.));
#10240=DIRECTION('',(0.,-0.866025403784439,-0.5));
#10241=DIRECTION('',(1.,0.,0.));
#10242=DIRECTION('',(0.,-0.866025403784439,-0.5));
#10243=DIRECTION('center_axis',(0.,0.866025403784439,0.5));
#10244=DIRECTION('ref_axis',(0.,-0.5,0.866025403784439));
#10245=DIRECTION('',(0.,0.5,-0.866025403784439));
#10246=DIRECTION('',(0.,-0.5,0.866025403784439));
#10247=DIRECTION('',(1.,0.,0.));
#10248=DIRECTION('center_axis',(0.,0.866025403784439,0.5));
#10249=DIRECTION('ref_axis',(0.,-0.5,0.866025403784439));
#10250=DIRECTION('',(1.,0.,0.));
#10251=DIRECTION('',(0.,-0.5,0.866025403784439));
#10252=DIRECTION('',(1.,0.,0.));
#10253=DIRECTION('',(0.,-0.5,0.866025403784439));
#10254=DIRECTION('center_axis',(0.,-0.5,0.866025403784439));
#10255=DIRECTION('ref_axis',(1.,0.,0.));
#10256=DIRECTION('',(0.,0.866025403784439,0.5));
#10257=DIRECTION('',(1.,0.,0.));
#10258=DIRECTION('',(0.,-0.866025403784439,-0.5));
#10259=DIRECTION('center_axis',(-1.,0.,0.));
#10260=DIRECTION('ref_axis',(0.,0.,1.));
#10261=DIRECTION('',(0.,-1.,0.));
#10262=DIRECTION('center_axis',(0.,0.5,-0.866025403784439));
#10263=DIRECTION('ref_axis',(-1.,0.,0.));
#10264=DIRECTION('',(-1.,0.,0.));
#10265=DIRECTION('',(0.,-0.866025403784439,-0.5));
#10266=DIRECTION('',(1.,0.,0.));
#10267=DIRECTION('',(0.,-0.866025403784439,-0.5));
#10268=DIRECTION('center_axis',(0.,0.866025403784439,0.5));
#10269=DIRECTION('ref_axis',(0.,-0.5,0.866025403784439));
#10270=DIRECTION('',(0.,0.5,-0.866025403784439));
#10271=DIRECTION('',(0.,-0.5,0.866025403784439));
#10272=DIRECTION('',(1.,0.,0.));
#10273=DIRECTION('center_axis',(0.,0.866025403784439,0.5));
#10274=DIRECTION('ref_axis',(0.,-0.5,0.866025403784439));
#10275=DIRECTION('',(1.,0.,0.));
#10276=DIRECTION('',(0.,-0.5,0.866025403784439));
#10277=DIRECTION('',(1.,0.,0.));
#10278=DIRECTION('',(0.,-0.5,0.866025403784439));
#10279=DIRECTION('center_axis',(0.,-0.5,0.866025403784439));
#10280=DIRECTION('ref_axis',(1.,0.,0.));
#10281=DIRECTION('',(0.,0.866025403784439,0.5));
#10282=DIRECTION('',(1.,0.,0.));
#10283=DIRECTION('',(0.,-0.866025403784439,-0.5));
#10284=DIRECTION('center_axis',(-1.,0.,0.));
#10285=DIRECTION('ref_axis',(0.,0.,1.));
#10286=DIRECTION('',(0.,-1.,0.));
#10287=DIRECTION('center_axis',(0.,0.5,-0.866025403784439));
#10288=DIRECTION('ref_axis',(-1.,0.,0.));
#10289=DIRECTION('',(-1.,0.,0.));
#10290=DIRECTION('',(0.,-0.866025403784439,-0.5));
#10291=DIRECTION('',(1.,0.,0.));
#10292=DIRECTION('',(0.,-0.866025403784439,-0.5));
#10293=DIRECTION('center_axis',(0.,0.866025403784439,0.5));
#10294=DIRECTION('ref_axis',(0.,-0.5,0.866025403784439));
#10295=DIRECTION('',(0.,0.5,-0.866025403784439));
#10296=DIRECTION('',(0.,-0.5,0.866025403784439));
#10297=DIRECTION('',(1.,0.,0.));
#10298=DIRECTION('center_axis',(0.,0.866025403784439,0.5));
#10299=DIRECTION('ref_axis',(0.,-0.5,0.866025403784439));
#10300=DIRECTION('',(1.,0.,0.));
#10301=DIRECTION('',(0.,-0.5,0.866025403784439));
#10302=DIRECTION('',(1.,0.,0.));
#10303=DIRECTION('',(0.,-0.5,0.866025403784439));
#10304=DIRECTION('center_axis',(0.,-0.5,0.866025403784439));
#10305=DIRECTION('ref_axis',(1.,0.,0.));
#10306=DIRECTION('',(0.,0.866025403784439,0.5));
#10307=DIRECTION('',(1.,0.,0.));
#10308=DIRECTION('',(0.,-0.866025403784439,-0.5));
#10309=DIRECTION('center_axis',(-1.,0.,0.));
#10310=DIRECTION('ref_axis',(0.,0.,1.));
#10311=DIRECTION('',(0.,-1.,0.));
#10312=DIRECTION('center_axis',(0.,0.5,-0.866025403784439));
#10313=DIRECTION('ref_axis',(-1.,0.,0.));
#10314=DIRECTION('',(-1.,0.,0.));
#10315=DIRECTION('',(0.,-0.866025403784439,-0.5));
#10316=DIRECTION('',(1.,0.,0.));
#10317=DIRECTION('',(0.,-0.866025403784439,-0.5));
#10318=DIRECTION('center_axis',(0.,0.866025403784439,0.5));
#10319=DIRECTION('ref_axis',(0.,-0.5,0.866025403784439));
#10320=DIRECTION('',(0.,0.5,-0.866025403784439));
#10321=DIRECTION('',(0.,-0.5,0.866025403784439));
#10322=DIRECTION('',(1.,0.,0.));
#10323=DIRECTION('center_axis',(0.,0.866025403784439,0.5));
#10324=DIRECTION('ref_axis',(0.,-0.5,0.866025403784439));
#10325=DIRECTION('',(1.,0.,0.));
#10326=DIRECTION('',(0.,-0.5,0.866025403784439));
#10327=DIRECTION('',(1.,0.,0.));
#10328=DIRECTION('',(0.,-0.5,0.866025403784439));
#10329=DIRECTION('center_axis',(0.,-0.5,0.866025403784439));
#10330=DIRECTION('ref_axis',(1.,0.,0.));
#10331=DIRECTION('',(0.,0.866025403784439,0.5));
#10332=DIRECTION('',(1.,0.,0.));
#10333=DIRECTION('',(0.,-0.866025403784439,-0.5));
#10334=DIRECTION('center_axis',(-1.,0.,0.));
#10335=DIRECTION('ref_axis',(0.,0.,1.));
#10336=DIRECTION('',(0.,-1.,0.));
#10337=DIRECTION('center_axis',(0.,0.5,-0.866025403784439));
#10338=DIRECTION('ref_axis',(-1.,0.,0.));
#10339=DIRECTION('',(-1.,0.,0.));
#10340=DIRECTION('',(0.,-0.866025403784439,-0.5));
#10341=DIRECTION('',(1.,0.,0.));
#10342=DIRECTION('',(0.,-0.866025403784439,-0.5));
#10343=DIRECTION('center_axis',(0.,0.866025403784439,0.5));
#10344=DIRECTION('ref_axis',(0.,-0.5,0.866025403784439));
#10345=DIRECTION('',(0.,0.5,-0.866025403784439));
#10346=DIRECTION('',(0.,-0.5,0.866025403784439));
#10347=DIRECTION('',(1.,0.,0.));
#10348=DIRECTION('center_axis',(0.,0.866025403784439,0.5));
#10349=DIRECTION('ref_axis',(0.,-0.5,0.866025403784439));
#10350=DIRECTION('',(1.,0.,0.));
#10351=DIRECTION('',(0.,-0.5,0.866025403784439));
#10352=DIRECTION('',(1.,0.,0.));
#10353=DIRECTION('',(0.,-0.5,0.866025403784439));
#10354=DIRECTION('center_axis',(0.,-0.5,0.866025403784439));
#10355=DIRECTION('ref_axis',(1.,0.,0.));
#10356=DIRECTION('',(0.,0.866025403784439,0.5));
#10357=DIRECTION('',(1.,0.,0.));
#10358=DIRECTION('',(0.,-0.866025403784439,-0.5));
#10359=DIRECTION('center_axis',(-1.,0.,0.));
#10360=DIRECTION('ref_axis',(0.,0.,1.));
#10361=DIRECTION('',(0.,-1.,0.));
#10362=DIRECTION('center_axis',(0.,0.5,-0.866025403784439));
#10363=DIRECTION('ref_axis',(-1.,0.,0.));
#10364=DIRECTION('',(-1.,0.,0.));
#10365=DIRECTION('',(0.,-0.866025403784439,-0.5));
#10366=DIRECTION('',(1.,0.,0.));
#10367=DIRECTION('',(0.,-0.866025403784439,-0.5));
#10368=DIRECTION('center_axis',(0.,0.866025403784439,0.5));
#10369=DIRECTION('ref_axis',(0.,-0.5,0.866025403784439));
#10370=DIRECTION('',(0.,0.5,-0.866025403784439));
#10371=DIRECTION('',(0.,-0.5,0.866025403784439));
#10372=DIRECTION('',(1.,0.,0.));
#10373=DIRECTION('center_axis',(0.,0.866025403784439,0.5));
#10374=DIRECTION('ref_axis',(0.,-0.5,0.866025403784439));
#10375=DIRECTION('',(1.,0.,0.));
#10376=DIRECTION('',(0.,-0.5,0.866025403784439));
#10377=DIRECTION('',(1.,0.,0.));
#10378=DIRECTION('',(0.,-0.5,0.866025403784439));
#10379=DIRECTION('center_axis',(0.,-0.5,0.866025403784439));
#10380=DIRECTION('ref_axis',(1.,0.,0.));
#10381=DIRECTION('',(0.,0.866025403784439,0.5));
#10382=DIRECTION('',(1.,0.,0.));
#10383=DIRECTION('',(0.,-0.866025403784439,-0.5));
#10384=DIRECTION('center_axis',(-1.,0.,0.));
#10385=DIRECTION('ref_axis',(0.,0.,1.));
#10386=DIRECTION('',(0.,-1.,0.));
#10387=DIRECTION('center_axis',(0.,0.5,-0.866025403784439));
#10388=DIRECTION('ref_axis',(-1.,0.,0.));
#10389=DIRECTION('',(-1.,0.,0.));
#10390=DIRECTION('',(0.,-0.866025403784439,-0.5));
#10391=DIRECTION('',(1.,0.,0.));
#10392=DIRECTION('',(0.,-0.866025403784439,-0.5));
#10393=DIRECTION('center_axis',(0.,0.866025403784439,0.5));
#10394=DIRECTION('ref_axis',(0.,-0.5,0.866025403784439));
#10395=DIRECTION('',(0.,0.5,-0.866025403784439));
#10396=DIRECTION('',(0.,-0.5,0.866025403784439));
#10397=DIRECTION('',(1.,0.,0.));
#10398=DIRECTION('center_axis',(0.,0.866025403784439,0.5));
#10399=DIRECTION('ref_axis',(0.,-0.5,0.866025403784439));
#10400=DIRECTION('',(1.,0.,0.));
#10401=DIRECTION('',(0.,-0.5,0.866025403784439));
#10402=DIRECTION('',(1.,0.,0.));
#10403=DIRECTION('',(0.,-0.5,0.866025403784439));
#10404=DIRECTION('center_axis',(0.,-0.5,0.866025403784439));
#10405=DIRECTION('ref_axis',(1.,0.,0.));
#10406=DIRECTION('',(0.,0.866025403784439,0.5));
#10407=DIRECTION('',(1.,0.,0.));
#10408=DIRECTION('',(0.,-0.866025403784439,-0.5));
#10409=DIRECTION('center_axis',(-1.,0.,0.));
#10410=DIRECTION('ref_axis',(0.,0.,1.));
#10411=DIRECTION('',(0.,-1.,0.));
#10412=DIRECTION('center_axis',(0.,0.5,-0.866025403784439));
#10413=DIRECTION('ref_axis',(-1.,0.,0.));
#10414=DIRECTION('',(-1.,0.,0.));
#10415=DIRECTION('',(0.,-0.866025403784439,-0.5));
#10416=DIRECTION('',(1.,0.,0.));
#10417=DIRECTION('',(0.,-0.866025403784439,-0.5));
#10418=DIRECTION('center_axis',(0.,0.866025403784439,0.5));
#10419=DIRECTION('ref_axis',(0.,-0.5,0.866025403784439));
#10420=DIRECTION('',(0.,0.5,-0.866025403784439));
#10421=DIRECTION('',(0.,-0.5,0.866025403784439));
#10422=DIRECTION('',(1.,0.,0.));
#10423=DIRECTION('center_axis',(0.,0.866025403784439,0.5));
#10424=DIRECTION('ref_axis',(0.,-0.5,0.866025403784439));
#10425=DIRECTION('',(1.,0.,0.));
#10426=DIRECTION('',(0.,-0.5,0.866025403784439));
#10427=DIRECTION('',(1.,0.,0.));
#10428=DIRECTION('',(0.,-0.5,0.866025403784439));
#10429=DIRECTION('center_axis',(0.,-0.5,0.866025403784439));
#10430=DIRECTION('ref_axis',(1.,0.,0.));
#10431=DIRECTION('',(0.,0.866025403784439,0.5));
#10432=DIRECTION('',(1.,0.,0.));
#10433=DIRECTION('',(0.,-0.866025403784439,-0.5));
#10434=DIRECTION('center_axis',(-1.,0.,0.));
#10435=DIRECTION('ref_axis',(0.,0.,1.));
#10436=DIRECTION('',(0.,-1.,0.));
#10437=DIRECTION('center_axis',(0.,0.5,-0.866025403784439));
#10438=DIRECTION('ref_axis',(-1.,0.,0.));
#10439=DIRECTION('',(-1.,0.,0.));
#10440=DIRECTION('',(0.,-0.866025403784439,-0.5));
#10441=DIRECTION('',(1.,0.,0.));
#10442=DIRECTION('',(0.,-0.866025403784439,-0.5));
#10443=DIRECTION('center_axis',(0.,0.866025403784439,0.5));
#10444=DIRECTION('ref_axis',(0.,-0.5,0.866025403784439));
#10445=DIRECTION('',(0.,0.5,-0.866025403784439));
#10446=DIRECTION('',(0.,-0.5,0.866025403784439));
#10447=DIRECTION('',(1.,0.,0.));
#10448=DIRECTION('center_axis',(0.,0.866025403784439,0.5));
#10449=DIRECTION('ref_axis',(0.,-0.5,0.866025403784439));
#10450=DIRECTION('',(1.,0.,0.));
#10451=DIRECTION('',(0.,-0.5,0.866025403784439));
#10452=DIRECTION('',(1.,0.,0.));
#10453=DIRECTION('',(0.,-0.5,0.866025403784439));
#10454=DIRECTION('center_axis',(0.,-0.5,0.866025403784439));
#10455=DIRECTION('ref_axis',(1.,0.,0.));
#10456=DIRECTION('',(0.,0.866025403784439,0.5));
#10457=DIRECTION('',(1.,0.,0.));
#10458=DIRECTION('',(0.,-0.866025403784439,-0.5));
#10459=DIRECTION('center_axis',(-1.,0.,0.));
#10460=DIRECTION('ref_axis',(0.,0.,1.));
#10461=DIRECTION('',(0.,-1.,0.));
#10462=DIRECTION('center_axis',(0.,0.5,-0.866025403784439));
#10463=DIRECTION('ref_axis',(-1.,0.,0.));
#10464=DIRECTION('',(-1.,0.,0.));
#10465=DIRECTION('',(0.,-0.866025403784439,-0.5));
#10466=DIRECTION('',(1.,0.,0.));
#10467=DIRECTION('',(0.,-0.866025403784439,-0.5));
#10468=DIRECTION('center_axis',(0.,0.866025403784439,0.5));
#10469=DIRECTION('ref_axis',(0.,-0.5,0.866025403784439));
#10470=DIRECTION('',(0.,0.5,-0.866025403784439));
#10471=DIRECTION('',(0.,-0.5,0.866025403784439));
#10472=DIRECTION('',(1.,0.,0.));
#10473=DIRECTION('center_axis',(0.,0.866025403784439,0.5));
#10474=DIRECTION('ref_axis',(0.,-0.5,0.866025403784439));
#10475=DIRECTION('',(1.,0.,0.));
#10476=DIRECTION('',(0.,-0.5,0.866025403784439));
#10477=DIRECTION('',(1.,0.,0.));
#10478=DIRECTION('',(0.,-0.5,0.866025403784439));
#10479=DIRECTION('center_axis',(0.,-0.5,0.866025403784439));
#10480=DIRECTION('ref_axis',(1.,0.,0.));
#10481=DIRECTION('',(0.,0.866025403784439,0.5));
#10482=DIRECTION('',(1.,0.,0.));
#10483=DIRECTION('',(0.,-0.866025403784439,-0.5));
#10484=DIRECTION('center_axis',(-1.,0.,0.));
#10485=DIRECTION('ref_axis',(0.,0.,1.));
#10486=DIRECTION('',(0.,-1.,0.));
#10487=DIRECTION('center_axis',(0.,0.5,-0.866025403784439));
#10488=DIRECTION('ref_axis',(-1.,0.,0.));
#10489=DIRECTION('',(-1.,0.,0.));
#10490=DIRECTION('',(0.,-0.866025403784439,-0.5));
#10491=DIRECTION('',(1.,0.,0.));
#10492=DIRECTION('',(0.,-0.866025403784439,-0.5));
#10493=DIRECTION('center_axis',(0.,0.866025403784439,0.5));
#10494=DIRECTION('ref_axis',(0.,-0.5,0.866025403784439));
#10495=DIRECTION('',(0.,0.5,-0.866025403784439));
#10496=DIRECTION('',(0.,-0.5,0.866025403784439));
#10497=DIRECTION('',(1.,0.,0.));
#10498=DIRECTION('center_axis',(0.,0.866025403784439,0.5));
#10499=DIRECTION('ref_axis',(0.,-0.5,0.866025403784439));
#10500=DIRECTION('',(1.,0.,0.));
#10501=DIRECTION('',(0.,-0.5,0.866025403784439));
#10502=DIRECTION('',(1.,0.,0.));
#10503=DIRECTION('',(0.,-0.5,0.866025403784439));
#10504=DIRECTION('center_axis',(0.,-0.5,0.866025403784439));
#10505=DIRECTION('ref_axis',(1.,0.,0.));
#10506=DIRECTION('',(0.,0.866025403784439,0.5));
#10507=DIRECTION('',(1.,0.,0.));
#10508=DIRECTION('',(0.,-0.866025403784439,-0.5));
#10509=DIRECTION('center_axis',(-1.,0.,0.));
#10510=DIRECTION('ref_axis',(0.,0.,1.));
#10511=DIRECTION('',(0.,-1.,0.));
#10512=DIRECTION('center_axis',(0.,0.866025403784439,0.5));
#10513=DIRECTION('ref_axis',(0.,-0.5,0.866025403784439));
#10514=DIRECTION('center_axis',(0.,-0.866025403784439,-0.5));
#10515=DIRECTION('ref_axis',(-4.62592926927148E-17,-0.5,0.866025403784439));
#10516=DIRECTION('',(1.,0.,0.));
#10517=DIRECTION('',(0.,-0.5,0.866025403784439));
#10518=DIRECTION('',(1.,0.,0.));
#10519=DIRECTION('',(0.,0.5,-0.866025403784439));
#10520=DIRECTION('center_axis',(0.,-0.5,0.866025403784439));
#10521=DIRECTION('ref_axis',(1.,0.,0.));
#10522=DIRECTION('',(0.,0.866025403784439,0.5));
#10523=DIRECTION('',(1.,0.,0.));
#10524=DIRECTION('',(0.,-0.866025403784439,-0.5));
#10525=DIRECTION('center_axis',(-1.,0.,0.));
#10526=DIRECTION('ref_axis',(0.,0.,1.));
#10527=DIRECTION('',(0.,-0.866025403784439,-0.5));
#10528=DIRECTION('',(0.,-1.,0.));
#10529=DIRECTION('center_axis',(0.,0.5,-0.866025403784439));
#10530=DIRECTION('ref_axis',(-1.,0.,0.));
#10531=DIRECTION('center_axis',(0.,-0.5,0.866025403784439));
#10532=DIRECTION('ref_axis',(-8.01234452659818E-17,-0.866025403784439,-0.5));
#10533=DIRECTION('',(-1.,0.,0.));
#10534=DIRECTION('center_axis',(0.,0.5,-0.866025403784439));
#10535=DIRECTION('ref_axis',(-1.,0.,0.));
#10536=DIRECTION('',(-1.,0.,0.));
#10537=DIRECTION('',(0.,-0.866025403784439,-0.5));
#10538=DIRECTION('',(1.,0.,0.));
#10539=DIRECTION('',(0.,-0.866025403784439,-0.5));
#10540=DIRECTION('center_axis',(0.,0.866025403784439,0.5));
#10541=DIRECTION('ref_axis',(0.,-0.5,0.866025403784439));
#10542=DIRECTION('',(0.,0.5,-0.866025403784439));
#10543=DIRECTION('',(0.,-0.5,0.866025403784439));
#10544=DIRECTION('',(1.,0.,0.));
#10545=DIRECTION('center_axis',(0.,0.866025403784439,0.5));
#10546=DIRECTION('ref_axis',(0.,-0.5,0.866025403784439));
#10547=DIRECTION('',(1.,0.,0.));
#10548=DIRECTION('',(0.,-0.5,0.866025403784439));
#10549=DIRECTION('',(1.,0.,0.));
#10550=DIRECTION('',(0.,-0.5,0.866025403784439));
#10551=DIRECTION('center_axis',(0.,-0.5,0.866025403784439));
#10552=DIRECTION('ref_axis',(1.,0.,0.));
#10553=DIRECTION('',(0.,0.866025403784439,0.5));
#10554=DIRECTION('',(1.,0.,0.));
#10555=DIRECTION('',(0.,-0.866025403784439,-0.5));
#10556=DIRECTION('center_axis',(-1.,0.,0.));
#10557=DIRECTION('ref_axis',(0.,0.,1.));
#10558=DIRECTION('',(0.,-1.,0.));
#10559=DIRECTION('center_axis',(0.,0.5,-0.866025403784439));
#10560=DIRECTION('ref_axis',(-1.,0.,0.));
#10561=DIRECTION('',(-1.,0.,0.));
#10562=DIRECTION('',(0.,-0.866025403784439,-0.5));
#10563=DIRECTION('',(1.,0.,0.));
#10564=DIRECTION('',(0.,-0.866025403784439,-0.5));
#10565=DIRECTION('center_axis',(0.,0.866025403784439,0.5));
#10566=DIRECTION('ref_axis',(0.,-0.5,0.866025403784439));
#10567=DIRECTION('',(0.,0.5,-0.866025403784439));
#10568=DIRECTION('',(0.,-0.5,0.866025403784439));
#10569=DIRECTION('',(1.,0.,0.));
#10570=DIRECTION('center_axis',(0.,0.866025403784439,0.5));
#10571=DIRECTION('ref_axis',(0.,-0.5,0.866025403784439));
#10572=DIRECTION('',(1.,0.,0.));
#10573=DIRECTION('',(0.,-0.5,0.866025403784439));
#10574=DIRECTION('',(1.,0.,0.));
#10575=DIRECTION('',(0.,-0.5,0.866025403784439));
#10576=DIRECTION('center_axis',(0.,-0.5,0.866025403784439));
#10577=DIRECTION('ref_axis',(1.,0.,0.));
#10578=DIRECTION('',(0.,0.866025403784439,0.5));
#10579=DIRECTION('',(1.,0.,0.));
#10580=DIRECTION('',(0.,-0.866025403784439,-0.5));
#10581=DIRECTION('center_axis',(-1.,0.,0.));
#10582=DIRECTION('ref_axis',(0.,0.,1.));
#10583=DIRECTION('',(0.,-1.,0.));
#10584=DIRECTION('center_axis',(0.,0.5,-0.866025403784439));
#10585=DIRECTION('ref_axis',(-1.,0.,0.));
#10586=DIRECTION('',(-1.,0.,0.));
#10587=DIRECTION('',(0.,-0.866025403784439,-0.5));
#10588=DIRECTION('',(1.,0.,0.));
#10589=DIRECTION('',(0.,-0.866025403784439,-0.5));
#10590=DIRECTION('center_axis',(0.,0.866025403784439,0.5));
#10591=DIRECTION('ref_axis',(0.,-0.5,0.866025403784439));
#10592=DIRECTION('',(0.,0.5,-0.866025403784439));
#10593=DIRECTION('',(0.,-0.5,0.866025403784439));
#10594=DIRECTION('',(1.,0.,0.));
#10595=DIRECTION('center_axis',(0.,0.866025403784439,0.5));
#10596=DIRECTION('ref_axis',(0.,-0.5,0.866025403784439));
#10597=DIRECTION('',(1.,0.,0.));
#10598=DIRECTION('',(0.,-0.5,0.866025403784439));
#10599=DIRECTION('',(1.,0.,0.));
#10600=DIRECTION('',(0.,-0.5,0.866025403784439));
#10601=DIRECTION('center_axis',(0.,-0.5,0.866025403784439));
#10602=DIRECTION('ref_axis',(1.,0.,0.));
#10603=DIRECTION('',(0.,0.866025403784439,0.5));
#10604=DIRECTION('',(1.,0.,0.));
#10605=DIRECTION('',(0.,-0.866025403784439,-0.5));
#10606=DIRECTION('center_axis',(-1.,0.,0.));
#10607=DIRECTION('ref_axis',(0.,0.,1.));
#10608=DIRECTION('',(0.,-1.,0.));
#10609=DIRECTION('center_axis',(0.,0.5,-0.866025403784439));
#10610=DIRECTION('ref_axis',(-1.,0.,0.));
#10611=DIRECTION('',(-1.,0.,0.));
#10612=DIRECTION('',(0.,-0.866025403784439,-0.5));
#10613=DIRECTION('',(1.,0.,0.));
#10614=DIRECTION('',(0.,-0.866025403784439,-0.5));
#10615=DIRECTION('center_axis',(0.,0.866025403784439,0.5));
#10616=DIRECTION('ref_axis',(0.,-0.5,0.866025403784439));
#10617=DIRECTION('',(0.,0.5,-0.866025403784439));
#10618=DIRECTION('',(0.,-0.5,0.866025403784439));
#10619=DIRECTION('',(1.,0.,0.));
#10620=DIRECTION('center_axis',(0.,0.866025403784439,0.5));
#10621=DIRECTION('ref_axis',(0.,-0.5,0.866025403784439));
#10622=DIRECTION('',(1.,0.,0.));
#10623=DIRECTION('',(0.,-0.5,0.866025403784439));
#10624=DIRECTION('',(1.,0.,0.));
#10625=DIRECTION('',(0.,-0.5,0.866025403784439));
#10626=DIRECTION('center_axis',(0.,-0.5,0.866025403784439));
#10627=DIRECTION('ref_axis',(1.,0.,0.));
#10628=DIRECTION('',(0.,0.866025403784439,0.5));
#10629=DIRECTION('',(1.,0.,0.));
#10630=DIRECTION('',(0.,-0.866025403784439,-0.5));
#10631=DIRECTION('center_axis',(-1.,0.,0.));
#10632=DIRECTION('ref_axis',(0.,0.,1.));
#10633=DIRECTION('',(0.,-1.,0.));
#10634=DIRECTION('center_axis',(0.,0.5,-0.866025403784439));
#10635=DIRECTION('ref_axis',(-1.,0.,0.));
#10636=DIRECTION('',(-1.,0.,0.));
#10637=DIRECTION('',(0.,-0.866025403784439,-0.5));
#10638=DIRECTION('',(1.,0.,0.));
#10639=DIRECTION('',(0.,-0.866025403784439,-0.5));
#10640=DIRECTION('center_axis',(0.,0.866025403784439,0.5));
#10641=DIRECTION('ref_axis',(0.,-0.5,0.866025403784439));
#10642=DIRECTION('',(0.,0.5,-0.866025403784439));
#10643=DIRECTION('',(0.,-0.5,0.866025403784439));
#10644=DIRECTION('',(1.,0.,0.));
#10645=DIRECTION('center_axis',(0.,0.866025403784439,0.5));
#10646=DIRECTION('ref_axis',(0.,-0.5,0.866025403784439));
#10647=DIRECTION('',(1.,0.,0.));
#10648=DIRECTION('',(0.,-0.5,0.866025403784439));
#10649=DIRECTION('',(1.,0.,0.));
#10650=DIRECTION('',(0.,-0.5,0.866025403784439));
#10651=DIRECTION('center_axis',(0.,-0.5,0.866025403784439));
#10652=DIRECTION('ref_axis',(1.,0.,0.));
#10653=DIRECTION('',(0.,0.866025403784439,0.5));
#10654=DIRECTION('',(1.,0.,0.));
#10655=DIRECTION('',(0.,-0.866025403784439,-0.5));
#10656=DIRECTION('center_axis',(-1.,0.,0.));
#10657=DIRECTION('ref_axis',(0.,0.,1.));
#10658=DIRECTION('',(0.,-1.,0.));
#10659=DIRECTION('center_axis',(0.,0.5,-0.866025403784439));
#10660=DIRECTION('ref_axis',(-1.,0.,0.));
#10661=DIRECTION('',(-1.,0.,0.));
#10662=DIRECTION('',(0.,-0.866025403784439,-0.5));
#10663=DIRECTION('',(1.,0.,0.));
#10664=DIRECTION('',(0.,-0.866025403784439,-0.5));
#10665=DIRECTION('center_axis',(0.,0.866025403784439,0.5));
#10666=DIRECTION('ref_axis',(0.,-0.5,0.866025403784439));
#10667=DIRECTION('',(0.,0.5,-0.866025403784439));
#10668=DIRECTION('',(0.,-0.5,0.866025403784439));
#10669=DIRECTION('',(1.,0.,0.));
#10670=DIRECTION('center_axis',(0.,0.866025403784439,0.5));
#10671=DIRECTION('ref_axis',(0.,-0.5,0.866025403784439));
#10672=DIRECTION('',(1.,0.,0.));
#10673=DIRECTION('',(0.,-0.5,0.866025403784439));
#10674=DIRECTION('',(1.,0.,0.));
#10675=DIRECTION('',(0.,-0.5,0.866025403784439));
#10676=DIRECTION('center_axis',(0.,-0.5,0.866025403784439));
#10677=DIRECTION('ref_axis',(1.,0.,0.));
#10678=DIRECTION('',(0.,0.866025403784439,0.5));
#10679=DIRECTION('',(1.,0.,0.));
#10680=DIRECTION('',(0.,-0.866025403784439,-0.5));
#10681=DIRECTION('center_axis',(-1.,0.,0.));
#10682=DIRECTION('ref_axis',(0.,0.,1.));
#10683=DIRECTION('',(0.,-1.,0.));
#10684=DIRECTION('center_axis',(0.,0.5,-0.866025403784439));
#10685=DIRECTION('ref_axis',(-1.,0.,0.));
#10686=DIRECTION('',(-1.,0.,0.));
#10687=DIRECTION('',(0.,-0.866025403784439,-0.5));
#10688=DIRECTION('',(1.,0.,0.));
#10689=DIRECTION('',(0.,-0.866025403784439,-0.5));
#10690=DIRECTION('center_axis',(0.,0.866025403784439,0.5));
#10691=DIRECTION('ref_axis',(0.,-0.5,0.866025403784439));
#10692=DIRECTION('',(0.,0.5,-0.866025403784439));
#10693=DIRECTION('',(0.,-0.5,0.866025403784439));
#10694=DIRECTION('',(1.,0.,0.));
#10695=DIRECTION('center_axis',(0.,0.866025403784439,0.5));
#10696=DIRECTION('ref_axis',(0.,-0.5,0.866025403784439));
#10697=DIRECTION('',(1.,0.,0.));
#10698=DIRECTION('',(0.,-0.5,0.866025403784439));
#10699=DIRECTION('',(1.,0.,0.));
#10700=DIRECTION('',(0.,-0.5,0.866025403784439));
#10701=DIRECTION('center_axis',(0.,-0.5,0.866025403784439));
#10702=DIRECTION('ref_axis',(1.,0.,0.));
#10703=DIRECTION('',(0.,0.866025403784439,0.5));
#10704=DIRECTION('',(1.,0.,0.));
#10705=DIRECTION('',(0.,-0.866025403784439,-0.5));
#10706=DIRECTION('center_axis',(-1.,0.,0.));
#10707=DIRECTION('ref_axis',(0.,0.,1.));
#10708=DIRECTION('',(0.,-1.,0.));
#10709=DIRECTION('center_axis',(0.,0.5,-0.866025403784439));
#10710=DIRECTION('ref_axis',(-1.,0.,0.));
#10711=DIRECTION('',(-1.,0.,0.));
#10712=DIRECTION('',(0.,-0.866025403784439,-0.5));
#10713=DIRECTION('',(1.,0.,0.));
#10714=DIRECTION('',(0.,-0.866025403784439,-0.5));
#10715=DIRECTION('center_axis',(0.,0.866025403784439,0.5));
#10716=DIRECTION('ref_axis',(0.,-0.5,0.866025403784439));
#10717=DIRECTION('',(0.,0.5,-0.866025403784439));
#10718=DIRECTION('',(0.,-0.5,0.866025403784439));
#10719=DIRECTION('',(1.,0.,0.));
#10720=DIRECTION('center_axis',(0.,0.866025403784439,0.5));
#10721=DIRECTION('ref_axis',(0.,-0.5,0.866025403784439));
#10722=DIRECTION('',(1.,0.,0.));
#10723=DIRECTION('',(0.,-0.5,0.866025403784439));
#10724=DIRECTION('',(1.,0.,0.));
#10725=DIRECTION('',(0.,-0.5,0.866025403784439));
#10726=DIRECTION('center_axis',(0.,-0.5,0.866025403784439));
#10727=DIRECTION('ref_axis',(1.,0.,0.));
#10728=DIRECTION('',(0.,0.866025403784439,0.5));
#10729=DIRECTION('',(1.,0.,0.));
#10730=DIRECTION('',(0.,-0.866025403784439,-0.5));
#10731=DIRECTION('center_axis',(-1.,0.,0.));
#10732=DIRECTION('ref_axis',(0.,0.,1.));
#10733=DIRECTION('',(0.,-1.,0.));
#10734=DIRECTION('center_axis',(0.,0.5,-0.866025403784439));
#10735=DIRECTION('ref_axis',(-1.,0.,0.));
#10736=DIRECTION('',(-1.,0.,0.));
#10737=DIRECTION('',(0.,-0.866025403784439,-0.5));
#10738=DIRECTION('',(1.,0.,0.));
#10739=DIRECTION('',(0.,-0.866025403784439,-0.5));
#10740=DIRECTION('center_axis',(0.,0.866025403784439,0.5));
#10741=DIRECTION('ref_axis',(0.,-0.5,0.866025403784439));
#10742=DIRECTION('',(0.,0.5,-0.866025403784439));
#10743=DIRECTION('',(0.,-0.5,0.866025403784439));
#10744=DIRECTION('',(1.,0.,0.));
#10745=DIRECTION('center_axis',(0.,0.866025403784439,0.5));
#10746=DIRECTION('ref_axis',(0.,-0.5,0.866025403784439));
#10747=DIRECTION('',(1.,0.,0.));
#10748=DIRECTION('',(0.,-0.5,0.866025403784439));
#10749=DIRECTION('',(1.,0.,0.));
#10750=DIRECTION('',(0.,-0.5,0.866025403784439));
#10751=DIRECTION('center_axis',(0.,-0.5,0.866025403784439));
#10752=DIRECTION('ref_axis',(1.,0.,0.));
#10753=DIRECTION('',(0.,0.866025403784439,0.5));
#10754=DIRECTION('',(1.,0.,0.));
#10755=DIRECTION('',(0.,-0.866025403784439,-0.5));
#10756=DIRECTION('center_axis',(-1.,0.,0.));
#10757=DIRECTION('ref_axis',(0.,0.,1.));
#10758=DIRECTION('',(0.,-1.,0.));
#10759=DIRECTION('center_axis',(0.,0.5,-0.866025403784439));
#10760=DIRECTION('ref_axis',(-1.,0.,0.));
#10761=DIRECTION('',(-1.,0.,0.));
#10762=DIRECTION('',(0.,-0.866025403784439,-0.5));
#10763=DIRECTION('',(1.,0.,0.));
#10764=DIRECTION('',(0.,-0.866025403784439,-0.5));
#10765=DIRECTION('center_axis',(0.,0.866025403784439,0.5));
#10766=DIRECTION('ref_axis',(0.,-0.5,0.866025403784439));
#10767=DIRECTION('',(0.,0.5,-0.866025403784439));
#10768=DIRECTION('',(0.,-0.5,0.866025403784439));
#10769=DIRECTION('',(1.,0.,0.));
#10770=DIRECTION('center_axis',(0.,0.866025403784439,0.5));
#10771=DIRECTION('ref_axis',(0.,-0.5,0.866025403784439));
#10772=DIRECTION('',(1.,0.,0.));
#10773=DIRECTION('',(0.,-0.5,0.866025403784439));
#10774=DIRECTION('',(1.,0.,0.));
#10775=DIRECTION('',(0.,-0.5,0.866025403784439));
#10776=DIRECTION('center_axis',(0.,-0.5,0.866025403784439));
#10777=DIRECTION('ref_axis',(1.,0.,0.));
#10778=DIRECTION('',(0.,0.866025403784439,0.5));
#10779=DIRECTION('',(1.,0.,0.));
#10780=DIRECTION('',(0.,-0.866025403784439,-0.5));
#10781=DIRECTION('center_axis',(-1.,0.,0.));
#10782=DIRECTION('ref_axis',(0.,0.,1.));
#10783=DIRECTION('',(0.,-1.,0.));
#10784=DIRECTION('center_axis',(0.,0.5,-0.866025403784439));
#10785=DIRECTION('ref_axis',(-1.,0.,0.));
#10786=DIRECTION('',(-1.,0.,0.));
#10787=DIRECTION('',(0.,-0.866025403784439,-0.5));
#10788=DIRECTION('',(1.,0.,0.));
#10789=DIRECTION('',(0.,-0.866025403784439,-0.5));
#10790=DIRECTION('center_axis',(0.,0.866025403784439,0.5));
#10791=DIRECTION('ref_axis',(0.,-0.5,0.866025403784439));
#10792=DIRECTION('',(0.,0.5,-0.866025403784439));
#10793=DIRECTION('',(0.,-0.5,0.866025403784439));
#10794=DIRECTION('',(1.,0.,0.));
#10795=DIRECTION('center_axis',(0.,0.866025403784439,0.5));
#10796=DIRECTION('ref_axis',(0.,-0.5,0.866025403784439));
#10797=DIRECTION('',(1.,0.,0.));
#10798=DIRECTION('',(0.,-0.5,0.866025403784439));
#10799=DIRECTION('',(1.,0.,0.));
#10800=DIRECTION('',(0.,-0.5,0.866025403784439));
#10801=DIRECTION('center_axis',(0.,-0.5,0.866025403784439));
#10802=DIRECTION('ref_axis',(1.,0.,0.));
#10803=DIRECTION('',(0.,0.866025403784439,0.5));
#10804=DIRECTION('',(1.,0.,0.));
#10805=DIRECTION('',(0.,-0.866025403784439,-0.5));
#10806=DIRECTION('center_axis',(-1.,0.,0.));
#10807=DIRECTION('ref_axis',(0.,0.,1.));
#10808=DIRECTION('',(0.,-1.,0.));
#10809=DIRECTION('center_axis',(0.,0.5,-0.866025403784439));
#10810=DIRECTION('ref_axis',(-1.,0.,0.));
#10811=DIRECTION('',(-1.,0.,0.));
#10812=DIRECTION('',(0.,-0.866025403784439,-0.5));
#10813=DIRECTION('',(1.,0.,0.));
#10814=DIRECTION('',(0.,-0.866025403784439,-0.5));
#10815=DIRECTION('center_axis',(0.,0.866025403784439,0.5));
#10816=DIRECTION('ref_axis',(0.,-0.5,0.866025403784439));
#10817=DIRECTION('',(0.,0.5,-0.866025403784439));
#10818=DIRECTION('',(0.,-0.5,0.866025403784439));
#10819=DIRECTION('',(1.,0.,0.));
#10820=DIRECTION('center_axis',(0.,0.866025403784439,0.5));
#10821=DIRECTION('ref_axis',(0.,-0.5,0.866025403784439));
#10822=DIRECTION('',(1.,0.,0.));
#10823=DIRECTION('',(0.,-0.5,0.866025403784439));
#10824=DIRECTION('',(1.,0.,0.));
#10825=DIRECTION('',(0.,-0.5,0.866025403784439));
#10826=DIRECTION('center_axis',(0.,-0.5,0.866025403784439));
#10827=DIRECTION('ref_axis',(1.,0.,0.));
#10828=DIRECTION('',(0.,0.866025403784439,0.5));
#10829=DIRECTION('',(1.,0.,0.));
#10830=DIRECTION('',(0.,-0.866025403784439,-0.5));
#10831=DIRECTION('center_axis',(-1.,0.,0.));
#10832=DIRECTION('ref_axis',(0.,0.,1.));
#10833=DIRECTION('',(0.,-1.,0.));
#10834=DIRECTION('center_axis',(0.,0.5,-0.866025403784439));
#10835=DIRECTION('ref_axis',(-1.,0.,0.));
#10836=DIRECTION('',(-1.,0.,0.));
#10837=DIRECTION('',(0.,-0.866025403784439,-0.5));
#10838=DIRECTION('',(1.,0.,0.));
#10839=DIRECTION('',(0.,-0.866025403784439,-0.5));
#10840=DIRECTION('center_axis',(0.,0.866025403784439,0.5));
#10841=DIRECTION('ref_axis',(0.,-0.5,0.866025403784439));
#10842=DIRECTION('',(0.,0.5,-0.866025403784439));
#10843=DIRECTION('',(0.,-0.5,0.866025403784439));
#10844=DIRECTION('',(1.,0.,0.));
#10845=DIRECTION('center_axis',(0.,0.866025403784439,0.5));
#10846=DIRECTION('ref_axis',(0.,-0.5,0.866025403784439));
#10847=DIRECTION('',(1.,0.,0.));
#10848=DIRECTION('',(0.,-0.5,0.866025403784439));
#10849=DIRECTION('',(1.,0.,0.));
#10850=DIRECTION('',(0.,-0.5,0.866025403784439));
#10851=DIRECTION('center_axis',(0.,-0.5,0.866025403784439));
#10852=DIRECTION('ref_axis',(1.,0.,0.));
#10853=DIRECTION('',(0.,0.866025403784439,0.5));
#10854=DIRECTION('',(1.,0.,0.));
#10855=DIRECTION('',(0.,-0.866025403784439,-0.5));
#10856=DIRECTION('center_axis',(-1.,0.,0.));
#10857=DIRECTION('ref_axis',(0.,0.,1.));
#10858=DIRECTION('',(0.,-1.,0.));
#10859=DIRECTION('center_axis',(0.,0.5,-0.866025403784439));
#10860=DIRECTION('ref_axis',(-1.,0.,0.));
#10861=DIRECTION('',(-1.,0.,0.));
#10862=DIRECTION('',(0.,-0.866025403784439,-0.5));
#10863=DIRECTION('',(1.,0.,0.));
#10864=DIRECTION('',(0.,-0.866025403784439,-0.5));
#10865=DIRECTION('center_axis',(0.,0.866025403784439,0.5));
#10866=DIRECTION('ref_axis',(0.,-0.5,0.866025403784439));
#10867=DIRECTION('',(0.,0.5,-0.866025403784439));
#10868=DIRECTION('',(0.,-0.5,0.866025403784439));
#10869=DIRECTION('',(1.,0.,0.));
#10870=DIRECTION('center_axis',(0.,0.866025403784439,0.5));
#10871=DIRECTION('ref_axis',(0.,-0.5,0.866025403784439));
#10872=DIRECTION('',(1.,0.,0.));
#10873=DIRECTION('',(0.,-0.5,0.866025403784439));
#10874=DIRECTION('',(1.,0.,0.));
#10875=DIRECTION('',(0.,-0.5,0.866025403784439));
#10876=DIRECTION('center_axis',(0.,-0.5,0.866025403784439));
#10877=DIRECTION('ref_axis',(1.,0.,0.));
#10878=DIRECTION('',(0.,0.866025403784439,0.5));
#10879=DIRECTION('',(1.,0.,0.));
#10880=DIRECTION('',(0.,-0.866025403784439,-0.5));
#10881=DIRECTION('center_axis',(-1.,0.,0.));
#10882=DIRECTION('ref_axis',(0.,0.,1.));
#10883=DIRECTION('',(0.,-1.,0.));
#10884=DIRECTION('center_axis',(0.,0.5,-0.866025403784439));
#10885=DIRECTION('ref_axis',(-1.,0.,0.));
#10886=DIRECTION('',(-1.,0.,0.));
#10887=DIRECTION('',(0.,-0.866025403784439,-0.5));
#10888=DIRECTION('',(1.,0.,0.));
#10889=DIRECTION('',(0.,-0.866025403784439,-0.5));
#10890=DIRECTION('center_axis',(0.,-0.5,0.866025403784439));
#10891=DIRECTION('ref_axis',(1.,0.,0.));
#10892=DIRECTION('center_axis',(0.,0.5,-0.866025403784439));
#10893=DIRECTION('ref_axis',(0.,0.866025403784439,0.5));
#10894=DIRECTION('',(1.,0.,0.));
#10895=DIRECTION('',(0.,-0.866025403784439,-0.5));
#10896=DIRECTION('',(1.,0.,0.));
#10897=DIRECTION('center_axis',(0.,0.866025403784439,0.5));
#10898=DIRECTION('ref_axis',(0.,-0.5,0.866025403784439));
#10899=DIRECTION('',(0.,0.5,-0.866025403784439));
#10900=DIRECTION('',(0.,-0.5,0.866025403784439));
#10901=DIRECTION('',(1.,0.,0.));
#10902=DIRECTION('center_axis',(0.,0.866025403784439,0.5));
#10903=DIRECTION('ref_axis',(0.,-0.5,0.866025403784439));
#10904=DIRECTION('',(1.,0.,0.));
#10905=DIRECTION('',(0.,-0.5,0.866025403784439));
#10906=DIRECTION('center_axis',(0.,0.866025403784439,0.5));
#10907=DIRECTION('ref_axis',(0.,0.5,-0.866025403784439));
#10908=DIRECTION('',(0.,-0.5,0.866025403784439));
#10909=DIRECTION('center_axis',(-1.,0.,0.));
#10910=DIRECTION('ref_axis',(0.,0.,1.));
#10911=DIRECTION('',(0.,-1.,0.));
#10912=DIRECTION('center_axis',(-1.,0.,0.));
#10913=DIRECTION('ref_axis',(0.,-1.,0.));
#10914=DIRECTION('',(0.,0.,-1.));
#10915=DIRECTION('',(0.,-1.,0.));
#10916=DIRECTION('',(0.,-0.866025403784439,-0.5));
#10917=DIRECTION('',(0.,0.5,-0.866025403784439));
#10918=DIRECTION('',(0.,1.,0.));
#10919=DIRECTION('center_axis',(0.,0.,1.));
#10920=DIRECTION('ref_axis',(-0.707106781186547,-0.707106781186548,0.));
#10921=DIRECTION('center_axis',(0.,0.,-1.));
#10922=DIRECTION('ref_axis',(-0.707106781186547,-0.707106781186548,0.));
#10923=DIRECTION('center_axis',(0.,0.,1.));
#10924=DIRECTION('ref_axis',(-0.707106781186547,-0.707106781186548,0.));
#10925=DIRECTION('',(0.,0.,-1.));
#10926=DIRECTION('center_axis',(0.,0.,1.));
#10927=DIRECTION('ref_axis',(-0.707106781186547,-0.707106781186548,0.));
#10928=DIRECTION('',(0.,0.,1.));
#10929=DIRECTION('center_axis',(0.,0.,-1.));
#10930=DIRECTION('ref_axis',(-0.707106781186547,-0.707106781186548,0.));
#10931=DIRECTION('center_axis',(0.,0.,1.));
#10932=DIRECTION('ref_axis',(-0.707106781186548,0.707106781186547,0.));
#10933=DIRECTION('',(0.,0.,1.));
#10934=DIRECTION('center_axis',(0.,0.,-1.));
#10935=DIRECTION('ref_axis',(-0.707106781186548,0.707106781186547,0.));
#10936=DIRECTION('',(0.,0.,-1.));
#10937=DIRECTION('center_axis',(0.,0.,1.));
#10938=DIRECTION('ref_axis',(-0.707106781186548,0.707106781186547,0.));
#10939=DIRECTION('center_axis',(-1.,0.,0.));
#10940=DIRECTION('ref_axis',(0.,-1.,0.));
#10941=DIRECTION('',(0.,-1.,0.));
#10942=DIRECTION('center_axis',(-1.,0.,0.));
#10943=DIRECTION('ref_axis',(0.,-1.,0.));
#10944=DIRECTION('',(0.,1.,0.));
#10945=DIRECTION('',(0.,0.866025403784438,0.5));
#10946=DIRECTION('',(0.,-0.5,0.866025403784438));
#10947=DIRECTION('',(0.,-0.194996620451613,0.980803914150249));
#10948=DIRECTION('',(0.,1.,0.));
#10949=DIRECTION('',(0.,-1.,0.));
#10950=DIRECTION('',(0.,-0.194968213887571,0.980809561318348));
#10951=DIRECTION('',(0.,1.,0.));
#10952=DIRECTION('',(0.,-1.,0.));
#10953=DIRECTION('',(0.,1.,0.));
#10954=DIRECTION('',(0.,0.197806642322467,-0.980241058236754));
#10955=DIRECTION('',(0.,-1.,0.));
#10956=DIRECTION('',(0.,1.,0.));
#10957=DIRECTION('',(0.,0.195565693565003,-0.98069060335074));
#10958=DIRECTION('',(0.,-0.5,0.866025403784438));
#10959=DIRECTION('',(0.,-1.,0.));
#10960=DIRECTION('center_axis',(-1.,0.,0.));
#10961=DIRECTION('ref_axis',(0.,-1.,0.));
#10962=DIRECTION('',(0.,-1.,0.));
#10963=DIRECTION('',(0.,1.,0.));
#10964=DIRECTION('center_axis',(-1.,0.,0.));
#10965=DIRECTION('ref_axis',(0.,-1.,0.));
#10966=DIRECTION('',(0.,1.,0.));
#10967=DIRECTION('',(0.,-1.,0.));
#10968=DIRECTION('center_axis',(-1.,0.,0.));
#10969=DIRECTION('ref_axis',(0.,-1.,0.));
#10970=DIRECTION('',(0.,-1.,0.));
#10971=DIRECTION('',(0.,1.,0.));
#10972=DIRECTION('center_axis',(-1.,0.,0.));
#10973=DIRECTION('ref_axis',(0.,-1.,0.));
#10974=DIRECTION('',(0.,1.,0.));
#10975=DIRECTION('',(0.,-1.,0.));
#10976=DIRECTION('center_axis',(-1.,0.,0.));
#10977=DIRECTION('ref_axis',(0.,-1.,0.));
#10978=DIRECTION('',(0.,-1.,0.));
#10979=DIRECTION('',(0.,1.,0.));
#10980=DIRECTION('center_axis',(-1.,0.,0.));
#10981=DIRECTION('ref_axis',(0.,-1.,0.));
#10982=DIRECTION('',(0.,1.,0.));
#10983=DIRECTION('',(0.,-1.,0.));
#10984=DIRECTION('center_axis',(-1.,0.,0.));
#10985=DIRECTION('ref_axis',(0.,-1.,0.));
#10986=DIRECTION('',(0.,-1.,0.));
#10987=DIRECTION('',(0.,1.,0.));
#10988=DIRECTION('center_axis',(-1.,0.,0.));
#10989=DIRECTION('ref_axis',(0.,-1.,0.));
#10990=DIRECTION('',(0.,1.,0.));
#10991=DIRECTION('',(0.,-1.,0.));
#10992=DIRECTION('center_axis',(-1.,0.,0.));
#10993=DIRECTION('ref_axis',(0.,-1.,0.));
#10994=DIRECTION('',(0.,-1.,0.));
#10995=DIRECTION('',(0.,1.,0.));
#10996=DIRECTION('center_axis',(-1.,0.,0.));
#10997=DIRECTION('ref_axis',(0.,-1.,0.));
#10998=DIRECTION('',(0.,1.,0.));
#10999=DIRECTION('',(0.,-1.,0.));
#11000=DIRECTION('center_axis',(-1.,0.,0.));
#11001=DIRECTION('ref_axis',(0.,-1.,0.));
#11002=DIRECTION('',(0.,-1.,0.));
#11003=DIRECTION('',(0.,1.,0.));
#11004=DIRECTION('center_axis',(-1.,0.,0.));
#11005=DIRECTION('ref_axis',(0.,-1.,0.));
#11006=DIRECTION('',(0.,1.,0.));
#11007=DIRECTION('',(0.,-1.,0.));
#11008=DIRECTION('center_axis',(-1.,0.,0.));
#11009=DIRECTION('ref_axis',(0.,-1.,0.));
#11010=DIRECTION('',(0.,-1.,0.));
#11011=DIRECTION('',(0.,1.,0.));
#11012=DIRECTION('center_axis',(-1.,0.,0.));
#11013=DIRECTION('ref_axis',(0.,-1.,0.));
#11014=DIRECTION('',(0.,1.,0.));
#11015=DIRECTION('',(0.,-1.,0.));
#11016=DIRECTION('center_axis',(-1.,0.,0.));
#11017=DIRECTION('ref_axis',(0.,-1.,0.));
#11018=DIRECTION('',(0.,-1.,0.));
#11019=DIRECTION('',(0.,1.,0.));
#11020=DIRECTION('center_axis',(-1.,0.,0.));
#11021=DIRECTION('ref_axis',(0.,-1.,0.));
#11022=DIRECTION('',(0.,1.,0.));
#11023=DIRECTION('',(0.,-1.,0.));
#11024=DIRECTION('center_axis',(-1.,0.,0.));
#11025=DIRECTION('ref_axis',(0.,-1.,0.));
#11026=DIRECTION('',(0.,-1.,0.));
#11027=DIRECTION('',(0.,1.,0.));
#11028=DIRECTION('center_axis',(-1.,0.,0.));
#11029=DIRECTION('ref_axis',(0.,-1.,0.));
#11030=DIRECTION('',(0.,1.,0.));
#11031=DIRECTION('',(0.,-1.,0.));
#11032=DIRECTION('center_axis',(-1.,0.,0.));
#11033=DIRECTION('ref_axis',(0.,-1.,0.));
#11034=DIRECTION('',(0.,-1.,0.));
#11035=DIRECTION('',(0.,1.,0.));
#11036=DIRECTION('center_axis',(-1.,0.,0.));
#11037=DIRECTION('ref_axis',(0.,-1.,0.));
#11038=DIRECTION('',(0.,1.,0.));
#11039=DIRECTION('',(0.,-1.,0.));
#11040=DIRECTION('center_axis',(-1.,0.,0.));
#11041=DIRECTION('ref_axis',(0.,-1.,0.));
#11042=DIRECTION('',(0.,-1.,0.));
#11043=DIRECTION('',(0.,1.,0.));
#11044=DIRECTION('center_axis',(-1.,0.,0.));
#11045=DIRECTION('ref_axis',(0.,-1.,0.));
#11046=DIRECTION('',(0.,1.,0.));
#11047=DIRECTION('',(0.,-1.,0.));
#11048=DIRECTION('center_axis',(-1.,0.,0.));
#11049=DIRECTION('ref_axis',(0.,-1.,0.));
#11050=DIRECTION('',(0.,-1.,0.));
#11051=DIRECTION('',(0.,1.,0.));
#11052=DIRECTION('center_axis',(-1.,0.,0.));
#11053=DIRECTION('ref_axis',(0.,-1.,0.));
#11054=DIRECTION('',(0.,1.,0.));
#11055=DIRECTION('',(0.,-1.,0.));
#11056=DIRECTION('center_axis',(-1.,0.,0.));
#11057=DIRECTION('ref_axis',(0.,-1.,0.));
#11058=DIRECTION('',(0.,-1.,0.));
#11059=DIRECTION('',(0.,1.,0.));
#11060=DIRECTION('center_axis',(-1.,0.,0.));
#11061=DIRECTION('ref_axis',(0.,-1.,0.));
#11062=DIRECTION('',(0.,1.,0.));
#11063=DIRECTION('',(0.,-1.,0.));
#11064=DIRECTION('center_axis',(-1.,0.,0.));
#11065=DIRECTION('ref_axis',(0.,-1.,0.));
#11066=DIRECTION('',(0.,-1.,0.));
#11067=DIRECTION('',(0.,1.,0.));
#11068=DIRECTION('center_axis',(-1.,0.,0.));
#11069=DIRECTION('ref_axis',(0.,-1.,0.));
#11070=DIRECTION('',(0.,1.,0.));
#11071=DIRECTION('',(0.,-1.,0.));
#11072=DIRECTION('',(1.,0.,0.));
#11073=DIRECTION('',(1.,0.,0.));
#11074=DIRECTION('',(1.,0.,0.));
#11075=DIRECTION('',(1.,0.,0.));
#11076=DIRECTION('center_axis',(0.,0.849843569569452,-0.527035015213839));
#11077=DIRECTION('ref_axis',(0.,0.527035015213839,0.849843569569452));
#11078=DIRECTION('',(0.,0.527035015213839,0.849843569569452));
#11079=DIRECTION('',(1.,0.,0.));
#11080=DIRECTION('',(0.,0.527035015213839,0.849843569569452));
#11081=DIRECTION('',(1.,0.,0.));
#11082=DIRECTION('',(1.,0.,0.));
#11083=DIRECTION('center_axis',(0.,-0.878853425976672,0.477091873384012));
#11084=DIRECTION('ref_axis',(0.,-0.477091873384012,-0.878853425976672));
#11085=DIRECTION('',(1.,0.,0.));
#11086=DIRECTION('',(0.,-0.477091873384012,-0.878853425976672));
#11087=DIRECTION('',(0.,-0.477091873384012,-0.878853425976672));
#11088=DIRECTION('',(1.,0.,0.));
#11089=DIRECTION('',(0.,-0.477091873384012,-0.878853425976672));
#11090=DIRECTION('',(1.,0.,0.));
#11091=DIRECTION('',(1.,0.,0.));
#11092=DIRECTION('center_axis',(0.,-0.876444333811581,0.481503198047089));
#11093=DIRECTION('ref_axis',(0.,-0.481503198047089,-0.876444333811581));
#11094=DIRECTION('',(0.,-0.481503198047089,-0.876444333811581));
#11095=DIRECTION('',(0.,-0.481503198047089,-0.876444333811581));
#11096=DIRECTION('',(1.,0.,0.));
#11097=DIRECTION('',(1.,0.,0.));
#11098=DIRECTION('',(1.,0.,0.));
#11099=DIRECTION('',(1.,0.,0.));
#11100=DIRECTION('',(1.,0.,0.));
#11101=DIRECTION('',(1.,0.,0.));
#11102=DIRECTION('',(1.,0.,0.));
#11103=DIRECTION('',(1.,0.,0.));
#11104=DIRECTION('',(1.,0.,0.));
#11105=DIRECTION('',(1.,0.,0.));
#11106=DIRECTION('',(1.,0.,0.));
#11107=DIRECTION('',(1.,0.,0.));
#11108=DIRECTION('',(1.,0.,0.));
#11109=DIRECTION('',(1.,0.,0.));
#11110=DIRECTION('',(1.,0.,0.));
#11111=DIRECTION('center_axis',(0.,-0.980580726038772,-0.196115883398757));
#11112=DIRECTION('ref_axis',(0.,0.196115883398757,-0.980580726038772));
#11113=DIRECTION('',(0.,0.196115883398757,-0.980580726038772));
#11114=DIRECTION('',(1.,0.,0.));
#11115=DIRECTION('',(0.,0.196115883398757,-0.980580726038772));
#11116=DIRECTION('',(1.,0.,0.));
#11117=DIRECTION('',(1.,0.,0.));
#11118=DIRECTION('',(1.,0.,0.));
#11119=DIRECTION('',(1.,0.,0.));
#11120=DIRECTION('',(1.,0.,0.));
#11121=DIRECTION('',(1.,0.,0.));
#11122=DIRECTION('',(1.,0.,0.));
#11123=DIRECTION('',(1.,0.,0.));
#11124=DIRECTION('',(1.,0.,0.));
#11125=DIRECTION('',(1.,0.,0.));
#11126=DIRECTION('',(1.,0.,0.));
#11127=DIRECTION('center_axis',(-1.,0.,0.));
#11128=DIRECTION('ref_axis',(0.,-1.,0.));
#11129=DIRECTION('',(1.,0.,0.));
#11130=DIRECTION('',(1.,0.,0.));
#11131=DIRECTION('',(1.,0.,0.));
#11132=DIRECTION('',(1.,0.,0.));
#11133=DIRECTION('',(1.,0.,0.));
#11134=DIRECTION('',(1.,0.,0.));
#11135=DIRECTION('',(1.,0.,0.));
#11136=DIRECTION('center_axis',(0.,0.569210165422459,-0.822192062464566));
#11137=DIRECTION('ref_axis',(0.,0.822192062464566,0.569210165422459));
#11138=DIRECTION('',(0.,0.822192062464566,0.569210165422459));
#11139=DIRECTION('',(1.,0.,0.));
#11140=DIRECTION('',(0.,0.822192062464566,0.569210165422459));
#11141=DIRECTION('',(1.,0.,0.));
#11142=DIRECTION('',(1.,0.,0.));
#11143=DIRECTION('',(1.,0.,0.));
#11144=DIRECTION('',(1.,0.,0.));
#11145=DIRECTION('',(1.,0.,0.));
#11146=DIRECTION('',(1.,0.,0.));
#11147=DIRECTION('',(1.,0.,0.));
#11148=DIRECTION('',(1.,0.,0.));
#11149=DIRECTION('',(1.,0.,0.));
#11150=DIRECTION('',(1.,0.,0.));
#11151=DIRECTION('center_axis',(-1.,0.,0.));
#11152=DIRECTION('ref_axis',(0.,-1.,0.));
#11153=DIRECTION('center_axis',(0.,0.522309660267342,-0.8527558963686));
#11154=DIRECTION('ref_axis',(0.,0.8527558963686,0.522309660267342));
#11155=DIRECTION('',(0.,0.8527558963686,0.522309660267342));
#11156=DIRECTION('',(1.,0.,0.));
#11157=DIRECTION('',(0.,0.8527558963686,0.522309660267342));
#11158=DIRECTION('',(1.,0.,0.));
#11159=DIRECTION('',(1.,0.,0.));
#11160=DIRECTION('',(1.,0.,0.));
#11161=DIRECTION('',(1.,0.,0.));
#11162=DIRECTION('',(1.,0.,0.));
#11163=DIRECTION('',(1.,0.,0.));
#11164=DIRECTION('',(1.,0.,0.));
#11165=DIRECTION('',(1.,0.,0.));
#11166=DIRECTION('',(1.,0.,0.));
#11167=DIRECTION('',(1.,0.,0.));
#11168=DIRECTION('',(1.,0.,0.));
#11169=DIRECTION('',(1.,0.,0.));
#11170=DIRECTION('',(1.,0.,0.));
#11171=DIRECTION('',(1.,0.,0.));
#11172=DIRECTION('',(1.,0.,0.));
#11173=DIRECTION('',(1.,0.,0.));
#11174=DIRECTION('',(1.,0.,0.));
#11175=DIRECTION('center_axis',(-1.,0.,0.));
#11176=DIRECTION('ref_axis',(0.,-1.,0.));
#11177=DIRECTION('',(1.,0.,0.));
#11178=DIRECTION('',(1.,0.,0.));
#11179=DIRECTION('',(1.,0.,0.));
#11180=DIRECTION('',(1.,0.,0.));
#11181=DIRECTION('',(1.,0.,0.));
#11182=DIRECTION('',(1.,0.,0.));
#11183=DIRECTION('',(1.,0.,0.));
#11184=DIRECTION('',(1.,0.,0.));
#11185=DIRECTION('',(1.,0.,0.));
#11186=DIRECTION('',(1.,0.,0.));
#11187=DIRECTION('',(1.,0.,0.));
#11188=DIRECTION('',(1.,0.,0.));
#11189=DIRECTION('',(1.,0.,0.));
#11190=DIRECTION('',(1.,0.,0.));
#11191=DIRECTION('',(1.,0.,0.));
#11192=DIRECTION('',(1.,0.,0.));
#11193=DIRECTION('center_axis',(0.,0.679940998194745,-0.733266826587658));
#11194=DIRECTION('ref_axis',(0.,0.733266826587658,0.679940998194745));
#11195=DIRECTION('',(0.,0.733266826587658,0.679940998194745));
#11196=DIRECTION('',(0.,0.733266826587658,0.679940998194745));
#11197=DIRECTION('',(1.,0.,0.));
#11198=DIRECTION('',(1.,0.,0.));
#11199=DIRECTION('',(1.,0.,0.));
#11200=DIRECTION('',(1.,0.,0.));
#11201=DIRECTION('',(1.,0.,0.));
#11202=DIRECTION('',(1.,0.,0.));
#11203=DIRECTION('',(1.,0.,0.));
#11204=DIRECTION('center_axis',(0.,-0.677941275777126,0.735116063351688));
#11205=DIRECTION('ref_axis',(0.,-0.735116063351688,-0.677941275777125));
#11206=DIRECTION('',(0.,-0.735116063351688,-0.677941275777125));
#11207=DIRECTION('',(1.,0.,0.));
#11208=DIRECTION('',(0.,-0.735116063351688,-0.677941275777125));
#11209=DIRECTION('',(1.,0.,0.));
#11210=DIRECTION('',(0.,-0.735116063351688,-0.677941275777126));
#11211=DIRECTION('center_axis',(-1.,0.,0.));
#11212=DIRECTION('ref_axis',(0.,-1.,0.));
#11213=DIRECTION('',(1.,0.,0.));
#11214=DIRECTION('',(1.,0.,0.));
#11215=DIRECTION('',(1.,0.,0.));
#11216=DIRECTION('center_axis',(0.,-0.0712459009669898,0.997458781902993));
#11217=DIRECTION('ref_axis',(0.,-0.997458781902993,-0.0712459009669898));
#11218=DIRECTION('',(0.,-0.997458781902993,-0.0712459009669898));
#11219=DIRECTION('',(1.,0.,0.));
#11220=DIRECTION('',(0.,-0.997458781902993,-0.0712459009669898));
#11221=DIRECTION('',(1.,0.,0.));
#11222=DIRECTION('',(1.,0.,0.));
#11223=DIRECTION('',(1.,0.,0.));
#11224=DIRECTION('center_axis',(-1.,0.,0.));
#11225=DIRECTION('ref_axis',(0.,-1.,0.));
#11226=DIRECTION('',(1.,0.,0.));
#11227=DIRECTION('',(1.,0.,0.));
#11228=DIRECTION('',(1.,0.,0.));
#11229=DIRECTION('',(1.,0.,0.));
#11230=DIRECTION('',(1.,0.,0.));
#11231=DIRECTION('',(1.,0.,0.));
#11232=DIRECTION('',(1.,0.,0.));
#11233=DIRECTION('',(1.,0.,0.));
#11234=DIRECTION('',(1.,0.,0.));
#11235=DIRECTION('center_axis',(0.,-0.981907327875755,-0.189362085602937));
#11236=DIRECTION('ref_axis',(0.,0.189362085602937,-0.981907327875755));
#11237=DIRECTION('',(0.,0.189362085602937,-0.981907327875755));
#11238=DIRECTION('',(1.,0.,0.));
#11239=DIRECTION('',(0.,0.189362085602937,-0.981907327875755));
#11240=DIRECTION('',(1.,0.,0.));
#11241=DIRECTION('',(1.,0.,0.));
#11242=DIRECTION('center_axis',(0.,1.,0.));
#11243=DIRECTION('ref_axis',(0.,0.,1.));
#11244=DIRECTION('',(0.,0.,1.));
#11245=DIRECTION('',(1.,0.,0.));
#11246=DIRECTION('',(0.,0.,1.));
#11247=DIRECTION('',(1.,0.,0.));
#11248=DIRECTION('',(1.,0.,0.));
#11249=DIRECTION('center_axis',(0.,0.980843238591179,0.19479871999058));
#11250=DIRECTION('ref_axis',(0.,-0.19479871999058,0.980843238591179));
#11251=DIRECTION('',(0.,-0.19479871999058,0.980843238591179));
#11252=DIRECTION('',(1.,0.,0.));
#11253=DIRECTION('',(0.,-0.19479871999058,0.980843238591179));
#11254=DIRECTION('',(1.,0.,0.));
#11255=DIRECTION('',(1.,0.,0.));
#11256=DIRECTION('',(1.,0.,0.));
#11257=DIRECTION('',(1.,0.,0.));
#11258=DIRECTION('',(1.,0.,0.));
#11259=DIRECTION('',(1.,0.,0.));
#11260=DIRECTION('',(1.,0.,0.));
#11261=DIRECTION('center_axis',(-1.,0.,0.));
#11262=DIRECTION('ref_axis',(0.,-1.,0.));
#11263=DIRECTION('center_axis',(0.,0.566524854480286,-0.824044652464957));
#11264=DIRECTION('ref_axis',(0.,0.824044652464957,0.566524854480286));
#11265=DIRECTION('',(0.,0.824044652464957,0.566524854480286));
#11266=DIRECTION('',(1.,0.,0.));
#11267=DIRECTION('',(0.,0.824044652464957,0.566524854480286));
#11268=DIRECTION('',(1.,0.,0.));
#11269=DIRECTION('',(1.,0.,0.));
#11270=DIRECTION('center_axis',(0.,0.980591370228104,0.196062654868719));
#11271=DIRECTION('ref_axis',(0.,-0.196062654868719,0.980591370228103));
#11272=DIRECTION('',(0.,-0.196062654868719,0.980591370228103));
#11273=DIRECTION('',(1.,0.,0.));
#11274=DIRECTION('',(0.,-0.196062654868719,0.980591370228103));
#11275=DIRECTION('',(1.,0.,0.));
#11276=DIRECTION('',(1.,0.,0.));
#11277=DIRECTION('',(1.,0.,0.));
#11278=DIRECTION('',(1.,0.,0.));
#11279=DIRECTION('',(1.,0.,0.));
#11280=DIRECTION('',(1.,0.,0.));
#11281=DIRECTION('',(1.,0.,0.));
#11282=DIRECTION('',(1.,0.,0.));
#11283=DIRECTION('',(1.,0.,0.));
#11284=DIRECTION('',(1.,0.,0.));
#11285=DIRECTION('',(1.,0.,0.));
#11286=DIRECTION('',(1.,0.,0.));
#11287=DIRECTION('center_axis',(0.,-0.980541354351409,-0.196312639447147));
#11288=DIRECTION('ref_axis',(0.,0.196312639447147,-0.980541354351409));
#11289=DIRECTION('',(0.,0.196312639447147,-0.980541354351409));
#11290=DIRECTION('',(1.,0.,0.));
#11291=DIRECTION('',(0.,0.196312639447147,-0.980541354351409));
#11292=DIRECTION('',(1.,0.,0.));
#11293=DIRECTION('',(1.,0.,0.));
#11294=DIRECTION('center_axis',(-1.,0.,0.));
#11295=DIRECTION('ref_axis',(0.,-1.,0.));
#11296=DIRECTION('center_axis',(0.,0.50789896161667,-0.861416649937014));
#11297=DIRECTION('ref_axis',(0.,0.861416649937014,0.50789896161667));
#11298=DIRECTION('',(0.,0.861416649937014,0.50789896161667));
#11299=DIRECTION('',(1.,0.,0.));
#11300=DIRECTION('',(0.,0.861416649937014,0.50789896161667));
#11301=DIRECTION('',(1.,0.,0.));
#11302=DIRECTION('',(1.,0.,0.));
#11303=DIRECTION('',(1.,0.,0.));
#11304=DIRECTION('',(1.,0.,0.));
#11305=DIRECTION('',(1.,0.,0.));
#11306=DIRECTION('',(1.,0.,0.));
#11307=DIRECTION('',(1.,0.,0.));
#11308=DIRECTION('',(1.,0.,0.));
#11309=DIRECTION('',(1.,0.,0.));
#11310=DIRECTION('',(1.,0.,0.));
#11311=DIRECTION('center_axis',(0.,0.,-1.));
#11312=DIRECTION('ref_axis',(0.,1.,0.));
#11313=DIRECTION('',(0.,1.,0.));
#11314=DIRECTION('',(1.,0.,0.));
#11315=DIRECTION('',(0.,1.,0.));
#11316=DIRECTION('',(1.,0.,0.));
#11317=DIRECTION('',(1.,0.,0.));
#11318=DIRECTION('',(1.,0.,0.));
#11319=DIRECTION('center_axis',(0.,8.00601897925929E-16,1.));
#11320=DIRECTION('ref_axis',(0.,-1.,8.00601897925929E-16));
#11321=DIRECTION('',(0.,-1.,8.00601897925929E-16));
#11322=DIRECTION('',(1.,0.,0.));
#11323=DIRECTION('',(0.,-1.,8.00601897925929E-16));
#11324=DIRECTION('',(1.,0.,0.));
#11325=DIRECTION('',(1.,0.,0.));
#11326=DIRECTION('',(1.,0.,0.));
#11327=DIRECTION('',(1.,0.,0.));
#11328=DIRECTION('center_axis',(0.,0.960683852037403,0.277644622556565));
#11329=DIRECTION('ref_axis',(0.,-0.277644622556565,0.960683852037403));
#11330=DIRECTION('',(0.,-0.277644622556565,0.960683852037403));
#11331=DIRECTION('',(1.,0.,0.));
#11332=DIRECTION('',(0.,-0.277644622556565,0.960683852037403));
#11333=DIRECTION('center_axis',(0.,0.,1.));
#11334=DIRECTION('ref_axis',(0.,-1.,0.));
#11335=DIRECTION('',(0.,-1.,0.));
#11336=DIRECTION('',(1.,0.,0.));
#11337=DIRECTION('',(0.,-1.,0.));
#11338=DIRECTION('',(1.,0.,0.));
#11339=DIRECTION('',(1.,0.,0.));
#11340=DIRECTION('',(1.,0.,0.));
#11341=DIRECTION('center_axis',(0.,-2.50129607294347E-15,-1.));
#11342=DIRECTION('ref_axis',(0.,1.,-2.50129607294347E-15));
#11343=DIRECTION('',(0.,1.,-2.50129607294347E-15));
#11344=DIRECTION('',(1.,0.,0.));
#11345=DIRECTION('',(0.,1.,-2.50129607294347E-15));
#11346=DIRECTION('center_axis',(0.,0.964498547616905,0.264088151276957));
#11347=DIRECTION('ref_axis',(0.,-0.264088151276957,0.964498547616905));
#11348=DIRECTION('',(0.,-0.264088151276957,0.964498547616905));
#11349=DIRECTION('',(1.,0.,0.));
#11350=DIRECTION('',(0.,-0.264088151276957,0.964498547616905));
#11351=DIRECTION('center_axis',(-1.,0.,0.));
#11352=DIRECTION('ref_axis',(0.,-1.,0.));
#11353=DIRECTION('',(1.,0.,0.));
#11354=DIRECTION('',(1.,0.,0.));
#11355=DIRECTION('center_axis',(0.,0.,-1.));
#11356=DIRECTION('ref_axis',(0.,1.,0.));
#11357=DIRECTION('',(1.,0.,0.));
#11358=DIRECTION('',(0.,1.,0.));
#11359=DIRECTION('',(1.,0.,0.));
#11360=DIRECTION('center_axis',(0.,0.980803914150249,0.194996620451613));
#11361=DIRECTION('ref_axis',(0.,-0.194996620451613,0.980803914150249));
#11362=DIRECTION('',(1.,0.,0.));
#11363=DIRECTION('',(0.,-0.194996620451613,0.980803914150249));
#11364=DIRECTION('',(1.,0.,0.));
#11365=DIRECTION('',(1.,0.,0.));
#11366=DIRECTION('',(1.,0.,0.));
#11367=DIRECTION('',(1.,0.,0.));
#11368=DIRECTION('',(1.,0.,0.));
#11369=DIRECTION('',(1.,0.,0.));
#11370=DIRECTION('center_axis',(0.,-0.98069060335074,-0.195565693565003));
#11371=DIRECTION('ref_axis',(0.,0.195565693565003,-0.98069060335074));
#11372=DIRECTION('',(1.,0.,0.));
#11373=DIRECTION('',(0.,0.195565693565003,-0.98069060335074));
#11374=DIRECTION('center_axis',(0.,0.,-1.));
#11375=DIRECTION('ref_axis',(0.,1.,0.));
#11376=DIRECTION('',(1.,0.,0.));
#11377=DIRECTION('',(0.,1.,0.));
#11378=DIRECTION('',(1.,0.,0.));
#11379=DIRECTION('',(1.,0.,0.));
#11380=DIRECTION('',(1.,0.,0.));
#11381=DIRECTION('center_axis',(0.,0.,1.));
#11382=DIRECTION('ref_axis',(0.,-1.,0.));
#11383=DIRECTION('',(1.,0.,0.));
#11384=DIRECTION('',(0.,-1.,0.));
#11385=DIRECTION('center_axis',(0.,-0.980241058236754,-0.197806642322467));
#11386=DIRECTION('ref_axis',(0.,0.197806642322467,-0.980241058236754));
#11387=DIRECTION('',(1.,0.,0.));
#11388=DIRECTION('',(0.,0.197806642322467,-0.980241058236754));
#11389=DIRECTION('center_axis',(0.,0.,-1.));
#11390=DIRECTION('ref_axis',(0.,1.,0.));
#11391=DIRECTION('',(1.,0.,0.));
#11392=DIRECTION('',(0.,1.,0.));
#11393=DIRECTION('',(1.,0.,0.));
#11394=DIRECTION('',(1.,0.,0.));
#11395=DIRECTION('',(1.,0.,0.));
#11396=DIRECTION('center_axis',(0.,0.,1.));
#11397=DIRECTION('ref_axis',(0.,-1.,0.));
#11398=DIRECTION('',(1.,0.,0.));
#11399=DIRECTION('',(0.,-1.,0.));
#11400=DIRECTION('',(1.,0.,0.));
#11401=DIRECTION('',(1.,0.,0.));
#11402=DIRECTION('',(1.,0.,0.));
#11403=DIRECTION('center_axis',(0.,0.,-1.));
#11404=DIRECTION('ref_axis',(0.,1.,0.));
#11405=DIRECTION('',(1.,0.,0.));
#11406=DIRECTION('',(0.,1.,0.));
#11407=DIRECTION('center_axis',(0.,0.980809561318348,0.194968213887571));
#11408=DIRECTION('ref_axis',(0.,-0.194968213887571,0.980809561318348));
#11409=DIRECTION('',(1.,0.,0.));
#11410=DIRECTION('',(0.,-0.194968213887571,0.980809561318348));
#11411=DIRECTION('center_axis',(0.,0.,1.));
#11412=DIRECTION('ref_axis',(0.,-1.,0.));
#11413=DIRECTION('',(1.,0.,0.));
#11414=DIRECTION('',(0.,-1.,0.));
#11415=DIRECTION('',(1.,0.,0.));
#11416=DIRECTION('',(1.,0.,0.));
#11417=DIRECTION('center_axis',(-1.,0.,0.));
#11418=DIRECTION('ref_axis',(0.,-1.,0.));
#11419=DIRECTION('',(1.,0.,0.));
#11420=DIRECTION('',(1.,0.,0.));
#11421=DIRECTION('',(1.,0.,0.));
#11422=DIRECTION('',(1.,0.,0.));
#11423=DIRECTION('',(1.,0.,0.));
#11424=DIRECTION('',(1.,0.,0.));
#11425=DIRECTION('center_axis',(0.,-0.98058063847727,-0.196116321206345));
#11426=DIRECTION('ref_axis',(0.,0.196116321206345,-0.98058063847727));
#11427=DIRECTION('',(0.,0.196116321206345,-0.98058063847727));
#11428=DIRECTION('',(1.,0.,0.));
#11429=DIRECTION('',(0.,0.196116321206345,-0.98058063847727));
#11430=DIRECTION('',(1.,0.,0.));
#11431=DIRECTION('',(1.,0.,0.));
#11432=DIRECTION('',(1.,0.,0.));
#11433=DIRECTION('',(1.,0.,0.));
#11434=DIRECTION('',(1.,0.,0.));
#11435=DIRECTION('center_axis',(0.,-0.981087080636563,-0.193566888201537));
#11436=DIRECTION('ref_axis',(0.,0.193566888201537,-0.981087080636563));
#11437=DIRECTION('',(0.,0.193566888201537,-0.981087080636563));
#11438=DIRECTION('',(1.,0.,0.));
#11439=DIRECTION('',(0.,0.193566888201537,-0.981087080636563));
#11440=DIRECTION('',(1.,0.,0.));
#11441=DIRECTION('',(1.,0.,0.));
#11442=DIRECTION('',(1.,0.,0.));
#11443=DIRECTION('',(1.,0.,0.));
#11444=DIRECTION('',(1.,0.,0.));
#11445=DIRECTION('',(1.,0.,0.));
#11446=DIRECTION('center_axis',(0.,-0.980678239931409,-0.195627681387461));
#11447=DIRECTION('ref_axis',(0.,0.195627681387461,-0.980678239931409));
#11448=DIRECTION('',(0.,0.195627681387461,-0.980678239931409));
#11449=DIRECTION('',(0.,0.195627681387461,-0.980678239931409));
#11450=DIRECTION('',(1.,0.,0.));
#11451=DIRECTION('',(1.,0.,0.));
#11452=DIRECTION('',(1.,0.,0.));
#11453=DIRECTION('',(1.,0.,0.));
#11454=DIRECTION('center_axis',(0.,0.980785744829063,0.195087987175274));
#11455=DIRECTION('ref_axis',(0.,-0.195087987175274,0.980785744829063));
#11456=DIRECTION('',(0.,-0.195087987175274,0.980785744829063));
#11457=DIRECTION('',(1.,0.,0.));
#11458=DIRECTION('',(0.,-0.195087987175274,0.980785744829063));
#11459=DIRECTION('',(1.,0.,0.));
#11460=DIRECTION('',(1.,0.,0.));
#11461=DIRECTION('center_axis',(-1.,0.,0.));
#11462=DIRECTION('ref_axis',(0.,-1.,0.));
#11463=DIRECTION('center_axis',(0.,0.866025403784438,0.5));
#11464=DIRECTION('ref_axis',(0.,-0.5,0.866025403784438));
#11465=DIRECTION('',(0.,-0.5,0.866025403784438));
#11466=DIRECTION('',(1.,0.,0.));
#11467=DIRECTION('',(0.,0.5,-0.866025403784438));
#11468=DIRECTION('center_axis',(0.,0.866025403784438,0.5));
#11469=DIRECTION('ref_axis',(0.,-0.5,0.866025403784438));
#11470=DIRECTION('',(0.,0.5,-0.866025403784438));
#11471=DIRECTION('',(1.,0.,0.));
#11472=DIRECTION('',(0.,-0.5,0.866025403784438));
#11473=DIRECTION('center_axis',(0.,0.866025403784439,0.5));
#11474=DIRECTION('ref_axis',(0.,-0.5,0.866025403784439));
#11475=DIRECTION('',(0.,-0.5,0.866025403784439));
#11476=DIRECTION('',(0.,-0.5,0.866025403784439));
#11477=DIRECTION('center_axis',(0.,0.866025403784439,0.5));
#11478=DIRECTION('ref_axis',(0.,-0.5,0.866025403784439));
#11479=DIRECTION('',(0.,-0.5,0.866025403784439));
#11480=DIRECTION('',(1.,0.,0.));
#11481=DIRECTION('',(0.,-0.5,0.866025403784439));
#11482=DIRECTION('center_axis',(-1.,0.,0.));
#11483=DIRECTION('ref_axis',(0.,0.,1.));
#11484=DIRECTION('',(0.,-0.5,0.866025403784439));
#11485=DIRECTION('center_axis',(-1.,0.,0.));
#11486=DIRECTION('ref_axis',(0.,0.,1.));
#11487=DIRECTION('',(0.,-0.866025403784439,-0.5));
#11488=DIRECTION('',(0.,-0.5,0.866025403784439));
#11489=DIRECTION('center_axis',(-1.,0.,0.));
#11490=DIRECTION('ref_axis',(0.,0.,1.));
#11491=DIRECTION('',(0.,-0.5,0.866025403784439));
#11492=DIRECTION('',(0.,-0.866025403784439,-0.5));
#11493=DIRECTION('',(0.,-1.,0.));
#11494=DIRECTION('',(0.,-0.5,0.866025403784439));
#11495=DIRECTION('center_axis',(0.,0.866025403784439,0.5));
#11496=DIRECTION('ref_axis',(0.,-0.5,0.866025403784439));
#11497=DIRECTION('',(0.,0.5,-0.866025403784439));
#11498=DIRECTION('',(1.,0.,0.));
#11499=DIRECTION('center_axis',(0.,0.866025403784439,0.5));
#11500=DIRECTION('ref_axis',(0.,-0.5,0.866025403784439));
#11501=DIRECTION('',(1.,0.,0.));
#11502=DIRECTION('',(0.,0.5,-0.866025403784439));
#11503=DIRECTION('center_axis',(0.,0.866025403784439,0.5));
#11504=DIRECTION('ref_axis',(0.,-0.5,0.866025403784439));
#11505=DIRECTION('',(0.,0.5,-0.866025403784439));
#11506=DIRECTION('center_axis',(-1.,0.,0.));
#11507=DIRECTION('ref_axis',(0.,-1.,0.));
#11508=DIRECTION('',(0.,-0.5,0.866025403784439));
#11509=DIRECTION('center_axis',(-1.,0.,0.));
#11510=DIRECTION('ref_axis',(0.,-1.,0.));
#11511=DIRECTION('center_axis',(-1.,0.,0.));
#11512=DIRECTION('ref_axis',(0.,-1.,0.));
#11513=DIRECTION('',(0.,1.,0.));
#11514=DIRECTION('',(0.,0.866025403784439,0.5));
#11515=DIRECTION('',(0.,-0.5,0.866025403784439));
#11516=DIRECTION('',(0.,-0.5,0.866025403784439));
#11517=DIRECTION('',(0.,-0.5,0.866025403784439));
#11518=DIRECTION('',(0.,-1.,0.));
#11519=DIRECTION('',(0.,-0.866025403784439,-0.5));
#11520=DIRECTION('center_axis',(0.,0.866025403784439,0.5));
#11521=DIRECTION('ref_axis',(0.,-0.5,0.866025403784439));
#11522=DIRECTION('',(0.,-0.5,0.866025403784439));
#11523=DIRECTION('center_axis',(0.,0.866025403784439,0.5));
#11524=DIRECTION('ref_axis',(0.,-0.5,0.866025403784439));
#11525=DIRECTION('',(0.,-0.5,0.866025403784439));
#11526=DIRECTION('center_axis',(0.,0.866025403784439,0.5));
#11527=DIRECTION('ref_axis',(0.,-0.5,0.866025403784439));
#11528=DIRECTION('',(0.,-0.5,0.866025403784439));
#11529=DIRECTION('',(1.,0.,0.));
#11530=DIRECTION('center_axis',(0.,0.866025403784439,0.5));
#11531=DIRECTION('ref_axis',(0.,-0.5,0.866025403784439));
#11532=DIRECTION('',(0.,-0.5,0.866025403784439));
#11533=DIRECTION('',(1.,0.,0.));
#11534=DIRECTION('',(0.,-0.5,0.866025403784439));
#11535=DIRECTION('center_axis',(0.,0.866025403784439,0.5));
#11536=DIRECTION('ref_axis',(0.,-0.5,0.866025403784439));
#11537=DIRECTION('',(0.,-0.5,0.866025403784439));
#11538=DIRECTION('',(1.,0.,0.));
#11539=DIRECTION('',(0.,-0.5,0.866025403784439));
#11540=DIRECTION('center_axis',(-1.,0.,0.));
#11541=DIRECTION('ref_axis',(0.,0.,1.));
#11542=DIRECTION('',(0.,-0.866025403784439,-0.5));
#11543=DIRECTION('',(0.,-0.5,0.866025403784439));
#11544=DIRECTION('center_axis',(0.,0.866025403784439,0.5));
#11545=DIRECTION('ref_axis',(0.,-0.5,0.866025403784439));
#11546=DIRECTION('',(1.,0.,0.));
#11547=DIRECTION('',(0.,0.5,-0.866025403784439));
#11548=DIRECTION('center_axis',(0.,0.866025403784439,0.5));
#11549=DIRECTION('ref_axis',(0.,-0.5,0.866025403784439));
#11550=DIRECTION('',(0.,-0.5,0.866025403784439));
#11551=DIRECTION('',(0.,0.5,-0.866025403784439));
#11552=DIRECTION('center_axis',(0.,0.866025403784439,0.5));
#11553=DIRECTION('ref_axis',(0.,-0.5,0.866025403784439));
#11554=DIRECTION('',(0.,-0.5,0.866025403784439));
#11555=DIRECTION('',(0.,0.5,-0.866025403784439));
#11556=DIRECTION('center_axis',(0.,0.866025403784439,0.5));
#11557=DIRECTION('ref_axis',(0.,-0.5,0.866025403784439));
#11558=DIRECTION('',(0.,0.5,-0.866025403784439));
#11559=DIRECTION('',(1.,0.,0.));
#11560=DIRECTION('',(0.,-0.5,0.866025403784439));
#11561=DIRECTION('center_axis',(-1.,0.,0.));
#11562=DIRECTION('ref_axis',(0.,-1.,0.));
#11563=DIRECTION('',(0.,1.,0.));
#11564=DIRECTION('',(0.,0.866025403784439,0.5));
#11565=DIRECTION('',(0.,-0.5,0.866025403784439));
#11566=DIRECTION('center_axis',(-1.,0.,0.));
#11567=DIRECTION('ref_axis',(0.,-1.,0.));
#11568=DIRECTION('center_axis',(-1.,0.,0.));
#11569=DIRECTION('ref_axis',(0.,-1.,0.));
#11570=DIRECTION('',(0.,-0.5,0.866025403784439));
#11571=DIRECTION('',(0.,-1.,0.));
#11572=DIRECTION('',(0.,-0.866025403784439,-0.5));
#11573=DIRECTION('center_axis',(-1.,0.,0.));
#11574=DIRECTION('ref_axis',(0.,-1.,0.));
#11575=DIRECTION('center_axis',(0.,0.866025403784439,0.5));
#11576=DIRECTION('ref_axis',(0.,-0.5,0.866025403784439));
#11577=DIRECTION('',(0.,-0.5,0.866025403784439));
#11578=DIRECTION('',(1.,0.,0.));
#11579=DIRECTION('center_axis',(0.,0.866025403784439,0.5));
#11580=DIRECTION('ref_axis',(0.,-0.5,0.866025403784439));
#11581=DIRECTION('',(1.,0.,0.));
#11582=DIRECTION('',(0.,-0.5,0.866025403784439));
#11583=DIRECTION('center_axis',(0.,0.866025403784438,0.5));
#11584=DIRECTION('ref_axis',(0.,-0.5,0.866025403784438));
#11585=DIRECTION('',(0.,-0.5,0.866025403784438));
#11586=DIRECTION('',(1.,0.,0.));
#11587=DIRECTION('center_axis',(0.,0.866025403784438,0.5));
#11588=DIRECTION('ref_axis',(0.,-0.5,0.866025403784438));
#11589=DIRECTION('',(1.,0.,0.));
#11590=DIRECTION('',(0.,-0.5,0.866025403784438));
#11591=DIRECTION('center_axis',(-1.,0.,0.));
#11592=DIRECTION('ref_axis',(0.,0.,1.));
#11593=DIRECTION('center_axis',(-1.,0.,0.));
#11594=DIRECTION('ref_axis',(0.,0.,1.));
#11595=DIRECTION('',(0.,-0.5,0.866025403784439));
#11596=DIRECTION('',(0.,-0.866025403784439,-0.5));
#11597=DIRECTION('',(0.,-0.5,0.866025403784439));
#11598=DIRECTION('center_axis',(-1.,0.,0.));
#11599=DIRECTION('ref_axis',(0.,0.,1.));
#11600=DIRECTION('',(0.,-0.5,0.866025403784439));
#11601=DIRECTION('',(0.,-0.5,0.866025403784439));
#11602=DIRECTION('',(0.,-0.866025403784439,-0.5));
#11603=DIRECTION('',(0.,-1.,0.));
#11604=DIRECTION('center_axis',(0.,0.866025403784439,0.5));
#11605=DIRECTION('ref_axis',(0.,-0.5,0.866025403784439));
#11606=DIRECTION('',(0.,0.5,-0.866025403784439));
#11607=DIRECTION('',(1.,0.,0.));
#11608=DIRECTION('center_axis',(0.,0.866025403784439,0.5));
#11609=DIRECTION('ref_axis',(0.,-0.5,0.866025403784439));
#11610=DIRECTION('',(0.,0.5,-0.866025403784439));
#11611=DIRECTION('center_axis',(-1.,0.,0.));
#11612=DIRECTION('ref_axis',(0.,-1.,0.));
#11613=DIRECTION('center_axis',(-1.,0.,0.));
#11614=DIRECTION('ref_axis',(0.,-1.,0.));
#11615=DIRECTION('',(0.,1.,0.));
#11616=DIRECTION('',(0.,0.866025403784439,0.5));
#11617=DIRECTION('center_axis',(-1.,0.,0.));
#11618=DIRECTION('ref_axis',(0.,-1.,0.));
#11619=DIRECTION('',(0.,-0.5,0.866025403784439));
#11620=DIRECTION('',(0.,-1.,0.));
#11621=DIRECTION('',(0.,-0.866025403784438,-0.5));
#11622=DIRECTION('center_axis',(-1.,0.,0.));
#11623=DIRECTION('ref_axis',(0.,-1.,0.));
#11624=DIRECTION('center_axis',(-1.,0.,0.));
#11625=DIRECTION('ref_axis',(0.,-1.,0.));
#11626=DIRECTION('center_axis',(0.,-0.5,0.866025403784438));
#11627=DIRECTION('ref_axis',(1.,0.,0.));
#11628=DIRECTION('',(1.,0.,0.));
#11629=DIRECTION('',(0.,-0.866025403784438,-0.5));
#11630=DIRECTION('center_axis',(-1.,0.,0.));
#11631=DIRECTION('ref_axis',(0.,0.,1.));
#11632=DIRECTION('',(0.,-0.866025403784438,-0.5));
#11633=DIRECTION('',(0.,-1.,0.));
#11634=DIRECTION('center_axis',(0.,0.5,-0.866025403784438));
#11635=DIRECTION('ref_axis',(-1.,0.,0.));
#11636=DIRECTION('',(-1.,0.,0.));
#11637=DIRECTION('center_axis',(0.,0.866025403784439,0.5));
#11638=DIRECTION('ref_axis',(0.,-0.5,0.866025403784439));
#11639=DIRECTION('',(1.,0.,0.));
#11640=DIRECTION('',(0.,0.5,-0.866025403784439));
#11641=DIRECTION('center_axis',(0.,0.866025403784439,0.5));
#11642=DIRECTION('ref_axis',(0.,-0.5,0.866025403784439));
#11643=DIRECTION('',(1.,0.,0.));
#11644=DIRECTION('center_axis',(0.,-0.5,0.866025403784439));
#11645=DIRECTION('ref_axis',(1.,0.,0.));
#11646=DIRECTION('',(1.,0.,0.));
#11647=DIRECTION('center_axis',(0.,0.5,-0.866025403784439));
#11648=DIRECTION('ref_axis',(-1.,0.,0.));
#11649=DIRECTION('',(-1.,0.,0.));
#11650=DIRECTION('',(0.,-0.866025403784439,-0.5));
#11651=DIRECTION('center_axis',(0.,-0.5,0.866025403784439));
#11652=DIRECTION('ref_axis',(1.,0.,0.));
#11653=DIRECTION('',(0.,0.866025403784439,0.5));
#11654=DIRECTION('',(1.,0.,0.));
#11655=DIRECTION('center_axis',(-1.,0.,0.));
#11656=DIRECTION('ref_axis',(0.,0.,1.));
#11657=DIRECTION('',(0.,-0.866025403784439,-0.5));
#11658=DIRECTION('',(0.,-1.,0.));
#11659=DIRECTION('center_axis',(0.,0.5,-0.866025403784439));
#11660=DIRECTION('ref_axis',(-1.,0.,0.));
#11661=DIRECTION('',(-1.,0.,0.));
#11662=DIRECTION('center_axis',(0.,0.866025403784439,0.5));
#11663=DIRECTION('ref_axis',(0.,-0.5,0.866025403784439));
#11664=DIRECTION('',(1.,0.,0.));
#11665=DIRECTION('center_axis',(0.,-0.5,0.866025403784439));
#11666=DIRECTION('ref_axis',(1.,0.,0.));
#11667=DIRECTION('',(1.,0.,0.));
#11668=DIRECTION('center_axis',(0.,0.5,-0.866025403784439));
#11669=DIRECTION('ref_axis',(-1.,0.,0.));
#11670=DIRECTION('',(-1.,0.,0.));
#11671=DIRECTION('center_axis',(0.,0.866025403784439,0.5));
#11672=DIRECTION('ref_axis',(0.,-0.5,0.866025403784439));
#11673=DIRECTION('',(1.,0.,0.));
#11674=DIRECTION('',(0.,-0.5,0.866025403784439));
#11675=DIRECTION('',(1.,0.,0.));
#11676=DIRECTION('center_axis',(0.,-0.5,0.866025403784439));
#11677=DIRECTION('ref_axis',(1.,0.,0.));
#11678=DIRECTION('',(1.,0.,0.));
#11679=DIRECTION('',(0.,-0.866025403784439,-0.5));
#11680=DIRECTION('center_axis',(-1.,0.,0.));
#11681=DIRECTION('ref_axis',(0.,0.,1.));
#11682=DIRECTION('',(0.,-0.866025403784439,-0.5));
#11683=DIRECTION('',(0.,-1.,0.));
#11684=DIRECTION('center_axis',(0.,0.5,-0.866025403784439));
#11685=DIRECTION('ref_axis',(-1.,0.,0.));
#11686=DIRECTION('',(-1.,0.,0.));
#11687=DIRECTION('center_axis',(-1.,0.,0.));
#11688=DIRECTION('ref_axis',(0.,-1.,0.));
#11689=DIRECTION('',(0.,1.,0.));
#11690=DIRECTION('center_axis',(-1.,0.,0.));
#11691=DIRECTION('ref_axis',(0.,-1.,0.));
#11692=DIRECTION('center_axis',(-1.,0.,0.));
#11693=DIRECTION('ref_axis',(0.,-1.,0.));
#11694=DIRECTION('center_axis',(-1.,0.,0.));
#11695=DIRECTION('ref_axis',(0.,-1.,0.));
#11696=DIRECTION('',(0.,1.,0.));
#11697=DIRECTION('',(0.,-1.,0.));
#11698=DIRECTION('center_axis',(0.,1.,0.));
#11699=DIRECTION('ref_axis',(-1.,0.,0.));
#11700=DIRECTION('',(-1.,0.,0.));
#11701=DIRECTION('',(0.,0.,1.));
#11702=DIRECTION('',(1.,0.,0.));
#11703=DIRECTION('center_axis',(0.,0.,1.));
#11704=DIRECTION('ref_axis',(1.,0.,0.));
#11705=DIRECTION('',(1.,0.,0.));
#11706=DIRECTION('',(0.,1.,0.));
#11707=DIRECTION('',(-1.,0.,0.));
#11708=DIRECTION('',(0.,1.,0.));
#11709=DIRECTION('',(1.,0.,0.));
#11710=DIRECTION('',(0.,-1.,0.));
#11711=DIRECTION('',(-1.,0.,0.));
#11712=DIRECTION('',(0.,-1.,0.));
#11713=DIRECTION('',(1.,0.,0.));
#11714=DIRECTION('center_axis',(0.,0.,-1.));
#11715=DIRECTION('ref_axis',(0.707106781186548,-0.707106781186548,0.));
#11716=DIRECTION('',(0.,1.,0.));
#11717=DIRECTION('center_axis',(0.,0.,-1.));
#11718=DIRECTION('ref_axis',(0.707106781186549,0.707106781186546,0.));
#11719=DIRECTION('center_axis',(0.,0.,1.));
#11720=DIRECTION('ref_axis',(0.707106781186549,0.707106781186546,0.));
#11721=DIRECTION('',(0.,0.,-1.));
#11722=DIRECTION('center_axis',(0.,0.,1.));
#11723=DIRECTION('ref_axis',(0.707106781186549,0.707106781186546,0.));
#11724=DIRECTION('center_axis',(1.,0.,0.));
#11725=DIRECTION('ref_axis',(0.,1.,0.));
#11726=DIRECTION('',(0.,0.,1.));
#11727=DIRECTION('',(0.,-1.,0.));
#11728=DIRECTION('center_axis',(0.,0.,1.));
#11729=DIRECTION('ref_axis',(0.707106781186548,-0.707106781186548,0.));
#11730=DIRECTION('',(0.,0.,-1.));
#11731=DIRECTION('center_axis',(0.,0.,1.));
#11732=DIRECTION('ref_axis',(0.707106781186548,-0.707106781186548,0.));
#11733=DIRECTION('center_axis',(0.,-1.,0.));
#11734=DIRECTION('ref_axis',(1.,0.,0.));
#11735=DIRECTION('',(0.,0.,-1.));
#11736=DIRECTION('',(-1.,0.,0.));
#11737=DIRECTION('',(0.,0.,1.));
#11738=DIRECTION('',(-1.,0.,0.));
#11739=DIRECTION('center_axis',(-1.,0.,0.));
#11740=DIRECTION('ref_axis',(0.,-1.,0.));
#11741=DIRECTION('center_axis',(1.,0.,0.));
#11742=DIRECTION('ref_axis',(0.,-1.,0.));
#11743=DIRECTION('',(0.,0.,1.));
#11744=DIRECTION('',(0.,-1.,0.));
#11745=DIRECTION('center_axis',(-1.,0.,0.));
#11746=DIRECTION('ref_axis',(0.,1.,0.));
#11747=DIRECTION('',(0.,1.,0.));
#11748=DIRECTION('',(0.,0.,-1.));
#11749=DIRECTION('center_axis',(0.,0.,-1.));
#11750=DIRECTION('ref_axis',(-1.,0.,0.));
#11751=DIRECTION('',(1.,0.,0.));
#11752=DIRECTION('center_axis',(-1.,0.,0.));
#11753=DIRECTION('ref_axis',(0.,-1.,0.));
#11754=DIRECTION('',(0.,1.,0.));
#11755=DIRECTION('',(0.,0.,1.));
#11756=DIRECTION('',(0.,0.,1.));
#11757=DIRECTION('center_axis',(0.,1.,0.));
#11758=DIRECTION('ref_axis',(-1.,0.,0.));
#11759=DIRECTION('',(1.,0.,0.));
#11760=DIRECTION('',(0.,0.,1.));
#11761=DIRECTION('center_axis',(0.,-1.,0.));
#11762=DIRECTION('ref_axis',(1.,0.,0.));
#11763=DIRECTION('',(-1.,0.,0.));
#11764=DIRECTION('',(0.,0.,1.));
#11765=DIRECTION('center_axis',(1.,0.,0.));
#11766=DIRECTION('ref_axis',(0.,1.,0.));
#11767=DIRECTION('',(0.,-1.,0.));
#11768=DIRECTION('center_axis',(0.,0.,1.));
#11769=DIRECTION('ref_axis',(1.,0.,0.));
#11770=DIRECTION('center_axis',(0.,0.,1.));
#11771=DIRECTION('ref_axis',(1.,0.,0.));
#11772=CARTESIAN_POINT('',(0.,0.,0.));
#11773=CARTESIAN_POINT('Origin',(161.6875,-187.6438,13.));
#11774=CARTESIAN_POINT('',(163.8875,-187.6438,13.));
#11775=CARTESIAN_POINT('Origin',(161.6875,-187.6438,13.));
#11776=CARTESIAN_POINT('',(163.8875,-187.6438,7.));
#11777=CARTESIAN_POINT('',(163.8875,-187.6438,13.));
#11778=CARTESIAN_POINT('Origin',(161.6875,-187.6438,7.));
#11779=CARTESIAN_POINT('Origin',(161.6875,-187.6438,7.));
#11780=CARTESIAN_POINT('Origin',(-14.,-187.6438,7.));
#11781=CARTESIAN_POINT('',(-16.,-188.560315138991,7.));
#11782=CARTESIAN_POINT('',(-16.,-187.886751345948,7.));
#11783=CARTESIAN_POINT('',(-16.,-188.19794123742,7.));
#11784=CARTESIAN_POINT('',(-11.8,-187.6438,6.99999999999999));
#11785=CARTESIAN_POINT('Origin',(-14.,-187.6438,7.));
#11786=CARTESIAN_POINT('',(-16.1865439953273,-187.886751345948,7.));
#11787=CARTESIAN_POINT('Origin',(-14.,-187.6438,7.));
#11788=CARTESIAN_POINT('',(-17.,-187.886751345948,7.));
#11789=CARTESIAN_POINT('Origin',(-14.,-187.6438,13.));
#11790=CARTESIAN_POINT('',(-11.8,-187.6438,13.));
#11791=CARTESIAN_POINT('Origin',(-14.,-187.6438,13.));
#11792=CARTESIAN_POINT('',(-11.8,-187.6438,13.));
#11793=CARTESIAN_POINT('',(-16.,-188.560315138991,8.16664671168938));
#11794=CARTESIAN_POINT('',(-16.,-188.560315138991,13.));
#11795=CARTESIAN_POINT('Origin',(-14.,-187.6438,6.57919592505058));
#11796=CARTESIAN_POINT('Origin',(161.6875,19.,13.));
#11797=CARTESIAN_POINT('',(163.8875,19.,13.));
#11798=CARTESIAN_POINT('Origin',(161.6875,19.,13.));
#11799=CARTESIAN_POINT('',(163.8875,19.,7.));
#11800=CARTESIAN_POINT('',(163.8875,19.,13.));
#11801=CARTESIAN_POINT('Origin',(161.6875,19.,7.));
#11802=CARTESIAN_POINT('Origin',(161.6875,19.,7.));
#11803=CARTESIAN_POINT('Origin',(-14.,19.,13.));
#11804=CARTESIAN_POINT('',(-11.8,19.,13.));
#11805=CARTESIAN_POINT('Origin',(-14.,19.,13.));
#11806=CARTESIAN_POINT('',(-11.8,19.,7.));
#11807=CARTESIAN_POINT('',(-11.8,19.,13.));
#11808=CARTESIAN_POINT('Origin',(-14.,19.,7.));
#11809=CARTESIAN_POINT('Origin',(-14.,19.,7.));
#11810=CARTESIAN_POINT('Origin',(-20.,-184.133974596216,0.5));
#11811=CARTESIAN_POINT('',(-16.,-191.350852961086,13.));
#11812=CARTESIAN_POINT('',(-16.,-184.133974596216,0.5));
#11813=CARTESIAN_POINT('',(-18.7178128771396,-191.350852961086,13.));
#11814=CARTESIAN_POINT('',(26.921875,-191.350852961086,13.));
#11815=CARTESIAN_POINT('',(-20.,-187.6438,6.57919592505052));
#11816=CARTESIAN_POINT('Origin',(-14.,-187.6438,6.57919592505052));
#11817=CARTESIAN_POINT('',(-20.,-184.133974596216,0.5));
#11818=CARTESIAN_POINT('',(-20.,-157.883974596216,-44.966333698683));
#11819=CARTESIAN_POINT('',(-16.,-184.133974596216,0.5));
#11820=CARTESIAN_POINT('',(-20.,-184.133974596216,0.5));
#11821=CARTESIAN_POINT('',(-16.,-184.133974596216,0.5));
#11822=CARTESIAN_POINT('Origin',(-18.,5.49583505031894,12.9975949612251));
#11823=CARTESIAN_POINT('',(-16.,5.50000069967122,13.));
#11824=CARTESIAN_POINT('',(-20.,5.50000069967122,13.));
#11825=CARTESIAN_POINT('',(27.921875,5.50000069967121,13.));
#11826=CARTESIAN_POINT('',(-16.,5.49583505031894,12.9975949612251));
#11827=CARTESIAN_POINT('',(-16.,5.49583505031894,12.9975949612251));
#11828=CARTESIAN_POINT('',(-20.,5.49583505031894,12.9975949612251));
#11829=CARTESIAN_POINT('',(-20.,5.49583505031894,12.9975949612251));
#11830=CARTESIAN_POINT('',(-20.,9.99583505031895,15.5956711725784));
#11831=CARTESIAN_POINT('Origin',(-20.,13.,0.));
#11832=CARTESIAN_POINT('',(-20.,13.,0.));
#11833=CARTESIAN_POINT('',(-20.,14.5,-2.59807621135332));
#11834=CARTESIAN_POINT('',(-16.,13.,0.));
#11835=CARTESIAN_POINT('',(-16.,13.,0.));
#11836=CARTESIAN_POINT('',(26.921875,13.,0.));
#11837=CARTESIAN_POINT('Origin',(-20.,13.8660254037844,0.5));
#11838=CARTESIAN_POINT('',(-20.,6.64914703891409,13.));
#11839=CARTESIAN_POINT('',(-16.,6.6491470389141,13.));
#11840=CARTESIAN_POINT('',(26.921875,6.6491470389141,13.));
#11841=CARTESIAN_POINT('',(-20.,13.8660254037844,0.5));
#11842=CARTESIAN_POINT('',(-20.,15.3660254037844,-2.09807621135332));
#11843=CARTESIAN_POINT('',(-16.,13.8660254037844,0.5));
#11844=CARTESIAN_POINT('',(-20.,13.8660254037844,0.5));
#11845=CARTESIAN_POINT('',(-16.,13.8660254037844,0.5));
#11846=CARTESIAN_POINT('Origin',(-18.,13.,0.));
#11847=CARTESIAN_POINT('',(-20.,17.5,2.59807621135332));
#11848=CARTESIAN_POINT('',(26.921875,13.,0.));
#11849=CARTESIAN_POINT('',(-16.,13.,0.));
#11850=CARTESIAN_POINT('Origin',(-16.,9.24791752515945,6.49879748061256));
#11851=CARTESIAN_POINT('',(-16.,-37.5369912374203,13.));
#11852=CARTESIAN_POINT('Origin',(-18.,-6.50416494968105,12.9975949612251));
#11853=CARTESIAN_POINT('',(-16.,-6.49999930032878,13.));
#11854=CARTESIAN_POINT('',(-20.,-6.49999930032878,13.));
#11855=CARTESIAN_POINT('',(27.921875,-6.49999930032878,13.));
#11856=CARTESIAN_POINT('',(-16.,-6.50416494968105,12.9975949612251));
#11857=CARTESIAN_POINT('',(-16.,-6.50416494968105,12.9975949612251));
#11858=CARTESIAN_POINT('',(-20.,-6.50416494968105,12.9975949612251));
#11859=CARTESIAN_POINT('',(-20.,-6.50416494968105,12.9975949612251));
#11860=CARTESIAN_POINT('',(-20.,2.49583505031896,18.1937473839318));
#11861=CARTESIAN_POINT('Origin',(-20.,0.999999999999979,0.));
#11862=CARTESIAN_POINT('',(-20.,0.999999999999979,0.));
#11863=CARTESIAN_POINT('',(-20.,3.99999999999998,-5.19615242270663));
#11864=CARTESIAN_POINT('',(-16.,0.999999999999979,0.));
#11865=CARTESIAN_POINT('',(-16.,0.999999999999979,0.));
#11866=CARTESIAN_POINT('',(26.921875,0.999999999999981,-2.22044604925031E-15));
#11867=CARTESIAN_POINT('Origin',(-20.,1.86602540378442,0.5));
#11868=CARTESIAN_POINT('',(-20.,-5.35085296108591,13.));
#11869=CARTESIAN_POINT('',(-16.,-5.3508529610859,13.));
#11870=CARTESIAN_POINT('',(26.921875,-5.3508529610859,13.));
#11871=CARTESIAN_POINT('',(-20.,1.86602540378442,0.5));
#11872=CARTESIAN_POINT('',(-20.,4.86602540378441,-4.69615242270663));
#11873=CARTESIAN_POINT('',(-16.,1.86602540378442,0.5));
#11874=CARTESIAN_POINT('',(-20.,1.86602540378442,0.5));
#11875=CARTESIAN_POINT('',(-16.,1.86602540378442,0.5));
#11876=CARTESIAN_POINT('Origin',(-18.,0.999999999999979,0.));
#11877=CARTESIAN_POINT('',(-20.,9.99999999999999,5.19615242270663));
#11878=CARTESIAN_POINT('',(26.921875,0.999999999999981,-2.22044604925031E-15));
#11879=CARTESIAN_POINT('',(-16.,0.999999999999979,0.));
#11880=CARTESIAN_POINT('Origin',(-16.,-2.75208247484054,6.49879748061256));
#11881=CARTESIAN_POINT('',(-16.,-43.5369912374203,13.));
#11882=CARTESIAN_POINT('Origin',(-18.,-18.504164949681,12.9975949612251));
#11883=CARTESIAN_POINT('',(-16.,-18.4999993003288,13.));
#11884=CARTESIAN_POINT('',(-20.,-18.4999993003288,13.));
#11885=CARTESIAN_POINT('',(27.921875,-18.4999993003288,13.));
#11886=CARTESIAN_POINT('',(-16.,-18.504164949681,12.9975949612251));
#11887=CARTESIAN_POINT('',(-16.,-18.504164949681,12.9975949612251));
#11888=CARTESIAN_POINT('',(-20.,-18.504164949681,12.9975949612251));
#11889=CARTESIAN_POINT('',(-20.,-18.504164949681,12.9975949612251));
#11890=CARTESIAN_POINT('',(-20.,-5.00416494968103,20.7918235952851));
#11891=CARTESIAN_POINT('Origin',(-20.,-11.,0.));
#11892=CARTESIAN_POINT('',(-20.,-11.,0.));
#11893=CARTESIAN_POINT('',(-20.,-6.50000000000002,-7.79422863405995));
#11894=CARTESIAN_POINT('',(-16.,-11.,0.));
#11895=CARTESIAN_POINT('',(-16.,-11.,0.));
#11896=CARTESIAN_POINT('',(26.921875,-11.,0.));
#11897=CARTESIAN_POINT('Origin',(-20.,-10.1339745962156,0.5));
#11898=CARTESIAN_POINT('',(-20.,-17.3508529610859,13.));
#11899=CARTESIAN_POINT('',(-16.,-17.3508529610859,13.));
#11900=CARTESIAN_POINT('',(26.921875,-17.3508529610859,13.));
#11901=CARTESIAN_POINT('',(-20.,-10.1339745962156,0.5));
#11902=CARTESIAN_POINT('',(-20.,-5.63397459621558,-7.29422863405995));
#11903=CARTESIAN_POINT('',(-16.,-10.1339745962156,0.5));
#11904=CARTESIAN_POINT('',(-20.,-10.1339745962156,0.5));
#11905=CARTESIAN_POINT('',(-16.,-10.1339745962156,0.5));
#11906=CARTESIAN_POINT('Origin',(-18.,-11.,0.));
#11907=CARTESIAN_POINT('',(-20.,2.5,7.79422863405995));
#11908=CARTESIAN_POINT('',(26.921875,-11.,0.));
#11909=CARTESIAN_POINT('',(-16.,-11.,0.));
#11910=CARTESIAN_POINT('Origin',(-16.,-14.7520824748405,6.49879748061256));
#11911=CARTESIAN_POINT('',(-16.,-49.5369912374203,13.));
#11912=CARTESIAN_POINT('Origin',(-18.,-30.5041649496811,12.9975949612251));
#11913=CARTESIAN_POINT('',(-16.,-30.4999993003288,13.));
#11914=CARTESIAN_POINT('',(-20.,-30.4999993003288,13.));
#11915=CARTESIAN_POINT('',(27.921875,-30.4999993003288,13.));
#11916=CARTESIAN_POINT('',(-16.,-30.5041649496811,12.9975949612251));
#11917=CARTESIAN_POINT('',(-16.,-30.5041649496811,12.9975949612251));
#11918=CARTESIAN_POINT('',(-20.,-30.5041649496811,12.9975949612251));
#11919=CARTESIAN_POINT('',(-20.,-30.5041649496811,12.9975949612251));
#11920=CARTESIAN_POINT('',(-20.,-12.504164949681,23.3898998066384));
#11921=CARTESIAN_POINT('Origin',(-20.,-23.,0.));
#11922=CARTESIAN_POINT('',(-20.,-23.,0.));
#11923=CARTESIAN_POINT('',(-20.,-17.,-10.3923048454133));
#11924=CARTESIAN_POINT('',(-16.,-23.,0.));
#11925=CARTESIAN_POINT('',(-16.,-23.,0.));
#11926=CARTESIAN_POINT('',(26.921875,-23.,-2.22044604925031E-15));
#11927=CARTESIAN_POINT('Origin',(-20.,-22.1339745962156,0.5));
#11928=CARTESIAN_POINT('',(-20.,-29.3508529610859,13.));
#11929=CARTESIAN_POINT('',(-16.,-29.3508529610859,13.));
#11930=CARTESIAN_POINT('',(26.921875,-29.3508529610859,13.));
#11931=CARTESIAN_POINT('',(-20.,-22.1339745962156,0.5));
#11932=CARTESIAN_POINT('',(-20.,-16.1339745962156,-9.89230484541326));
#11933=CARTESIAN_POINT('',(-16.,-22.1339745962156,0.5));
#11934=CARTESIAN_POINT('',(-20.,-22.1339745962156,0.5));
#11935=CARTESIAN_POINT('',(-16.,-22.1339745962156,0.5));
#11936=CARTESIAN_POINT('Origin',(-18.,-23.,0.));
#11937=CARTESIAN_POINT('',(-20.,-5.,10.3923048454133));
#11938=CARTESIAN_POINT('',(26.921875,-23.,-2.22044604925031E-15));
#11939=CARTESIAN_POINT('',(-16.,-23.,0.));
#11940=CARTESIAN_POINT('Origin',(-16.,-26.7520824748405,6.49879748061256));
#11941=CARTESIAN_POINT('',(-16.,-55.5369912374203,13.));
#11942=CARTESIAN_POINT('Origin',(-18.,-42.5041649496811,12.9975949612251));
#11943=CARTESIAN_POINT('',(-16.,-42.4999993003288,13.));
#11944=CARTESIAN_POINT('',(-20.,-42.4999993003288,13.));
#11945=CARTESIAN_POINT('',(27.921875,-42.4999993003288,13.));
#11946=CARTESIAN_POINT('',(-16.,-42.5041649496811,12.9975949612251));
#11947=CARTESIAN_POINT('',(-16.,-42.5041649496811,12.9975949612251));
#11948=CARTESIAN_POINT('',(-20.,-42.5041649496811,12.9975949612251));
#11949=CARTESIAN_POINT('',(-20.,-42.5041649496811,12.9975949612251));
#11950=CARTESIAN_POINT('',(-20.,-20.004164949681,25.9879760179917));
#11951=CARTESIAN_POINT('Origin',(-20.,-35.,0.));
#11952=CARTESIAN_POINT('',(-20.,-35.,0.));
#11953=CARTESIAN_POINT('',(-20.,-27.5,-12.9903810567666));
#11954=CARTESIAN_POINT('',(-16.,-35.,0.));
#11955=CARTESIAN_POINT('',(-16.,-35.,0.));
#11956=CARTESIAN_POINT('',(26.921875,-35.,-2.22044604925031E-15));
#11957=CARTESIAN_POINT('Origin',(-20.,-34.1339745962156,0.5));
#11958=CARTESIAN_POINT('',(-20.,-41.3508529610859,13.));
#11959=CARTESIAN_POINT('',(-16.,-41.3508529610859,13.));
#11960=CARTESIAN_POINT('',(26.921875,-41.3508529610859,13.));
#11961=CARTESIAN_POINT('',(-20.,-34.1339745962156,0.5));
#11962=CARTESIAN_POINT('',(-20.,-26.6339745962156,-12.4903810567666));
#11963=CARTESIAN_POINT('',(-16.,-34.1339745962156,0.5));
#11964=CARTESIAN_POINT('',(-20.,-34.1339745962156,0.5));
#11965=CARTESIAN_POINT('',(-16.,-34.1339745962156,0.5));
#11966=CARTESIAN_POINT('Origin',(-18.,-35.,0.));
#11967=CARTESIAN_POINT('',(-20.,-12.5,12.9903810567666));
#11968=CARTESIAN_POINT('',(26.921875,-35.,-2.22044604925031E-15));
#11969=CARTESIAN_POINT('',(-16.,-35.,0.));
#11970=CARTESIAN_POINT('Origin',(-16.,-38.7520824748405,6.49879748061256));
#11971=CARTESIAN_POINT('',(-16.,-61.5369912374203,13.));
#11972=CARTESIAN_POINT('Origin',(-18.,-54.504164949681,12.9975949612251));
#11973=CARTESIAN_POINT('',(-16.,-54.4999993003288,13.));
#11974=CARTESIAN_POINT('',(-20.,-54.4999993003288,13.));
#11975=CARTESIAN_POINT('',(27.921875,-54.4999993003288,13.));
#11976=CARTESIAN_POINT('',(-16.,-54.504164949681,12.9975949612251));
#11977=CARTESIAN_POINT('',(-16.,-54.504164949681,12.9975949612251));
#11978=CARTESIAN_POINT('',(-20.,-54.504164949681,12.9975949612251));
#11979=CARTESIAN_POINT('',(-20.,-54.504164949681,12.9975949612251));
#11980=CARTESIAN_POINT('',(-20.,-27.504164949681,28.586052229345));
#11981=CARTESIAN_POINT('Origin',(-20.,-47.,0.));
#11982=CARTESIAN_POINT('',(-20.,-47.,0.));
#11983=CARTESIAN_POINT('',(-20.,-38.,-15.5884572681199));
#11984=CARTESIAN_POINT('',(-16.,-47.,0.));
#11985=CARTESIAN_POINT('',(-16.,-47.,0.));
#11986=CARTESIAN_POINT('',(26.921875,-47.,-1.11022302462516E-15));
#11987=CARTESIAN_POINT('Origin',(-20.,-46.1339745962156,0.5));
#11988=CARTESIAN_POINT('',(-20.,-53.3508529610859,13.));
#11989=CARTESIAN_POINT('',(-16.,-53.3508529610859,13.));
#11990=CARTESIAN_POINT('',(26.921875,-53.3508529610859,13.));
#11991=CARTESIAN_POINT('',(-20.,-46.1339745962156,0.5));
#11992=CARTESIAN_POINT('',(-20.,-37.1339745962156,-15.0884572681199));
#11993=CARTESIAN_POINT('',(-16.,-46.1339745962156,0.5));
#11994=CARTESIAN_POINT('',(-20.,-46.1339745962156,0.5));
#11995=CARTESIAN_POINT('',(-16.,-46.1339745962156,0.5));
#11996=CARTESIAN_POINT('Origin',(-18.,-47.,0.));
#11997=CARTESIAN_POINT('',(-20.,-20.,15.5884572681199));
#11998=CARTESIAN_POINT('',(26.921875,-47.,-1.11022302462516E-15));
#11999=CARTESIAN_POINT('',(-16.,-47.,0.));
#12000=CARTESIAN_POINT('Origin',(-16.,-50.7520824748405,6.49879748061256));
#12001=CARTESIAN_POINT('',(-16.,-67.5369912374203,13.));
#12002=CARTESIAN_POINT('Origin',(-18.,-66.5041649496811,12.9975949612251));
#12003=CARTESIAN_POINT('',(-16.,-66.4999993003288,13.));
#12004=CARTESIAN_POINT('',(-20.,-66.4999993003288,13.));
#12005=CARTESIAN_POINT('',(27.921875,-66.4999993003288,13.));
#12006=CARTESIAN_POINT('',(-16.,-66.5041649496811,12.9975949612251));
#12007=CARTESIAN_POINT('',(-16.,-66.5041649496811,12.9975949612251));
#12008=CARTESIAN_POINT('',(-20.,-66.5041649496811,12.9975949612251));
#12009=CARTESIAN_POINT('',(-20.,-66.5041649496811,12.9975949612251));
#12010=CARTESIAN_POINT('',(-20.,-35.004164949681,31.1841284406983));
#12011=CARTESIAN_POINT('Origin',(-20.,-59.,0.));
#12012=CARTESIAN_POINT('',(-20.,-59.,0.));
#12013=CARTESIAN_POINT('',(-20.,-48.5,-18.1865334794732));
#12014=CARTESIAN_POINT('',(-16.,-59.,0.));
#12015=CARTESIAN_POINT('',(-16.,-59.,0.));
#12016=CARTESIAN_POINT('',(26.921875,-59.,-1.11022302462516E-15));
#12017=CARTESIAN_POINT('Origin',(-20.,-58.1339745962156,0.5));
#12018=CARTESIAN_POINT('',(-20.,-65.3508529610859,13.));
#12019=CARTESIAN_POINT('',(-16.,-65.3508529610859,13.));
#12020=CARTESIAN_POINT('',(26.921875,-65.3508529610859,13.));
#12021=CARTESIAN_POINT('',(-20.,-58.1339745962156,0.5));
#12022=CARTESIAN_POINT('',(-20.,-47.6339745962156,-17.6865334794732));
#12023=CARTESIAN_POINT('',(-16.,-58.1339745962156,0.5));
#12024=CARTESIAN_POINT('',(-20.,-58.1339745962156,0.5));
#12025=CARTESIAN_POINT('',(-16.,-58.1339745962156,0.5));
#12026=CARTESIAN_POINT('Origin',(-18.,-59.,0.));
#12027=CARTESIAN_POINT('',(-20.,-27.5,18.1865334794732));
#12028=CARTESIAN_POINT('',(26.921875,-59.,-1.11022302462516E-15));
#12029=CARTESIAN_POINT('',(-16.,-59.,0.));
#12030=CARTESIAN_POINT('Origin',(-16.,-62.7520824748405,6.49879748061256));
#12031=CARTESIAN_POINT('',(-16.,-73.5369912374203,13.));
#12032=CARTESIAN_POINT('Origin',(-18.,-78.504164949681,12.9975949612251));
#12033=CARTESIAN_POINT('',(-16.,-78.4999993003288,13.));
#12034=CARTESIAN_POINT('',(-20.,-78.4999993003288,13.));
#12035=CARTESIAN_POINT('',(27.921875,-78.4999993003288,13.));
#12036=CARTESIAN_POINT('',(-16.,-78.504164949681,12.9975949612251));
#12037=CARTESIAN_POINT('',(-16.,-78.504164949681,12.9975949612251));
#12038=CARTESIAN_POINT('',(-20.,-78.504164949681,12.9975949612251));
#12039=CARTESIAN_POINT('',(-20.,-78.504164949681,12.9975949612251));
#12040=CARTESIAN_POINT('',(-20.,-42.504164949681,33.7822046520516));
#12041=CARTESIAN_POINT('Origin',(-20.,-71.,0.));
#12042=CARTESIAN_POINT('',(-20.,-71.,0.));
#12043=CARTESIAN_POINT('',(-20.,-59.,-20.7846096908265));
#12044=CARTESIAN_POINT('',(-16.,-71.,0.));
#12045=CARTESIAN_POINT('',(-16.,-71.,0.));
#12046=CARTESIAN_POINT('',(26.921875,-71.,0.));
#12047=CARTESIAN_POINT('Origin',(-20.,-70.1339745962156,0.5));
#12048=CARTESIAN_POINT('',(-20.,-77.3508529610859,13.));
#12049=CARTESIAN_POINT('',(-16.,-77.3508529610859,13.));
#12050=CARTESIAN_POINT('',(26.921875,-77.3508529610859,13.));
#12051=CARTESIAN_POINT('',(-20.,-70.1339745962156,0.5));
#12052=CARTESIAN_POINT('',(-20.,-58.1339745962156,-20.2846096908265));
#12053=CARTESIAN_POINT('',(-16.,-70.1339745962156,0.5));
#12054=CARTESIAN_POINT('',(-20.,-70.1339745962156,0.5));
#12055=CARTESIAN_POINT('',(-16.,-70.1339745962156,0.5));
#12056=CARTESIAN_POINT('Origin',(-18.,-71.,0.));
#12057=CARTESIAN_POINT('',(-20.,-35.,20.7846096908265));
#12058=CARTESIAN_POINT('',(26.921875,-71.,0.));
#12059=CARTESIAN_POINT('',(-16.,-71.,0.));
#12060=CARTESIAN_POINT('Origin',(-16.,-74.7520824748405,6.49879748061256));
#12061=CARTESIAN_POINT('',(-16.,-79.5369912374203,13.));
#12062=CARTESIAN_POINT('Origin',(-18.,-90.504164949681,12.9975949612251));
#12063=CARTESIAN_POINT('',(-16.,-90.4999993003288,13.));
#12064=CARTESIAN_POINT('',(-20.,-90.4999993003288,13.));
#12065=CARTESIAN_POINT('',(27.921875,-90.4999993003288,13.));
#12066=CARTESIAN_POINT('',(-16.,-90.504164949681,12.9975949612251));
#12067=CARTESIAN_POINT('',(-16.,-90.504164949681,12.9975949612251));
#12068=CARTESIAN_POINT('',(-20.,-90.504164949681,12.9975949612251));
#12069=CARTESIAN_POINT('',(-20.,-90.504164949681,12.9975949612251));
#12070=CARTESIAN_POINT('',(-20.,-50.004164949681,36.3802808634049));
#12071=CARTESIAN_POINT('Origin',(-20.,-83.,0.));
#12072=CARTESIAN_POINT('',(-20.,-83.,0.));
#12073=CARTESIAN_POINT('',(-20.,-69.5,-23.3826859021798));
#12074=CARTESIAN_POINT('',(-16.,-83.,0.));
#12075=CARTESIAN_POINT('',(-16.,-83.,0.));
#12076=CARTESIAN_POINT('',(26.921875,-83.,-3.46944695195361E-17));
#12077=CARTESIAN_POINT('Origin',(-20.,-82.1339745962156,0.5));
#12078=CARTESIAN_POINT('',(-20.,-89.3508529610859,13.));
#12079=CARTESIAN_POINT('',(-16.,-89.3508529610859,13.));
#12080=CARTESIAN_POINT('',(26.921875,-89.3508529610859,13.));
#12081=CARTESIAN_POINT('',(-20.,-82.1339745962156,0.5));
#12082=CARTESIAN_POINT('',(-20.,-68.6339745962156,-22.8826859021798));
#12083=CARTESIAN_POINT('',(-16.,-82.1339745962156,0.5));
#12084=CARTESIAN_POINT('',(-20.,-82.1339745962156,0.5));
#12085=CARTESIAN_POINT('',(-16.,-82.1339745962156,0.5));
#12086=CARTESIAN_POINT('Origin',(-18.,-83.,0.));
#12087=CARTESIAN_POINT('',(-20.,-42.5,23.3826859021798));
#12088=CARTESIAN_POINT('',(26.921875,-83.,-3.46944695195361E-17));
#12089=CARTESIAN_POINT('',(-16.,-83.,0.));
#12090=CARTESIAN_POINT('Origin',(-16.,-86.7520824748405,6.49879748061256));
#12091=CARTESIAN_POINT('',(-16.,-85.5369912374203,13.));
#12092=CARTESIAN_POINT('Origin',(-18.,-102.504164949681,12.9975949612251));
#12093=CARTESIAN_POINT('',(-16.,-102.499999300329,13.));
#12094=CARTESIAN_POINT('',(-20.,-102.499999300329,13.));
#12095=CARTESIAN_POINT('',(27.921875,-102.499999300329,13.));
#12096=CARTESIAN_POINT('',(-16.,-102.504164949681,12.9975949612251));
#12097=CARTESIAN_POINT('',(-16.,-102.504164949681,12.9975949612251));
#12098=CARTESIAN_POINT('',(-20.,-102.504164949681,12.9975949612251));
#12099=CARTESIAN_POINT('',(-20.,-102.504164949681,12.9975949612251));
#12100=CARTESIAN_POINT('',(-20.,-57.504164949681,38.9783570747583));
#12101=CARTESIAN_POINT('Origin',(-20.,-95.,0.));
#12102=CARTESIAN_POINT('',(-20.,-95.,0.));
#12103=CARTESIAN_POINT('',(-20.,-80.,-25.9807621135332));
#12104=CARTESIAN_POINT('',(-16.,-95.,0.));
#12105=CARTESIAN_POINT('',(-16.,-95.,0.));
#12106=CARTESIAN_POINT('',(26.921875,-95.,2.77555756156289E-16));
#12107=CARTESIAN_POINT('Origin',(-20.,-94.1339745962156,0.5));
#12108=CARTESIAN_POINT('',(-20.,-101.350852961086,13.));
#12109=CARTESIAN_POINT('',(-16.,-101.350852961086,13.));
#12110=CARTESIAN_POINT('',(26.921875,-101.350852961086,13.));
#12111=CARTESIAN_POINT('',(-20.,-94.1339745962156,0.5));
#12112=CARTESIAN_POINT('',(-20.,-79.1339745962156,-25.4807621135331));
#12113=CARTESIAN_POINT('',(-16.,-94.1339745962156,0.5));
#12114=CARTESIAN_POINT('',(-20.,-94.1339745962156,0.5));
#12115=CARTESIAN_POINT('',(-16.,-94.1339745962156,0.5));
#12116=CARTESIAN_POINT('Origin',(-18.,-95.,0.));
#12117=CARTESIAN_POINT('',(-20.,-50.,25.9807621135331));
#12118=CARTESIAN_POINT('',(26.921875,-95.,2.77555756156289E-16));
#12119=CARTESIAN_POINT('',(-16.,-95.,0.));
#12120=CARTESIAN_POINT('Origin',(-16.,-98.7520824748405,6.49879748061256));
#12121=CARTESIAN_POINT('',(-16.,-91.5369912374203,13.));
#12122=CARTESIAN_POINT('Origin',(-18.,-114.504164949681,12.9975949612251));
#12123=CARTESIAN_POINT('',(-16.,-114.499999300329,13.));
#12124=CARTESIAN_POINT('',(-20.,-114.499999300329,13.));
#12125=CARTESIAN_POINT('',(27.921875,-114.499999300329,13.));
#12126=CARTESIAN_POINT('',(-16.,-114.504164949681,12.9975949612251));
#12127=CARTESIAN_POINT('',(-16.,-114.504164949681,12.9975949612251));
#12128=CARTESIAN_POINT('',(-20.,-114.504164949681,12.9975949612251));
#12129=CARTESIAN_POINT('',(-20.,-114.504164949681,12.9975949612251));
#12130=CARTESIAN_POINT('',(-20.,-65.004164949681,41.5764332861116));
#12131=CARTESIAN_POINT('Origin',(-20.,-107.,0.));
#12132=CARTESIAN_POINT('',(-20.,-107.,0.));
#12133=CARTESIAN_POINT('',(-20.,-90.5,-28.5788383248865));
#12134=CARTESIAN_POINT('',(-16.,-107.,0.));
#12135=CARTESIAN_POINT('',(-16.,-107.,0.));
#12136=CARTESIAN_POINT('',(26.921875,-107.,5.55111512312578E-16));
#12137=CARTESIAN_POINT('Origin',(-20.,-106.133974596216,0.5));
#12138=CARTESIAN_POINT('',(-20.,-113.350852961086,13.));
#12139=CARTESIAN_POINT('',(-16.,-113.350852961086,13.));
#12140=CARTESIAN_POINT('',(26.921875,-113.350852961086,13.));
#12141=CARTESIAN_POINT('',(-20.,-106.133974596216,0.5));
#12142=CARTESIAN_POINT('',(-20.,-89.6339745962156,-28.0788383248865));
#12143=CARTESIAN_POINT('',(-16.,-106.133974596216,0.5));
#12144=CARTESIAN_POINT('',(-20.,-106.133974596216,0.5));
#12145=CARTESIAN_POINT('',(-16.,-106.133974596216,0.5));
#12146=CARTESIAN_POINT('Origin',(-18.,-107.,0.));
#12147=CARTESIAN_POINT('',(-20.,-57.5,28.5788383248865));
#12148=CARTESIAN_POINT('',(26.921875,-107.,5.55111512312578E-16));
#12149=CARTESIAN_POINT('',(-16.,-107.,0.));
#12150=CARTESIAN_POINT('Origin',(-16.,-110.752082474841,6.49879748061256));
#12151=CARTESIAN_POINT('',(-16.,-97.5369912374203,13.));
#12152=CARTESIAN_POINT('Origin',(-18.,-126.504164949681,12.9975949612251));
#12153=CARTESIAN_POINT('',(-16.,-126.499999300329,13.));
#12154=CARTESIAN_POINT('',(-20.,-126.499999300329,13.));
#12155=CARTESIAN_POINT('',(27.921875,-126.499999300329,13.));
#12156=CARTESIAN_POINT('',(-16.,-126.504164949681,12.9975949612251));
#12157=CARTESIAN_POINT('',(-16.,-126.504164949681,12.9975949612251));
#12158=CARTESIAN_POINT('',(-20.,-126.504164949681,12.9975949612251));
#12159=CARTESIAN_POINT('',(-20.,-126.504164949681,12.9975949612251));
#12160=CARTESIAN_POINT('',(-20.,-72.504164949681,44.1745094974649));
#12161=CARTESIAN_POINT('Origin',(-20.,-119.,0.));
#12162=CARTESIAN_POINT('',(-20.,-119.,0.));
#12163=CARTESIAN_POINT('',(-20.,-101.,-31.1769145362398));
#12164=CARTESIAN_POINT('',(-16.,-119.,0.));
#12165=CARTESIAN_POINT('',(-16.,-119.,0.));
#12166=CARTESIAN_POINT('',(26.921875,-119.,1.11022302462516E-15));
#12167=CARTESIAN_POINT('Origin',(-20.,-118.133974596216,0.5));
#12168=CARTESIAN_POINT('',(-20.,-125.350852961086,13.));
#12169=CARTESIAN_POINT('',(-16.,-125.350852961086,13.));
#12170=CARTESIAN_POINT('',(26.921875,-125.350852961086,13.));
#12171=CARTESIAN_POINT('',(-20.,-118.133974596216,0.5));
#12172=CARTESIAN_POINT('',(-20.,-100.133974596216,-30.6769145362398));
#12173=CARTESIAN_POINT('',(-16.,-118.133974596216,0.5));
#12174=CARTESIAN_POINT('',(-20.,-118.133974596216,0.5));
#12175=CARTESIAN_POINT('',(-16.,-118.133974596216,0.5));
#12176=CARTESIAN_POINT('Origin',(-18.,-119.,0.));
#12177=CARTESIAN_POINT('',(-20.,-65.,31.1769145362398));
#12178=CARTESIAN_POINT('',(26.921875,-119.,1.11022302462516E-15));
#12179=CARTESIAN_POINT('',(-16.,-119.,0.));
#12180=CARTESIAN_POINT('Origin',(-16.,-122.752082474841,6.49879748061256));
#12181=CARTESIAN_POINT('',(-16.,-103.53699123742,13.));
#12182=CARTESIAN_POINT('Origin',(-18.,-138.504164949681,12.9975949612251));
#12183=CARTESIAN_POINT('',(-16.,-138.499999300329,13.));
#12184=CARTESIAN_POINT('',(-20.,-138.499999300329,13.));
#12185=CARTESIAN_POINT('',(27.921875,-138.499999300329,13.));
#12186=CARTESIAN_POINT('',(-16.,-138.504164949681,12.9975949612251));
#12187=CARTESIAN_POINT('',(-16.,-138.504164949681,12.9975949612251));
#12188=CARTESIAN_POINT('',(-20.,-138.504164949681,12.9975949612251));
#12189=CARTESIAN_POINT('',(-20.,-138.504164949681,12.9975949612251));
#12190=CARTESIAN_POINT('',(-20.,-80.004164949681,46.7725857088182));
#12191=CARTESIAN_POINT('Origin',(-20.,-131.,0.));
#12192=CARTESIAN_POINT('',(-20.,-131.,0.));
#12193=CARTESIAN_POINT('',(-20.,-111.5,-33.7749907475931));
#12194=CARTESIAN_POINT('',(-16.,-131.,0.));
#12195=CARTESIAN_POINT('',(-16.,-131.,0.));
#12196=CARTESIAN_POINT('',(26.921875,-131.,0.));
#12197=CARTESIAN_POINT('Origin',(-20.,-130.133974596216,0.5));
#12198=CARTESIAN_POINT('',(-20.,-137.350852961086,13.));
#12199=CARTESIAN_POINT('',(-16.,-137.350852961086,13.));
#12200=CARTESIAN_POINT('',(26.921875,-137.350852961086,13.));
#12201=CARTESIAN_POINT('',(-20.,-130.133974596216,0.5));
#12202=CARTESIAN_POINT('',(-20.,-110.633974596216,-33.2749907475931));
#12203=CARTESIAN_POINT('',(-16.,-130.133974596216,0.5));
#12204=CARTESIAN_POINT('',(-20.,-130.133974596216,0.5));
#12205=CARTESIAN_POINT('',(-16.,-130.133974596216,0.5));
#12206=CARTESIAN_POINT('Origin',(-18.,-131.,0.));
#12207=CARTESIAN_POINT('',(-20.,-72.5,33.7749907475931));
#12208=CARTESIAN_POINT('',(26.921875,-131.,0.));
#12209=CARTESIAN_POINT('',(-16.,-131.,0.));
#12210=CARTESIAN_POINT('Origin',(-16.,-134.752082474841,6.49879748061256));
#12211=CARTESIAN_POINT('',(-16.,-109.53699123742,13.));
#12212=CARTESIAN_POINT('Origin',(-18.,-150.504164949681,12.9975949612251));
#12213=CARTESIAN_POINT('',(-16.,-150.499999300329,13.));
#12214=CARTESIAN_POINT('',(-20.,-150.499999300329,13.));
#12215=CARTESIAN_POINT('',(27.921875,-150.499999300329,13.));
#12216=CARTESIAN_POINT('',(-16.,-150.504164949681,12.9975949612251));
#12217=CARTESIAN_POINT('',(-16.,-150.504164949681,12.9975949612251));
#12218=CARTESIAN_POINT('',(-20.,-150.504164949681,12.9975949612251));
#12219=CARTESIAN_POINT('',(-20.,-150.504164949681,12.9975949612251));
#12220=CARTESIAN_POINT('',(-20.,-87.504164949681,49.3706619201715));
#12221=CARTESIAN_POINT('Origin',(-20.,-143.,0.));
#12222=CARTESIAN_POINT('',(-20.,-143.,0.));
#12223=CARTESIAN_POINT('',(-20.,-122.,-36.3730669589464));
#12224=CARTESIAN_POINT('',(-16.,-143.,0.));
#12225=CARTESIAN_POINT('',(-16.,-143.,0.));
#12226=CARTESIAN_POINT('',(26.921875,-143.,2.22044604925031E-15));
#12227=CARTESIAN_POINT('Origin',(-20.,-142.133974596216,0.5));
#12228=CARTESIAN_POINT('',(-20.,-149.350852961086,13.));
#12229=CARTESIAN_POINT('',(-16.,-149.350852961086,13.));
#12230=CARTESIAN_POINT('',(26.921875,-149.350852961086,13.));
#12231=CARTESIAN_POINT('',(-20.,-142.133974596216,0.5));
#12232=CARTESIAN_POINT('',(-20.,-121.133974596216,-35.8730669589464));
#12233=CARTESIAN_POINT('',(-16.,-142.133974596216,0.5));
#12234=CARTESIAN_POINT('',(-20.,-142.133974596216,0.5));
#12235=CARTESIAN_POINT('',(-16.,-142.133974596216,0.5));
#12236=CARTESIAN_POINT('Origin',(-18.,-143.,0.));
#12237=CARTESIAN_POINT('',(-20.,-80.,36.3730669589464));
#12238=CARTESIAN_POINT('',(26.921875,-143.,2.22044604925031E-15));
#12239=CARTESIAN_POINT('',(-16.,-143.,0.));
#12240=CARTESIAN_POINT('Origin',(-16.,-146.752082474841,6.49879748061256));
#12241=CARTESIAN_POINT('',(-16.,-115.53699123742,13.));
#12242=CARTESIAN_POINT('Origin',(-20.,-185.,0.));
#12243=CARTESIAN_POINT('',(-17.5180751208454,-192.504164949681,12.9975949612251));
#12244=CARTESIAN_POINT('',(-20.,-187.6438,4.57919592505053));
#12245=CARTESIAN_POINT('Origin',(-14.,-187.6438,4.57919592505053));
#12246=CARTESIAN_POINT('',(-16.,-192.504164949681,12.9975949612251));
#12247=CARTESIAN_POINT('',(-20.,-192.504164949681,12.9975949612251));
#12248=CARTESIAN_POINT('',(-16.,-185.,0.));
#12249=CARTESIAN_POINT('',(-16.,-185.,0.));
#12250=CARTESIAN_POINT('',(-20.,-185.,0.));
#12251=CARTESIAN_POINT('',(26.921875,-185.,0.));
#12252=CARTESIAN_POINT('',(-20.,-158.75,-45.466333698683));
#12253=CARTESIAN_POINT('Origin',(-18.,-185.,0.));
#12254=CARTESIAN_POINT('',(-20.,-106.25,45.466333698683));
#12255=CARTESIAN_POINT('',(26.921875,-185.,0.));
#12256=CARTESIAN_POINT('',(-16.,-185.,0.));
#12257=CARTESIAN_POINT('Origin',(-16.,-188.752082474841,6.49879748061256));
#12258=CARTESIAN_POINT('',(-16.,-192.499999300329,13.));
#12259=CARTESIAN_POINT('',(-16.,-192.504164949681,12.9975949612251));
#12260=CARTESIAN_POINT('',(-16.,-136.53699123742,13.));
#12261=CARTESIAN_POINT('Origin',(-18.,-192.504164949681,12.9975949612251));
#12262=CARTESIAN_POINT('',(-17.5238229744819,-192.499999300329,13.));
#12263=CARTESIAN_POINT('Origin',(-14.,-187.6438,15.8037279732833));
#12264=CARTESIAN_POINT('',(27.921875,-192.499999300329,13.));
#12265=CARTESIAN_POINT('Origin',(-18.,-156.504164949681,12.9975949612251));
#12266=CARTESIAN_POINT('',(-16.,-156.499999300329,13.));
#12267=CARTESIAN_POINT('',(-20.,-156.499999300329,13.));
#12268=CARTESIAN_POINT('',(27.921875,-156.499999300329,13.));
#12269=CARTESIAN_POINT('',(-16.,-156.504164949681,12.9975949612251));
#12270=CARTESIAN_POINT('',(-16.,-156.504164949681,12.9975949612251));
#12271=CARTESIAN_POINT('',(-20.,-156.504164949681,12.9975949612251));
#12272=CARTESIAN_POINT('',(-20.,-156.504164949681,12.9975949612251));
#12273=CARTESIAN_POINT('',(-20.,-91.254164949681,50.6697000258482));
#12274=CARTESIAN_POINT('Origin',(-20.,-149.,0.));
#12275=CARTESIAN_POINT('',(-20.,-149.,0.));
#12276=CARTESIAN_POINT('',(-20.,-127.25,-37.6721050646231));
#12277=CARTESIAN_POINT('',(-16.,-149.,0.));
#12278=CARTESIAN_POINT('',(-16.,-149.,0.));
#12279=CARTESIAN_POINT('',(26.921875,-149.,0.));
#12280=CARTESIAN_POINT('Origin',(-20.,-148.133974596216,0.5));
#12281=CARTESIAN_POINT('',(-20.,-155.350852961086,13.));
#12282=CARTESIAN_POINT('',(-16.,-155.350852961086,13.));
#12283=CARTESIAN_POINT('',(26.921875,-155.350852961086,13.));
#12284=CARTESIAN_POINT('',(-20.,-148.133974596216,0.5));
#12285=CARTESIAN_POINT('',(-20.,-126.383974596216,-37.1721050646231));
#12286=CARTESIAN_POINT('',(-16.,-148.133974596216,0.5));
#12287=CARTESIAN_POINT('',(-20.,-148.133974596216,0.5));
#12288=CARTESIAN_POINT('',(-16.,-148.133974596216,0.5));
#12289=CARTESIAN_POINT('Origin',(-18.,-149.,0.));
#12290=CARTESIAN_POINT('',(-20.,-83.75,37.6721050646231));
#12291=CARTESIAN_POINT('',(26.921875,-149.,0.));
#12292=CARTESIAN_POINT('',(-16.,-149.,0.));
#12293=CARTESIAN_POINT('Origin',(-16.,-152.752082474841,6.49879748061256));
#12294=CARTESIAN_POINT('',(-16.,-118.53699123742,13.));
#12295=CARTESIAN_POINT('Origin',(-18.,-144.504164949681,12.9975949612251));
#12296=CARTESIAN_POINT('',(-16.,-144.499999300329,13.));
#12297=CARTESIAN_POINT('',(-20.,-144.499999300329,13.));
#12298=CARTESIAN_POINT('',(27.921875,-144.499999300329,13.));
#12299=CARTESIAN_POINT('',(-16.,-144.504164949681,12.9975949612251));
#12300=CARTESIAN_POINT('',(-16.,-144.504164949681,12.9975949612251));
#12301=CARTESIAN_POINT('',(-20.,-144.504164949681,12.9975949612251));
#12302=CARTESIAN_POINT('',(-20.,-144.504164949681,12.9975949612251));
#12303=CARTESIAN_POINT('',(-20.,-83.754164949681,48.0716238144949));
#12304=CARTESIAN_POINT('Origin',(-20.,-137.,0.));
#12305=CARTESIAN_POINT('',(-20.,-137.,0.));
#12306=CARTESIAN_POINT('',(-20.,-116.75,-35.0740288532698));
#12307=CARTESIAN_POINT('',(-16.,-137.,0.));
#12308=CARTESIAN_POINT('',(-16.,-137.,0.));
#12309=CARTESIAN_POINT('',(26.921875,-137.,2.22044604925031E-15));
#12310=CARTESIAN_POINT('Origin',(-20.,-136.133974596216,0.5));
#12311=CARTESIAN_POINT('',(-20.,-143.350852961086,13.));
#12312=CARTESIAN_POINT('',(-16.,-143.350852961086,13.));
#12313=CARTESIAN_POINT('',(26.921875,-143.350852961086,13.));
#12314=CARTESIAN_POINT('',(-20.,-136.133974596216,0.5));
#12315=CARTESIAN_POINT('',(-20.,-115.883974596216,-34.5740288532698));
#12316=CARTESIAN_POINT('',(-16.,-136.133974596216,0.5));
#12317=CARTESIAN_POINT('',(-20.,-136.133974596216,0.5));
#12318=CARTESIAN_POINT('',(-16.,-136.133974596216,0.5));
#12319=CARTESIAN_POINT('Origin',(-18.,-137.,0.));
#12320=CARTESIAN_POINT('',(-20.,-76.25,35.0740288532698));
#12321=CARTESIAN_POINT('',(26.921875,-137.,2.22044604925031E-15));
#12322=CARTESIAN_POINT('',(-16.,-137.,0.));
#12323=CARTESIAN_POINT('Origin',(-16.,-140.752082474841,6.49879748061256));
#12324=CARTESIAN_POINT('',(-16.,-112.53699123742,13.));
#12325=CARTESIAN_POINT('Origin',(-18.,-132.504164949681,12.9975949612251));
#12326=CARTESIAN_POINT('',(-16.,-132.499999300329,13.));
#12327=CARTESIAN_POINT('',(-20.,-132.499999300329,13.));
#12328=CARTESIAN_POINT('',(27.921875,-132.499999300329,13.));
#12329=CARTESIAN_POINT('',(-16.,-132.504164949681,12.9975949612251));
#12330=CARTESIAN_POINT('',(-16.,-132.504164949681,12.9975949612251));
#12331=CARTESIAN_POINT('',(-20.,-132.504164949681,12.9975949612251));
#12332=CARTESIAN_POINT('',(-20.,-132.504164949681,12.9975949612251));
#12333=CARTESIAN_POINT('',(-20.,-76.254164949681,45.4735476031416));
#12334=CARTESIAN_POINT('Origin',(-20.,-125.,0.));
#12335=CARTESIAN_POINT('',(-20.,-125.,0.));
#12336=CARTESIAN_POINT('',(-20.,-106.25,-32.4759526419164));
#12337=CARTESIAN_POINT('',(-16.,-125.,0.));
#12338=CARTESIAN_POINT('',(-16.,-125.,0.));
#12339=CARTESIAN_POINT('',(26.921875,-125.,1.11022302462516E-15));
#12340=CARTESIAN_POINT('Origin',(-20.,-124.133974596216,0.5));
#12341=CARTESIAN_POINT('',(-20.,-131.350852961086,13.));
#12342=CARTESIAN_POINT('',(-16.,-131.350852961086,13.));
#12343=CARTESIAN_POINT('',(26.921875,-131.350852961086,13.));
#12344=CARTESIAN_POINT('',(-20.,-124.133974596216,0.5));
#12345=CARTESIAN_POINT('',(-20.,-105.383974596216,-31.9759526419164));
#12346=CARTESIAN_POINT('',(-16.,-124.133974596216,0.5));
#12347=CARTESIAN_POINT('',(-20.,-124.133974596216,0.5));
#12348=CARTESIAN_POINT('',(-16.,-124.133974596216,0.5));
#12349=CARTESIAN_POINT('Origin',(-18.,-125.,0.));
#12350=CARTESIAN_POINT('',(-20.,-68.75,32.4759526419164));
#12351=CARTESIAN_POINT('',(26.921875,-125.,1.11022302462516E-15));
#12352=CARTESIAN_POINT('',(-16.,-125.,0.));
#12353=CARTESIAN_POINT('Origin',(-16.,-128.752082474841,6.49879748061256));
#12354=CARTESIAN_POINT('',(-16.,-106.53699123742,13.));
#12355=CARTESIAN_POINT('Origin',(-18.,-120.504164949681,12.9975949612251));
#12356=CARTESIAN_POINT('',(-16.,-120.499999300329,13.));
#12357=CARTESIAN_POINT('',(-20.,-120.499999300329,13.));
#12358=CARTESIAN_POINT('',(27.921875,-120.499999300329,13.));
#12359=CARTESIAN_POINT('',(-16.,-120.504164949681,12.9975949612251));
#12360=CARTESIAN_POINT('',(-16.,-120.504164949681,12.9975949612251));
#12361=CARTESIAN_POINT('',(-20.,-120.504164949681,12.9975949612251));
#12362=CARTESIAN_POINT('',(-20.,-120.504164949681,12.9975949612251));
#12363=CARTESIAN_POINT('',(-20.,-68.754164949681,42.8754713917882));
#12364=CARTESIAN_POINT('Origin',(-20.,-113.,0.));
#12365=CARTESIAN_POINT('',(-20.,-113.,0.));
#12366=CARTESIAN_POINT('',(-20.,-95.7500000000001,-29.8778764305631));
#12367=CARTESIAN_POINT('',(-16.,-113.,0.));
#12368=CARTESIAN_POINT('',(-16.,-113.,0.));
#12369=CARTESIAN_POINT('',(26.921875,-113.,1.11022302462516E-15));
#12370=CARTESIAN_POINT('Origin',(-20.,-112.133974596216,0.5));
#12371=CARTESIAN_POINT('',(-20.,-119.350852961086,13.));
#12372=CARTESIAN_POINT('',(-16.,-119.350852961086,13.));
#12373=CARTESIAN_POINT('',(26.921875,-119.350852961086,13.));
#12374=CARTESIAN_POINT('',(-20.,-112.133974596216,0.5));
#12375=CARTESIAN_POINT('',(-20.,-94.8839745962156,-29.3778764305631));
#12376=CARTESIAN_POINT('',(-16.,-112.133974596216,0.5));
#12377=CARTESIAN_POINT('',(-20.,-112.133974596216,0.5));
#12378=CARTESIAN_POINT('',(-16.,-112.133974596216,0.5));
#12379=CARTESIAN_POINT('Origin',(-18.,-113.,0.));
#12380=CARTESIAN_POINT('',(-20.,-61.25,29.8778764305631));
#12381=CARTESIAN_POINT('',(26.921875,-113.,1.11022302462516E-15));
#12382=CARTESIAN_POINT('',(-16.,-113.,0.));
#12383=CARTESIAN_POINT('Origin',(-16.,-116.752082474841,6.49879748061256));
#12384=CARTESIAN_POINT('',(-16.,-100.53699123742,13.));
#12385=CARTESIAN_POINT('Origin',(-18.,-108.504164949681,12.9975949612251));
#12386=CARTESIAN_POINT('',(-16.,-108.499999300329,13.));
#12387=CARTESIAN_POINT('',(-20.,-108.499999300329,13.));
#12388=CARTESIAN_POINT('',(27.921875,-108.499999300329,13.));
#12389=CARTESIAN_POINT('',(-16.,-108.504164949681,12.9975949612251));
#12390=CARTESIAN_POINT('',(-16.,-108.504164949681,12.9975949612251));
#12391=CARTESIAN_POINT('',(-20.,-108.504164949681,12.9975949612251));
#12392=CARTESIAN_POINT('',(-20.,-108.504164949681,12.9975949612251));
#12393=CARTESIAN_POINT('',(-20.,-61.254164949681,40.2773951804349));
#12394=CARTESIAN_POINT('Origin',(-20.,-101.,0.));
#12395=CARTESIAN_POINT('',(-20.,-101.,0.));
#12396=CARTESIAN_POINT('',(-20.,-85.25,-27.2798002192098));
#12397=CARTESIAN_POINT('',(-16.,-101.,0.));
#12398=CARTESIAN_POINT('',(-16.,-101.,0.));
#12399=CARTESIAN_POINT('',(26.921875,-101.,5.55111512312578E-16));
#12400=CARTESIAN_POINT('Origin',(-20.,-100.133974596216,0.5));
#12401=CARTESIAN_POINT('',(-20.,-107.350852961086,13.));
#12402=CARTESIAN_POINT('',(-16.,-107.350852961086,13.));
#12403=CARTESIAN_POINT('',(26.921875,-107.350852961086,13.));
#12404=CARTESIAN_POINT('',(-20.,-100.133974596216,0.5));
#12405=CARTESIAN_POINT('',(-20.,-84.3839745962156,-26.7798002192098));
#12406=CARTESIAN_POINT('',(-16.,-100.133974596216,0.5));
#12407=CARTESIAN_POINT('',(-20.,-100.133974596216,0.5));
#12408=CARTESIAN_POINT('',(-16.,-100.133974596216,0.5));
#12409=CARTESIAN_POINT('Origin',(-18.,-101.,0.));
#12410=CARTESIAN_POINT('',(-20.,-53.75,27.2798002192098));
#12411=CARTESIAN_POINT('',(26.921875,-101.,5.55111512312578E-16));
#12412=CARTESIAN_POINT('',(-16.,-101.,0.));
#12413=CARTESIAN_POINT('Origin',(-16.,-104.752082474841,6.49879748061256));
#12414=CARTESIAN_POINT('',(-16.,-94.5369912374203,13.));
#12415=CARTESIAN_POINT('Origin',(-18.,-96.504164949681,12.9975949612251));
#12416=CARTESIAN_POINT('',(-16.,-96.4999993003288,13.));
#12417=CARTESIAN_POINT('',(-20.,-96.4999993003288,13.));
#12418=CARTESIAN_POINT('',(27.921875,-96.4999993003288,13.));
#12419=CARTESIAN_POINT('',(-16.,-96.504164949681,12.9975949612251));
#12420=CARTESIAN_POINT('',(-16.,-96.504164949681,12.9975949612251));
#12421=CARTESIAN_POINT('',(-20.,-96.504164949681,12.9975949612251));
#12422=CARTESIAN_POINT('',(-20.,-96.504164949681,12.9975949612251));
#12423=CARTESIAN_POINT('',(-20.,-53.754164949681,37.6793189690816));
#12424=CARTESIAN_POINT('Origin',(-20.,-89.,0.));
#12425=CARTESIAN_POINT('',(-20.,-89.,0.));
#12426=CARTESIAN_POINT('',(-20.,-74.75,-24.6817240078565));
#12427=CARTESIAN_POINT('',(-16.,-89.,0.));
#12428=CARTESIAN_POINT('',(-16.,-89.,0.));
#12429=CARTESIAN_POINT('',(26.921875,-89.,0.));
#12430=CARTESIAN_POINT('Origin',(-20.,-88.1339745962156,0.5));
#12431=CARTESIAN_POINT('',(-20.,-95.3508529610859,13.));
#12432=CARTESIAN_POINT('',(-16.,-95.3508529610859,13.));
#12433=CARTESIAN_POINT('',(26.921875,-95.3508529610859,13.));
#12434=CARTESIAN_POINT('',(-20.,-88.1339745962156,0.5));
#12435=CARTESIAN_POINT('',(-20.,-73.8839745962156,-24.1817240078565));
#12436=CARTESIAN_POINT('',(-16.,-88.1339745962156,0.5));
#12437=CARTESIAN_POINT('',(-20.,-88.1339745962156,0.5));
#12438=CARTESIAN_POINT('',(-16.,-88.1339745962156,0.5));
#12439=CARTESIAN_POINT('Origin',(-18.,-89.,0.));
#12440=CARTESIAN_POINT('',(-20.,-46.25,24.6817240078565));
#12441=CARTESIAN_POINT('',(26.921875,-89.,0.));
#12442=CARTESIAN_POINT('',(-16.,-89.,0.));
#12443=CARTESIAN_POINT('Origin',(-16.,-92.7520824748405,6.49879748061256));
#12444=CARTESIAN_POINT('',(-16.,-88.5369912374203,13.));
#12445=CARTESIAN_POINT('Origin',(-18.,-84.5041649496811,12.9975949612251));
#12446=CARTESIAN_POINT('',(-16.,-84.4999993003288,13.));
#12447=CARTESIAN_POINT('',(-20.,-84.4999993003288,13.));
#12448=CARTESIAN_POINT('',(27.921875,-84.4999993003288,13.));
#12449=CARTESIAN_POINT('',(-16.,-84.5041649496811,12.9975949612251));
#12450=CARTESIAN_POINT('',(-16.,-84.5041649496811,12.9975949612251));
#12451=CARTESIAN_POINT('',(-20.,-84.5041649496811,12.9975949612251));
#12452=CARTESIAN_POINT('',(-20.,-84.5041649496811,12.9975949612251));
#12453=CARTESIAN_POINT('',(-20.,-46.254164949681,35.0812427577283));
#12454=CARTESIAN_POINT('Origin',(-20.,-77.,0.));
#12455=CARTESIAN_POINT('',(-20.,-77.,0.));
#12456=CARTESIAN_POINT('',(-20.,-64.2500000000001,-22.0836477965032));
#12457=CARTESIAN_POINT('',(-16.,-77.,0.));
#12458=CARTESIAN_POINT('',(-16.,-77.,0.));
#12459=CARTESIAN_POINT('',(26.921875,-77.,0.));
#12460=CARTESIAN_POINT('Origin',(-20.,-76.1339745962156,0.5));
#12461=CARTESIAN_POINT('',(-20.,-83.3508529610859,13.));
#12462=CARTESIAN_POINT('',(-16.,-83.3508529610859,13.));
#12463=CARTESIAN_POINT('',(26.921875,-83.3508529610859,13.));
#12464=CARTESIAN_POINT('',(-20.,-76.1339745962156,0.5));
#12465=CARTESIAN_POINT('',(-20.,-63.3839745962156,-21.5836477965032));
#12466=CARTESIAN_POINT('',(-16.,-76.1339745962156,0.5));
#12467=CARTESIAN_POINT('',(-20.,-76.1339745962156,0.5));
#12468=CARTESIAN_POINT('',(-16.,-76.1339745962156,0.5));
#12469=CARTESIAN_POINT('Origin',(-18.,-77.,0.));
#12470=CARTESIAN_POINT('',(-20.,-38.75,22.0836477965032));
#12471=CARTESIAN_POINT('',(26.921875,-77.,0.));
#12472=CARTESIAN_POINT('',(-16.,-77.,0.));
#12473=CARTESIAN_POINT('Origin',(-16.,-80.7520824748405,6.49879748061256));
#12474=CARTESIAN_POINT('',(-16.,-82.5369912374203,13.));
#12475=CARTESIAN_POINT('Origin',(-18.,-72.504164949681,12.9975949612251));
#12476=CARTESIAN_POINT('',(-16.,-72.4999993003288,13.));
#12477=CARTESIAN_POINT('',(-20.,-72.4999993003288,13.));
#12478=CARTESIAN_POINT('',(27.921875,-72.4999993003288,13.));
#12479=CARTESIAN_POINT('',(-16.,-72.504164949681,12.9975949612251));
#12480=CARTESIAN_POINT('',(-16.,-72.504164949681,12.9975949612251));
#12481=CARTESIAN_POINT('',(-20.,-72.504164949681,12.9975949612251));
#12482=CARTESIAN_POINT('',(-20.,-72.504164949681,12.9975949612251));
#12483=CARTESIAN_POINT('',(-20.,-38.754164949681,32.483166546375));
#12484=CARTESIAN_POINT('Origin',(-20.,-65.,0.));
#12485=CARTESIAN_POINT('',(-20.,-65.,0.));
#12486=CARTESIAN_POINT('',(-20.,-53.75,-19.4855715851499));
#12487=CARTESIAN_POINT('',(-16.,-65.,0.));
#12488=CARTESIAN_POINT('',(-16.,-65.,0.));
#12489=CARTESIAN_POINT('',(26.921875,-65.,0.));
#12490=CARTESIAN_POINT('Origin',(-20.,-64.1339745962156,0.5));
#12491=CARTESIAN_POINT('',(-20.,-71.3508529610859,13.));
#12492=CARTESIAN_POINT('',(-16.,-71.3508529610859,13.));
#12493=CARTESIAN_POINT('',(26.921875,-71.3508529610859,13.));
#12494=CARTESIAN_POINT('',(-20.,-64.1339745962156,0.5));
#12495=CARTESIAN_POINT('',(-20.,-52.8839745962156,-18.9855715851499));
#12496=CARTESIAN_POINT('',(-16.,-64.1339745962156,0.5));
#12497=CARTESIAN_POINT('',(-20.,-64.1339745962156,0.5));
#12498=CARTESIAN_POINT('',(-16.,-64.1339745962156,0.5));
#12499=CARTESIAN_POINT('Origin',(-18.,-65.,0.));
#12500=CARTESIAN_POINT('',(-20.,-31.25,19.4855715851499));
#12501=CARTESIAN_POINT('',(26.921875,-65.,0.));
#12502=CARTESIAN_POINT('',(-16.,-65.,0.));
#12503=CARTESIAN_POINT('Origin',(-16.,-68.7520824748405,6.49879748061256));
#12504=CARTESIAN_POINT('',(-16.,-76.5369912374203,13.));
#12505=CARTESIAN_POINT('Origin',(-18.,-60.504164949681,12.9975949612251));
#12506=CARTESIAN_POINT('',(-16.,-60.4999993003288,13.));
#12507=CARTESIAN_POINT('',(-20.,-60.4999993003288,13.));
#12508=CARTESIAN_POINT('',(27.921875,-60.4999993003288,13.));
#12509=CARTESIAN_POINT('',(-16.,-60.504164949681,12.9975949612251));
#12510=CARTESIAN_POINT('',(-16.,-60.504164949681,12.9975949612251));
#12511=CARTESIAN_POINT('',(-20.,-60.504164949681,12.9975949612251));
#12512=CARTESIAN_POINT('',(-20.,-60.504164949681,12.9975949612251));
#12513=CARTESIAN_POINT('',(-20.,-31.254164949681,29.8850903350217));
#12514=CARTESIAN_POINT('Origin',(-20.,-53.,0.));
#12515=CARTESIAN_POINT('',(-20.,-53.,0.));
#12516=CARTESIAN_POINT('',(-20.,-43.25,-16.8874953737965));
#12517=CARTESIAN_POINT('',(-16.,-53.,0.));
#12518=CARTESIAN_POINT('',(-16.,-53.,0.));
#12519=CARTESIAN_POINT('',(26.921875,-53.,0.));
#12520=CARTESIAN_POINT('Origin',(-20.,-52.1339745962156,0.5));
#12521=CARTESIAN_POINT('',(-20.,-59.3508529610859,13.));
#12522=CARTESIAN_POINT('',(-16.,-59.3508529610859,13.));
#12523=CARTESIAN_POINT('',(26.921875,-59.3508529610859,13.));
#12524=CARTESIAN_POINT('',(-20.,-52.1339745962156,0.5));
#12525=CARTESIAN_POINT('',(-20.,-42.3839745962156,-16.3874953737965));
#12526=CARTESIAN_POINT('',(-16.,-52.1339745962156,0.5));
#12527=CARTESIAN_POINT('',(-20.,-52.1339745962156,0.5));
#12528=CARTESIAN_POINT('',(-16.,-52.1339745962156,0.5));
#12529=CARTESIAN_POINT('Origin',(-18.,-53.,0.));
#12530=CARTESIAN_POINT('',(-20.,-23.75,16.8874953737965));
#12531=CARTESIAN_POINT('',(26.921875,-53.,0.));
#12532=CARTESIAN_POINT('',(-16.,-53.,0.));
#12533=CARTESIAN_POINT('Origin',(-16.,-56.7520824748405,6.49879748061256));
#12534=CARTESIAN_POINT('',(-16.,-70.5369912374203,13.));
#12535=CARTESIAN_POINT('Origin',(-18.,-48.5041649496811,12.9975949612251));
#12536=CARTESIAN_POINT('',(-16.,-48.4999993003288,13.));
#12537=CARTESIAN_POINT('',(-20.,-48.4999993003288,13.));
#12538=CARTESIAN_POINT('',(27.921875,-48.4999993003288,13.));
#12539=CARTESIAN_POINT('',(-16.,-48.5041649496811,12.9975949612251));
#12540=CARTESIAN_POINT('',(-16.,-48.5041649496811,12.9975949612251));
#12541=CARTESIAN_POINT('',(-20.,-48.5041649496811,12.9975949612251));
#12542=CARTESIAN_POINT('',(-20.,-48.5041649496811,12.9975949612251));
#12543=CARTESIAN_POINT('',(-20.,-23.754164949681,27.2870141236683));
#12544=CARTESIAN_POINT('Origin',(-20.,-41.,0.));
#12545=CARTESIAN_POINT('',(-20.,-41.,0.));
#12546=CARTESIAN_POINT('',(-20.,-32.75,-14.2894191624432));
#12547=CARTESIAN_POINT('',(-16.,-41.,0.));
#12548=CARTESIAN_POINT('',(-16.,-41.,0.));
#12549=CARTESIAN_POINT('',(26.921875,-41.,-2.22044604925031E-15));
#12550=CARTESIAN_POINT('Origin',(-20.,-40.1339745962156,0.5));
#12551=CARTESIAN_POINT('',(-20.,-47.3508529610859,13.));
#12552=CARTESIAN_POINT('',(-16.,-47.3508529610859,13.));
#12553=CARTESIAN_POINT('',(26.921875,-47.3508529610859,13.));
#12554=CARTESIAN_POINT('',(-20.,-40.1339745962156,0.5));
#12555=CARTESIAN_POINT('',(-20.,-31.8839745962156,-13.7894191624432));
#12556=CARTESIAN_POINT('',(-16.,-40.1339745962156,0.5));
#12557=CARTESIAN_POINT('',(-20.,-40.1339745962156,0.5));
#12558=CARTESIAN_POINT('',(-16.,-40.1339745962156,0.5));
#12559=CARTESIAN_POINT('Origin',(-18.,-41.,0.));
#12560=CARTESIAN_POINT('',(-20.,-16.25,14.2894191624432));
#12561=CARTESIAN_POINT('',(26.921875,-41.,-2.22044604925031E-15));
#12562=CARTESIAN_POINT('',(-16.,-41.,0.));
#12563=CARTESIAN_POINT('Origin',(-16.,-44.7520824748405,6.49879748061256));
#12564=CARTESIAN_POINT('',(-16.,-64.5369912374203,13.));
#12565=CARTESIAN_POINT('Origin',(-18.,-36.504164949681,12.9975949612251));
#12566=CARTESIAN_POINT('',(-16.,-36.4999993003288,13.));
#12567=CARTESIAN_POINT('',(-20.,-36.4999993003288,13.));
#12568=CARTESIAN_POINT('',(27.921875,-36.4999993003288,13.));
#12569=CARTESIAN_POINT('',(-16.,-36.504164949681,12.9975949612251));
#12570=CARTESIAN_POINT('',(-16.,-36.504164949681,12.9975949612251));
#12571=CARTESIAN_POINT('',(-20.,-36.504164949681,12.9975949612251));
#12572=CARTESIAN_POINT('',(-20.,-36.504164949681,12.9975949612251));
#12573=CARTESIAN_POINT('',(-20.,-16.254164949681,24.688937912315));
#12574=CARTESIAN_POINT('Origin',(-20.,-29.,0.));
#12575=CARTESIAN_POINT('',(-20.,-29.,0.));
#12576=CARTESIAN_POINT('',(-20.,-22.25,-11.6913429510899));
#12577=CARTESIAN_POINT('',(-16.,-29.,0.));
#12578=CARTESIAN_POINT('',(-16.,-29.,0.));
#12579=CARTESIAN_POINT('',(26.921875,-29.,-2.22044604925031E-15));
#12580=CARTESIAN_POINT('Origin',(-20.,-28.1339745962156,0.5));
#12581=CARTESIAN_POINT('',(-20.,-35.3508529610859,13.));
#12582=CARTESIAN_POINT('',(-16.,-35.3508529610859,13.));
#12583=CARTESIAN_POINT('',(26.921875,-35.3508529610859,13.));
#12584=CARTESIAN_POINT('',(-20.,-28.1339745962156,0.5));
#12585=CARTESIAN_POINT('',(-20.,-21.3839745962156,-11.1913429510899));
#12586=CARTESIAN_POINT('',(-16.,-28.1339745962156,0.5));
#12587=CARTESIAN_POINT('',(-20.,-28.1339745962156,0.5));
#12588=CARTESIAN_POINT('',(-16.,-28.1339745962156,0.5));
#12589=CARTESIAN_POINT('Origin',(-18.,-29.,0.));
#12590=CARTESIAN_POINT('',(-20.,-8.74999999999999,11.6913429510899));
#12591=CARTESIAN_POINT('',(26.921875,-29.,-2.22044604925031E-15));
#12592=CARTESIAN_POINT('',(-16.,-29.,0.));
#12593=CARTESIAN_POINT('Origin',(-16.,-32.7520824748405,6.49879748061256));
#12594=CARTESIAN_POINT('',(-16.,-58.5369912374203,13.));
#12595=CARTESIAN_POINT('Origin',(-18.,-24.504164949681,12.9975949612251));
#12596=CARTESIAN_POINT('',(-16.,-24.4999993003288,13.));
#12597=CARTESIAN_POINT('',(-20.,-24.4999993003288,13.));
#12598=CARTESIAN_POINT('',(27.921875,-24.4999993003288,13.));
#12599=CARTESIAN_POINT('',(-16.,-24.504164949681,12.9975949612251));
#12600=CARTESIAN_POINT('',(-16.,-24.504164949681,12.9975949612251));
#12601=CARTESIAN_POINT('',(-20.,-24.504164949681,12.9975949612251));
#12602=CARTESIAN_POINT('',(-20.,-24.504164949681,12.9975949612251));
#12603=CARTESIAN_POINT('',(-20.,-8.75416494968103,22.0908617009617));
#12604=CARTESIAN_POINT('Origin',(-20.,-17.,0.));
#12605=CARTESIAN_POINT('',(-20.,-17.,0.));
#12606=CARTESIAN_POINT('',(-20.,-11.75,-9.0932667397366));
#12607=CARTESIAN_POINT('',(-16.,-17.,0.));
#12608=CARTESIAN_POINT('',(-16.,-17.,0.));
#12609=CARTESIAN_POINT('',(26.921875,-17.,-2.22044604925031E-15));
#12610=CARTESIAN_POINT('Origin',(-20.,-16.1339745962156,0.5));
#12611=CARTESIAN_POINT('',(-20.,-23.3508529610859,13.));
#12612=CARTESIAN_POINT('',(-16.,-23.3508529610859,13.));
#12613=CARTESIAN_POINT('',(26.921875,-23.3508529610859,13.));
#12614=CARTESIAN_POINT('',(-20.,-16.1339745962156,0.5));
#12615=CARTESIAN_POINT('',(-20.,-10.8839745962156,-8.5932667397366));
#12616=CARTESIAN_POINT('',(-16.,-16.1339745962156,0.5));
#12617=CARTESIAN_POINT('',(-20.,-16.1339745962156,0.5));
#12618=CARTESIAN_POINT('',(-16.,-16.1339745962156,0.5));
#12619=CARTESIAN_POINT('Origin',(-18.,-17.,0.));
#12620=CARTESIAN_POINT('',(-20.,-1.25,9.0932667397366));
#12621=CARTESIAN_POINT('',(26.921875,-17.,-2.22044604925031E-15));
#12622=CARTESIAN_POINT('',(-16.,-17.,0.));
#12623=CARTESIAN_POINT('Origin',(-16.,-20.7520824748405,6.49879748061256));
#12624=CARTESIAN_POINT('',(-16.,-52.5369912374203,13.));
#12625=CARTESIAN_POINT('Origin',(-18.,-12.5041649496811,12.9975949612251));
#12626=CARTESIAN_POINT('',(-16.,-12.4999993003288,13.));
#12627=CARTESIAN_POINT('',(-20.,-12.4999993003288,13.));
#12628=CARTESIAN_POINT('',(27.921875,-12.4999993003288,13.));
#12629=CARTESIAN_POINT('',(-16.,-12.5041649496811,12.9975949612251));
#12630=CARTESIAN_POINT('',(-16.,-12.5041649496811,12.9975949612251));
#12631=CARTESIAN_POINT('',(-20.,-12.5041649496811,12.9975949612251));
#12632=CARTESIAN_POINT('',(-20.,-12.5041649496811,12.9975949612251));
#12633=CARTESIAN_POINT('',(-20.,-1.25416494968105,19.4927854896084));
#12634=CARTESIAN_POINT('Origin',(-20.,-5.00000000000004,0.));
#12635=CARTESIAN_POINT('',(-20.,-5.00000000000004,0.));
#12636=CARTESIAN_POINT('',(-20.,-1.25000000000004,-6.49519052838329));
#12637=CARTESIAN_POINT('',(-16.,-5.00000000000004,0.));
#12638=CARTESIAN_POINT('',(-16.,-5.00000000000004,0.));
#12639=CARTESIAN_POINT('',(26.921875,-5.00000000000003,0.));
#12640=CARTESIAN_POINT('Origin',(-20.,-4.1339745962156,0.5));
#12641=CARTESIAN_POINT('',(-20.,-11.3508529610859,13.));
#12642=CARTESIAN_POINT('',(-16.,-11.3508529610859,13.));
#12643=CARTESIAN_POINT('',(26.921875,-11.3508529610859,13.));
#12644=CARTESIAN_POINT('',(-20.,-4.1339745962156,0.5));
#12645=CARTESIAN_POINT('',(-20.,-0.383974596215599,-5.99519052838329));
#12646=CARTESIAN_POINT('',(-16.,-4.1339745962156,0.5));
#12647=CARTESIAN_POINT('',(-20.,-4.1339745962156,0.5));
#12648=CARTESIAN_POINT('',(-16.,-4.1339745962156,0.5));
#12649=CARTESIAN_POINT('Origin',(-18.,-5.00000000000004,0.));
#12650=CARTESIAN_POINT('',(-20.,6.24999999999998,6.49519052838329));
#12651=CARTESIAN_POINT('',(26.921875,-5.00000000000003,0.));
#12652=CARTESIAN_POINT('',(-16.,-5.00000000000004,0.));
#12653=CARTESIAN_POINT('Origin',(-16.,-8.75208247484055,6.49879748061256));
#12654=CARTESIAN_POINT('',(-16.,-46.5369912374203,13.));
#12655=CARTESIAN_POINT('Origin',(-18.,-0.504164949681041,12.9975949612251));
#12656=CARTESIAN_POINT('',(-16.,-0.499999300328764,13.));
#12657=CARTESIAN_POINT('',(-20.,-0.499999300328764,13.));
#12658=CARTESIAN_POINT('',(27.921875,-0.499999300328762,13.));
#12659=CARTESIAN_POINT('',(-16.,-0.504164949681041,12.9975949612251));
#12660=CARTESIAN_POINT('',(-16.,-0.504164949681041,12.9975949612251));
#12661=CARTESIAN_POINT('',(-20.,-0.504164949681041,12.9975949612251));
#12662=CARTESIAN_POINT('',(-20.,-0.504164949681041,12.9975949612251));
#12663=CARTESIAN_POINT('',(-20.,6.24583505031897,16.8947092782551));
#12664=CARTESIAN_POINT('Origin',(-20.,6.99999999999999,0.));
#12665=CARTESIAN_POINT('',(-20.,6.99999999999999,0.));
#12666=CARTESIAN_POINT('',(-20.,9.24999999999999,-3.89711431702997));
#12667=CARTESIAN_POINT('',(-16.,6.99999999999999,0.));
#12668=CARTESIAN_POINT('',(-16.,6.99999999999999,0.));
#12669=CARTESIAN_POINT('',(26.921875,6.99999999999999,-2.22044604925031E-15));
#12670=CARTESIAN_POINT('Origin',(-20.,7.86602540378443,0.5));
#12671=CARTESIAN_POINT('',(-20.,0.649147038914109,13.));
#12672=CARTESIAN_POINT('',(-16.,0.649147038914119,13.));
#12673=CARTESIAN_POINT('',(26.921875,0.649147038914117,13.));
#12674=CARTESIAN_POINT('',(-20.,7.86602540378443,0.5));
#12675=CARTESIAN_POINT('',(-20.,10.1160254037844,-3.39711431702997));
#12676=CARTESIAN_POINT('',(-16.,7.86602540378443,0.5));
#12677=CARTESIAN_POINT('',(-20.,7.86602540378443,0.5));
#12678=CARTESIAN_POINT('',(-16.,7.86602540378443,0.5));
#12679=CARTESIAN_POINT('Origin',(-18.,6.99999999999999,0.));
#12680=CARTESIAN_POINT('',(-20.,13.75,3.89711431702997));
#12681=CARTESIAN_POINT('',(26.921875,6.99999999999999,-2.22044604925031E-15));
#12682=CARTESIAN_POINT('',(-16.,6.99999999999999,0.));
#12683=CARTESIAN_POINT('Origin',(-16.,3.24791752515948,6.49879748061256));
#12684=CARTESIAN_POINT('',(-16.,-40.5369912374203,13.));
#12685=CARTESIAN_POINT('Origin',(-18.,11.495835050319,12.9975949612251));
#12686=CARTESIAN_POINT('',(-16.,11.5000006996712,13.));
#12687=CARTESIAN_POINT('',(-20.,11.5000006996712,13.));
#12688=CARTESIAN_POINT('',(27.921875,11.5000006996712,13.));
#12689=CARTESIAN_POINT('',(-16.,11.495835050319,12.9975949612251));
#12690=CARTESIAN_POINT('',(-16.,11.495835050319,12.9975949612251));
#12691=CARTESIAN_POINT('',(-20.,11.495835050319,12.9975949612251));
#12692=CARTESIAN_POINT('',(-20.,11.495835050319,12.9975949612251));
#12693=CARTESIAN_POINT('',(-20.,13.745835050319,14.2966330669018));
#12694=CARTESIAN_POINT('Origin',(-18.,19.,0.));
#12695=CARTESIAN_POINT('',(-20.,19.,0.));
#12696=CARTESIAN_POINT('',(-19.937171043519,19.8660254037844,0.5));
#12697=CARTESIAN_POINT('Origin',(-14.,19.,8.97382586978995E-15));
#12698=CARTESIAN_POINT('',(-16.,19.,0.));
#12699=CARTESIAN_POINT('',(26.921875,19.,-4.44089209850063E-15));
#12700=CARTESIAN_POINT('',(-16.,19.8660254037844,0.5));
#12701=CARTESIAN_POINT('',(-16.,19.,0.));
#12702=CARTESIAN_POINT('',(-20.,19.8660254037844,0.5));
#12703=CARTESIAN_POINT('Origin',(-20.,19.,0.));
#12704=CARTESIAN_POINT('',(-20.,19.75,-1.29903810567666));
#12705=CARTESIAN_POINT('',(-16.,19.,0.));
#12706=CARTESIAN_POINT('',(26.921875,19.,-4.44089209850063E-15));
#12707=CARTESIAN_POINT('Origin',(-20.,19.8660254037844,0.5));
#12708=CARTESIAN_POINT('',(-20.,12.6491470389141,13.));
#12709=CARTESIAN_POINT('',(-16.,12.6491470389141,13.));
#12710=CARTESIAN_POINT('',(26.921875,12.6491470389141,13.));
#12711=CARTESIAN_POINT('',(-20.,19.,1.99999999999997));
#12712=CARTESIAN_POINT('',(-20.,20.6160254037844,-0.799038105676661));
#12713=CARTESIAN_POINT('Origin',(-14.,19.,1.99999999999997));
#12714=CARTESIAN_POINT('',(-16.,19.8660254037844,0.5));
#12715=CARTESIAN_POINT('Origin',(-16.,15.2479175251595,6.49879748061256));
#12716=CARTESIAN_POINT('',(-16.,-34.5369912374203,13.));
#12717=CARTESIAN_POINT('Origin',(-20.,25.,0.));
#12718=CARTESIAN_POINT('',(-20.,-187.6438,13.));
#12719=CARTESIAN_POINT('',(-20.,-187.6438,0.));
#12720=CARTESIAN_POINT('',(-20.,-186.499999300329,13.));
#12721=CARTESIAN_POINT('',(-20.,-193.6438,13.));
#12722=CARTESIAN_POINT('',(-20.,-186.504164949681,12.9975949612251));
#12723=CARTESIAN_POINT('',(-20.,-110.004164949681,57.1648905542315));
#12724=CARTESIAN_POINT('',(-20.,-179.,0.));
#12725=CARTESIAN_POINT('',(-20.,-153.5,-44.1672955930064));
#12726=CARTESIAN_POINT('',(-20.,-193.6438,0.));
#12727=CARTESIAN_POINT('Origin',(-14.,-187.6438,0.));
#12728=CARTESIAN_POINT('Origin',(-14.,-187.6438,13.));
#12729=CARTESIAN_POINT('Origin',(-14.,-187.6438,0.));
#12730=CARTESIAN_POINT('',(-20.,-187.6438,0.));
#12731=CARTESIAN_POINT('',(-20.,-187.6438,0.));
#12732=CARTESIAN_POINT('',(-14.,-193.6438,0.));
#12733=CARTESIAN_POINT('Origin',(-14.,-187.6438,0.));
#12734=CARTESIAN_POINT('',(-14.,-193.6438,13.));
#12735=CARTESIAN_POINT('',(-14.,-193.6438,0.));
#12736=CARTESIAN_POINT('Origin',(-14.,-187.6438,13.));
#12737=CARTESIAN_POINT('Origin',(-14.,19.,0.));
#12738=CARTESIAN_POINT('',(-20.,19.,13.));
#12739=CARTESIAN_POINT('',(-20.,19.,0.));
#12740=CARTESIAN_POINT('',(-14.,25.,13.));
#12741=CARTESIAN_POINT('Origin',(-14.,19.,13.));
#12742=CARTESIAN_POINT('',(-14.,25.,0.));
#12743=CARTESIAN_POINT('',(-14.,25.,0.));
#12744=CARTESIAN_POINT('Origin',(-14.,19.,0.));
#12745=CARTESIAN_POINT('Origin',(-20.,25.,0.));
#12746=CARTESIAN_POINT('',(-20.,-193.6438,13.));
#12747=CARTESIAN_POINT('Origin',(-20.,25.,0.));
#12748=CARTESIAN_POINT('',(-20.,-155.,0.));
#12749=CARTESIAN_POINT('',(-20.,-193.6438,0.));
#12750=CARTESIAN_POINT('',(-20.,-154.133974596216,0.5));
#12751=CARTESIAN_POINT('',(-20.,-87.5000000000001,38.9711431702998));
#12752=CARTESIAN_POINT('',(-20.,-156.646355882901,4.8515720365251));
#12753=CARTESIAN_POINT('',(-20.,-131.633974596216,-38.4711431702998));
#12754=CARTESIAN_POINT('',(-20.,-156.394141747358,4.83824242410748));
#12755=CARTESIAN_POINT('Ctrl Pts',(-20.,-156.646355882901,4.8515720365251));
#12756=CARTESIAN_POINT('Ctrl Pts',(-20.,-156.498921425178,4.83824242410749));
#12757=CARTESIAN_POINT('Ctrl Pts',(-20.,-156.394141747358,4.83824242410748));
#12758=CARTESIAN_POINT('',(-20.,-155.535310341719,5.40817011652081));
#12759=CARTESIAN_POINT('Ctrl Pts',(-20.,-156.394141747358,4.83824242410748));
#12760=CARTESIAN_POINT('Ctrl Pts',(-20.,-155.535310341719,4.83824242410748));
#12761=CARTESIAN_POINT('Ctrl Pts',(-20.,-155.535310341719,5.40817011652081));
#12762=CARTESIAN_POINT('',(-20.,-155.619354977014,5.99385608491986));
#12763=CARTESIAN_POINT('Ctrl Pts',(-20.,-155.535310341719,5.40817011652081));
#12764=CARTESIAN_POINT('Ctrl Pts',(-20.,-155.535310341719,5.56050111112683));
#12765=CARTESIAN_POINT('Ctrl Pts',(-20.,-155.619354977014,5.99385608491986));
#12766=CARTESIAN_POINT('',(-20.,-155.795323534611,6.87895168123334));
#12767=CARTESIAN_POINT('',(-20.,-151.612275696512,-14.1611549789913));
#12768=CARTESIAN_POINT('',(-20.,-155.755927546623,6.87895168123334));
#12769=CARTESIAN_POINT('',(-20.,-65.3976617673053,6.87895168123334));
#12770=CARTESIAN_POINT('',(-20.,-155.241154043677,6.76339019594281));
#12771=CARTESIAN_POINT('Ctrl Pts',(-20.,-155.755927546623,6.87895168123334));
#12772=CARTESIAN_POINT('Ctrl Pts',(-20.,-155.490661619904,6.87895168123334));
#12773=CARTESIAN_POINT('Ctrl Pts',(-20.,-155.241154043677,6.76339019594281));
#12774=CARTESIAN_POINT('',(-20.,-155.478842838409,7.12583262977689));
#12775=CARTESIAN_POINT('Ctrl Pts',(-20.,-155.241154043677,6.76339019594281));
#12776=CARTESIAN_POINT('Ctrl Pts',(-20.,-155.385605825785,7.04704095182507));
#12777=CARTESIAN_POINT('Ctrl Pts',(-20.,-155.478842838409,7.12583262977689));
#12778=CARTESIAN_POINT('',(-20.,-155.774312301281,7.20462460575192));
#12779=CARTESIAN_POINT('Ctrl Pts',(-20.,-155.478842838409,7.12583262977689));
#12780=CARTESIAN_POINT('Ctrl Pts',(-20.,-155.572079851034,7.20462460575192));
#12781=CARTESIAN_POINT('Ctrl Pts',(-20.,-155.774312301281,7.20462460575192));
#12782=CARTESIAN_POINT('',(-20.,-155.860983415249,7.20462460575192));
#12783=CARTESIAN_POINT('',(-20.,-65.3871561506404,7.20462460575192));
#12784=CARTESIAN_POINT('',(-20.,-156.118370129469,8.49943746385663));
#12785=CARTESIAN_POINT('',(-20.,-151.734626653848,-13.5534778782065));
#12786=CARTESIAN_POINT('',(-20.,-156.042204632166,8.49943746385663));
#12787=CARTESIAN_POINT('',(-20.,-65.5591850647344,8.49943746385663));
#12788=CARTESIAN_POINT('',(-20.,-155.141351020637,8.18952281532376));
#12789=CARTESIAN_POINT('Ctrl Pts',(-20.,-156.042204632166,8.49943746385663));
#12790=CARTESIAN_POINT('Ctrl Pts',(-20.,-155.556321500542,8.49943746385663));
#12791=CARTESIAN_POINT('Ctrl Pts',(-20.,-155.141351020637,8.18952281532376));
#12792=CARTESIAN_POINT('',(-20.,-155.501167162063,8.73056013641446));
#12793=CARTESIAN_POINT('Ctrl Pts',(-20.,-155.141351020637,8.18952281532376));
#12794=CARTESIAN_POINT('Ctrl Pts',(-20.,-155.272670781913,8.6097459918031));
#12795=CARTESIAN_POINT('Ctrl Pts',(-20.,-155.501167162063,8.73056013641446));
#12796=CARTESIAN_POINT('',(-20.,-156.601626856926,8.82248390970319));
#12797=CARTESIAN_POINT('Ctrl Pts',(-20.,-155.501167162063,8.73056013641446));
#12798=CARTESIAN_POINT('Ctrl Pts',(-20.,-155.67976204932,8.82248390970319));
#12799=CARTESIAN_POINT('Ctrl Pts',(-20.,-156.601626856926,8.82248390970319));
#12800=CARTESIAN_POINT('',(-20.,-157.384292765262,8.82248390970319));
#12801=CARTESIAN_POINT('',(-20.,-65.8008134284629,8.82248390970319));
#12802=CARTESIAN_POINT('',(-20.,-158.587181850078,8.96956224498837));
#12803=CARTESIAN_POINT('Ctrl Pts',(-20.,-157.384292765262,8.82248390970319));
#12804=CARTESIAN_POINT('Ctrl Pts',(-20.,-158.12493620694,8.82248390970319));
#12805=CARTESIAN_POINT('Ctrl Pts',(-20.,-158.587181850078,8.96956224498837));
#12806=CARTESIAN_POINT('',(-20.,-158.218686266544,8.57035000381558));
#12807=CARTESIAN_POINT('Ctrl Pts',(-20.,-158.587181850078,8.96956224498837));
#12808=CARTESIAN_POINT('Ctrl Pts',(-20.,-158.379983885887,8.64126284179776));
#12809=CARTESIAN_POINT('Ctrl Pts',(-20.,-158.218686266544,8.57035000381558));
#12810=CARTESIAN_POINT('',(-20.,-157.519716306331,8.49943746385663));
#12811=CARTESIAN_POINT('Ctrl Pts',(-20.,-158.218686266544,8.57035000381558));
#12812=CARTESIAN_POINT('Ctrl Pts',(-20.,-158.057388647201,8.49943746385663));
#12813=CARTESIAN_POINT('Ctrl Pts',(-20.,-157.519716306331,8.49943746385663));
#12814=CARTESIAN_POINT('',(-20.,-156.672539545896,8.49943746385663));
#12815=CARTESIAN_POINT('',(-20.,-66.2598581531657,8.49943746385663));
#12816=CARTESIAN_POINT('',(-20.,-156.411254240873,7.20462460575192));
#12817=CARTESIAN_POINT('',(-20.,-152.294333549794,-13.1969890484643));
#12818=CARTESIAN_POINT('',(-20.,-156.95442570627,7.20462460575192));
#12819=CARTESIAN_POINT('',(-20.,-65.7056271204366,7.20462460575192));
#12820=CARTESIAN_POINT('',(-20.,-157.862296684387,7.34907616434186));
#12821=CARTESIAN_POINT('Ctrl Pts',(-20.,-156.95442570627,7.20462460575192));
#12822=CARTESIAN_POINT('Ctrl Pts',(-20.,-157.523820086124,7.20462460575192));
#12823=CARTESIAN_POINT('Ctrl Pts',(-20.,-157.862296684387,7.34907616434186));
#12824=CARTESIAN_POINT('',(-20.,-157.544728501442,6.94723774252027));
#12825=CARTESIAN_POINT('Ctrl Pts',(-20.,-157.862296684387,7.34907616434186));
#12826=CARTESIAN_POINT('Ctrl Pts',(-20.,-157.683824880722,7.01552410183042));
#12827=CARTESIAN_POINT('Ctrl Pts',(-20.,-157.544728501442,6.94723774252027));
#12828=CARTESIAN_POINT('',(-20.,-156.891228093508,6.87895168123334));
#12829=CARTESIAN_POINT('Ctrl Pts',(-20.,-157.544728501442,6.94723774252027));
#12830=CARTESIAN_POINT('Ctrl Pts',(-20.,-157.405632122162,6.87895168123334));
#12831=CARTESIAN_POINT('Ctrl Pts',(-20.,-156.891228093508,6.87895168123334));
#12832=CARTESIAN_POINT('',(-20.,-156.347933544519,6.87895168123334));
#12833=CARTESIAN_POINT('',(-20.,-65.9456140467538,6.87895168123334));
#12834=CARTESIAN_POINT('',(-20.,-156.213330759409,6.20396782217114));
#12835=CARTESIAN_POINT('',(-20.,-152.220367267943,-13.8192873010544));
#12836=CARTESIAN_POINT('',(-20.,-156.128875746134,5.60777593908399));
#12837=CARTESIAN_POINT('Ctrl Pts',(-20.,-156.213330759409,6.20396782217114));
#12838=CARTESIAN_POINT('Ctrl Pts',(-20.,-156.128875746134,5.7837446456918));
#12839=CARTESIAN_POINT('Ctrl Pts',(-20.,-156.128875746134,5.60777593908399));
#12840=CARTESIAN_POINT('',(-20.,-156.806485785845,5.25846560058682));
#12841=CARTESIAN_POINT('Ctrl Pts',(-20.,-156.128875746134,5.60777593908399));
#12842=CARTESIAN_POINT('Ctrl Pts',(-20.,-156.128875746134,5.25846560058682));
#12843=CARTESIAN_POINT('Ctrl Pts',(-20.,-156.806485785845,5.25846560058682));
#12844=CARTESIAN_POINT('',(-20.,-156.881713701666,5.25922373658397));
#12845=CARTESIAN_POINT('Ctrl Pts',(-20.,-156.806485785845,5.25846560058682));
#12846=CARTESIAN_POINT('Ctrl Pts',(-20.,-156.844353844721,5.25846560058683));
#12847=CARTESIAN_POINT('Ctrl Pts',(-20.,-156.881713701666,5.25922373658397));
#12848=CARTESIAN_POINT('',(-20.,-161.350852961086,13.));
#12849=CARTESIAN_POINT('',(-20.,-131.633974596216,-38.4711431702998));
#12850=CARTESIAN_POINT('',(-20.,-193.6438,13.));
#12851=CARTESIAN_POINT('Origin',(-20.,25.,0.));
#12852=CARTESIAN_POINT('',(-20.,-193.6438,13.));
#12853=CARTESIAN_POINT('',(-20.,-193.6438,0.));
#12854=CARTESIAN_POINT('Origin',(-20.,25.,0.));
#12855=CARTESIAN_POINT('',(-20.,-193.6438,0.));
#12856=CARTESIAN_POINT('',(-20.,-193.6438,13.));
#12857=CARTESIAN_POINT('Origin',(-20.,25.,0.));
#12858=CARTESIAN_POINT('',(-20.,-193.6438,13.));
#12859=CARTESIAN_POINT('',(-20.,-193.6438,0.));
#12860=CARTESIAN_POINT('Origin',(-20.,25.,0.));
#12861=CARTESIAN_POINT('',(-20.,-193.6438,0.));
#12862=CARTESIAN_POINT('',(-20.,-193.6438,13.));
#12863=CARTESIAN_POINT('Origin',(-20.,25.,0.));
#12864=CARTESIAN_POINT('',(-20.,-193.6438,13.));
#12865=CARTESIAN_POINT('',(-20.,-193.6438,0.));
#12866=CARTESIAN_POINT('Origin',(-20.,25.,0.));
#12867=CARTESIAN_POINT('',(-20.,-193.6438,0.));
#12868=CARTESIAN_POINT('',(-20.,-193.6438,13.));
#12869=CARTESIAN_POINT('Origin',(-20.,25.,0.));
#12870=CARTESIAN_POINT('',(-20.,-193.6438,13.));
#12871=CARTESIAN_POINT('',(-20.,-193.6438,0.));
#12872=CARTESIAN_POINT('Origin',(-20.,25.,0.));
#12873=CARTESIAN_POINT('',(-20.,-193.6438,0.));
#12874=CARTESIAN_POINT('',(-20.,-193.6438,13.));
#12875=CARTESIAN_POINT('Origin',(-20.,25.,0.));
#12876=CARTESIAN_POINT('',(-20.,-193.6438,13.));
#12877=CARTESIAN_POINT('',(-20.,-193.6438,0.));
#12878=CARTESIAN_POINT('Origin',(-20.,25.,0.));
#12879=CARTESIAN_POINT('',(-20.,-193.6438,0.));
#12880=CARTESIAN_POINT('',(-20.,-193.6438,13.));
#12881=CARTESIAN_POINT('Origin',(-20.,25.,0.));
#12882=CARTESIAN_POINT('',(-20.,-193.6438,13.));
#12883=CARTESIAN_POINT('',(-20.,-193.6438,0.));
#12884=CARTESIAN_POINT('Origin',(-20.,25.,0.));
#12885=CARTESIAN_POINT('',(-20.,-193.6438,0.));
#12886=CARTESIAN_POINT('',(-20.,-193.6438,13.));
#12887=CARTESIAN_POINT('Origin',(-20.,25.,0.));
#12888=CARTESIAN_POINT('',(-20.,-193.6438,13.));
#12889=CARTESIAN_POINT('',(-20.,-193.6438,0.));
#12890=CARTESIAN_POINT('Origin',(-20.,25.,0.));
#12891=CARTESIAN_POINT('',(-20.,-193.6438,0.));
#12892=CARTESIAN_POINT('',(-20.,-193.6438,13.));
#12893=CARTESIAN_POINT('Origin',(-20.,25.,0.));
#12894=CARTESIAN_POINT('',(-20.,-193.6438,13.));
#12895=CARTESIAN_POINT('',(-20.,-193.6438,0.));
#12896=CARTESIAN_POINT('Origin',(-20.,25.,0.));
#12897=CARTESIAN_POINT('',(-20.,-193.6438,0.));
#12898=CARTESIAN_POINT('',(-20.,-193.6438,13.));
#12899=CARTESIAN_POINT('Origin',(-20.,25.,0.));
#12900=CARTESIAN_POINT('',(-20.,-193.6438,13.));
#12901=CARTESIAN_POINT('',(-20.,-193.6438,0.));
#12902=CARTESIAN_POINT('Origin',(-20.,25.,0.));
#12903=CARTESIAN_POINT('',(-20.,-193.6438,0.));
#12904=CARTESIAN_POINT('',(-20.,-193.6438,13.));
#12905=CARTESIAN_POINT('Origin',(-20.,25.,0.));
#12906=CARTESIAN_POINT('',(-20.,-193.6438,13.));
#12907=CARTESIAN_POINT('',(-20.,-193.6438,0.));
#12908=CARTESIAN_POINT('Origin',(-20.,25.,0.));
#12909=CARTESIAN_POINT('',(-20.,-193.6438,0.));
#12910=CARTESIAN_POINT('',(-20.,-193.6438,13.));
#12911=CARTESIAN_POINT('Origin',(-20.,25.,0.));
#12912=CARTESIAN_POINT('',(-20.,-193.6438,13.));
#12913=CARTESIAN_POINT('',(-20.,-193.6438,0.));
#12914=CARTESIAN_POINT('Origin',(-20.,25.,0.));
#12915=CARTESIAN_POINT('',(-20.,-193.6438,0.));
#12916=CARTESIAN_POINT('',(-20.,-193.6438,13.));
#12917=CARTESIAN_POINT('Origin',(-20.,25.,0.));
#12918=CARTESIAN_POINT('',(-20.,-193.6438,13.));
#12919=CARTESIAN_POINT('',(-20.,-193.6438,0.));
#12920=CARTESIAN_POINT('Origin',(-20.,25.,0.));
#12921=CARTESIAN_POINT('',(-20.,-193.6438,0.));
#12922=CARTESIAN_POINT('',(-20.,-193.6438,13.));
#12923=CARTESIAN_POINT('Origin',(-20.,25.,0.));
#12924=CARTESIAN_POINT('',(-20.,-193.6438,13.));
#12925=CARTESIAN_POINT('',(-20.,-193.6438,0.));
#12926=CARTESIAN_POINT('Origin',(-20.,25.,0.));
#12927=CARTESIAN_POINT('',(-20.,-193.6438,0.));
#12928=CARTESIAN_POINT('',(-20.,-193.6438,13.));
#12929=CARTESIAN_POINT('Origin',(-20.,25.,0.));
#12930=CARTESIAN_POINT('',(-20.,-193.6438,13.));
#12931=CARTESIAN_POINT('',(-20.,-193.6438,0.));
#12932=CARTESIAN_POINT('Origin',(-20.,25.,0.));
#12933=CARTESIAN_POINT('',(-20.,-193.6438,0.));
#12934=CARTESIAN_POINT('',(-20.,-193.6438,13.));
#12935=CARTESIAN_POINT('Ctrl Pts',(-20.,-159.137924595478,7.22563554105847));
#12936=CARTESIAN_POINT('Ctrl Pts',(-16.,-159.137924595478,7.22563554105847));
#12937=CARTESIAN_POINT('Ctrl Pts',(-20.,-159.636139257553,7.85071779546826));
#12938=CARTESIAN_POINT('Ctrl Pts',(-16.,-159.636139257553,7.85071779546826));
#12939=CARTESIAN_POINT('Ctrl Pts',(-20.,-160.290809257629,7.85071779546826));
#12940=CARTESIAN_POINT('Ctrl Pts',(-16.,-160.290809257629,7.85071779546826));
#12941=CARTESIAN_POINT('',(-19.2,-159.137924595478,7.22563554105847));
#12942=CARTESIAN_POINT('',(-19.2,-159.242273061506,7.3478324821096));
#12943=CARTESIAN_POINT('Ctrl Pts',(-19.2,-159.137924595478,7.22563554105847));
#12944=CARTESIAN_POINT('Ctrl Pts',(-19.2,-159.172153549955,7.26858070839176));
#12945=CARTESIAN_POINT('Ctrl Pts',(-19.2,-159.206936371965,7.30931302207545));
#12946=CARTESIAN_POINT('Ctrl Pts',(-19.2,-159.242273061506,7.34783248210956));
#12947=CARTESIAN_POINT('',(-16.,-159.137924595478,7.22563554105847));
#12948=CARTESIAN_POINT('',(-20.,-159.137924595478,7.22563554105847));
#12949=CARTESIAN_POINT('',(-16.,-160.290809257629,7.85071779546826));
#12950=CARTESIAN_POINT('Ctrl Pts',(-16.,-159.137924595478,7.22563554105847));
#12951=CARTESIAN_POINT('Ctrl Pts',(-16.,-159.636139257553,7.85071779546826));
#12952=CARTESIAN_POINT('Ctrl Pts',(-16.,-160.290809257629,7.85071779546826));
#12953=CARTESIAN_POINT('',(-20.,-160.290809257629,7.85071779546826));
#12954=CARTESIAN_POINT('',(-20.,-160.290809257629,7.85071779546826));
#12955=CARTESIAN_POINT('',(-20.,-159.242273061506,7.34783248210961));
#12956=CARTESIAN_POINT('Ctrl Pts',(-20.,-159.242273061506,7.34783248210961));
#12957=CARTESIAN_POINT('Ctrl Pts',(-20.,-159.703606168915,7.85071779546789));
#12958=CARTESIAN_POINT('Ctrl Pts',(-20.,-160.290809257629,7.85071779546826));
#12959=CARTESIAN_POINT('Ctrl Pts',(-19.2,-159.242273061506,7.3478324821096));
#12960=CARTESIAN_POINT('Ctrl Pts',(-19.4666666666667,-159.242273061506,
7.34783248210962));
#12961=CARTESIAN_POINT('Ctrl Pts',(-19.7333333333333,-159.242273061506,
7.34783248210961));
#12962=CARTESIAN_POINT('Ctrl Pts',(-20.,-159.242273061506,7.34783248210961));
#12963=CARTESIAN_POINT('Ctrl Pts',(-20.,-164.291712625625,7.62222130355924));
#12964=CARTESIAN_POINT('Ctrl Pts',(-16.,-164.291712625625,7.62222130355924));
#12965=CARTESIAN_POINT('Ctrl Pts',(-20.,-164.291712625625,7.32806493101209));
#12966=CARTESIAN_POINT('Ctrl Pts',(-16.,-164.291712625625,7.32806493101209));
#12967=CARTESIAN_POINT('Ctrl Pts',(-20.,-163.837346418503,7.05754627046674));
#12968=CARTESIAN_POINT('Ctrl Pts',(-16.,-163.837346418503,7.05754627046674));
#12969=CARTESIAN_POINT('',(-19.2,-164.291712625625,7.62222130355924));
#12970=CARTESIAN_POINT('',(-19.2,-163.969732128344,7.14372693116075));
#12971=CARTESIAN_POINT('Ctrl Pts',(-19.2,-164.291712625625,7.62222130355924));
#12972=CARTESIAN_POINT('Ctrl Pts',(-19.2,-164.291712625625,7.4571396639208));
#12973=CARTESIAN_POINT('Ctrl Pts',(-19.2,-164.184385793176,7.29764153977214));
#12974=CARTESIAN_POINT('Ctrl Pts',(-19.2,-163.969732128277,7.14372693111327));
#12975=CARTESIAN_POINT('',(-16.,-164.291712625625,7.62222130355924));
#12976=CARTESIAN_POINT('',(-20.,-164.291712625625,7.62222130355924));
#12977=CARTESIAN_POINT('',(-16.,-163.837346418503,7.05754627046674));
#12978=CARTESIAN_POINT('Ctrl Pts',(-16.,-164.291712625625,7.62222130355924));
#12979=CARTESIAN_POINT('Ctrl Pts',(-16.,-164.291712625625,7.32806493101209));
#12980=CARTESIAN_POINT('Ctrl Pts',(-16.,-163.837346418503,7.05754627046674));
#12981=CARTESIAN_POINT('',(-20.,-163.837346418503,7.05754627046674));
#12982=CARTESIAN_POINT('',(-20.,-163.837346418503,7.05754627046674));
#12983=CARTESIAN_POINT('',(-20.,-163.969732128344,7.14372693116076));
#12984=CARTESIAN_POINT('Ctrl Pts',(-20.,-163.969732128344,7.14372693116076));
#12985=CARTESIAN_POINT('Ctrl Pts',(-20.,-163.909224642393,7.10034082812607));
#12986=CARTESIAN_POINT('Ctrl Pts',(-20.,-163.837346418503,7.05754627046674));
#12987=CARTESIAN_POINT('Ctrl Pts',(-19.2,-163.969732128344,7.14372693116075));
#12988=CARTESIAN_POINT('Ctrl Pts',(-19.4666666666667,-163.969732128344,
7.14372693116076));
#12989=CARTESIAN_POINT('Ctrl Pts',(-19.7333333333333,-163.969732128344,
7.14372693116077));
#12990=CARTESIAN_POINT('Ctrl Pts',(-20.,-163.969732128344,7.14372693116077));
#12991=CARTESIAN_POINT('Origin',(-20.,-163.947654946449,5.85991014299481));
#12992=CARTESIAN_POINT('',(-19.2,-163.947654946449,5.85991014299481));
#12993=CARTESIAN_POINT('',(-19.2,-163.737543209198,6.19871516285031));
#12994=CARTESIAN_POINT('',(-19.2,-163.916298254865,5.91047278482378));
#12995=CARTESIAN_POINT('',(-16.,-163.947654946449,5.85991014299481));
#12996=CARTESIAN_POINT('',(-20.,-163.947654946449,5.85991014299481));
#12997=CARTESIAN_POINT('',(-16.,-163.737543209198,6.19871516285031));
#12998=CARTESIAN_POINT('',(-16.,-163.947654946449,5.85991014299481));
#12999=CARTESIAN_POINT('',(-20.,-163.737543209198,6.19871516285031));
#13000=CARTESIAN_POINT('Ctrl Pts',(-20.,-163.737543209198,6.19871516285031));
#13001=CARTESIAN_POINT('Ctrl Pts',(-16.,-163.737543209198,6.19871516285031));
#13002=CARTESIAN_POINT('Ctrl Pts',(-20.,-163.554794917462,6.49286458091943));
#13003=CARTESIAN_POINT('Ctrl Pts',(-16.,-163.554794917462,6.49286458091943));
#13004=CARTESIAN_POINT('Ctrl Pts',(-20.,-163.459141664934,6.72557035899686));
#13005=CARTESIAN_POINT('Ctrl Pts',(-16.,-163.459141664934,6.72557035899686));
#13006=CARTESIAN_POINT('',(-19.2,-163.580645892287,6.4698098017857));
#13007=CARTESIAN_POINT('Ctrl Pts',(-19.2,-163.737543209198,6.19871516285033));
#13008=CARTESIAN_POINT('Ctrl Pts',(-19.2,-163.682821095524,6.28679520857717));
#13009=CARTESIAN_POINT('Ctrl Pts',(-19.2,-163.629373707573,6.37811866189891));
#13010=CARTESIAN_POINT('Ctrl Pts',(-19.2,-163.580645892287,6.46980980178571));
#13011=CARTESIAN_POINT('',(-16.,-163.459141664934,6.72557035899686));
#13012=CARTESIAN_POINT('Ctrl Pts',(-16.,-163.737543209198,6.19871516285031));
#13013=CARTESIAN_POINT('Ctrl Pts',(-16.,-163.554794917462,6.49286458091942));
#13014=CARTESIAN_POINT('Ctrl Pts',(-16.,-163.459141664934,6.72557035899686));
#13015=CARTESIAN_POINT('',(-20.,-163.459141664934,6.72557035899686));
#13016=CARTESIAN_POINT('',(-20.,-163.459141664934,6.72557035899686));
#13017=CARTESIAN_POINT('',(-20.,-163.580645892287,6.4698098017857));
#13018=CARTESIAN_POINT('Ctrl Pts',(-20.,-163.580645892287,6.4698098017857));
#13019=CARTESIAN_POINT('Ctrl Pts',(-20.,-163.508362781527,6.60582494593498));
#13020=CARTESIAN_POINT('Ctrl Pts',(-20.,-163.459141664935,6.7255703589952));
#13021=CARTESIAN_POINT('Ctrl Pts',(-19.2,-163.580645892287,6.4698098017857));
#13022=CARTESIAN_POINT('Ctrl Pts',(-19.4666666666667,-163.580645892287,
6.46980980178571));
#13023=CARTESIAN_POINT('Ctrl Pts',(-19.7333333333333,-163.580645892287,
6.4698098017857));
#13024=CARTESIAN_POINT('Ctrl Pts',(-20.,-163.580645892287,6.4698098017857));
#13025=CARTESIAN_POINT('Origin',(-20.,-163.837346418503,7.05754627046674));
#13026=CARTESIAN_POINT('',(-20.,-163.877388910832,6.98378378669547));
#13027=CARTESIAN_POINT('',(-19.2,-163.877388910832,6.98378378669547));
#13028=CARTESIAN_POINT('',(-20.,-163.877388910832,6.98378378669549));
#13029=CARTESIAN_POINT('',(-20.,-143.825676585792,43.9211475455103));
#13030=CARTESIAN_POINT('',(-16.,-164.136755450371,6.50600333271115));
#13031=CARTESIAN_POINT('',(-16.,-163.837346418503,7.05754627046674));
#13032=CARTESIAN_POINT('',(-19.2,-164.136755450371,6.50600333271115));
#13033=CARTESIAN_POINT('',(-20.,-164.136755450371,6.50600333271115));
#13034=CARTESIAN_POINT('',(-19.2,-164.05859095881,6.64999054991224));
#13035=CARTESIAN_POINT('Ctrl Pts',(-20.,-163.600970490578,4.7647034054765));
#13036=CARTESIAN_POINT('Ctrl Pts',(-16.,-163.600970490578,4.7647034054765));
#13037=CARTESIAN_POINT('Ctrl Pts',(-20.,-163.832093461159,4.7647034054765));
#13038=CARTESIAN_POINT('Ctrl Pts',(-16.,-163.832093461159,4.7647034054765));
#13039=CARTESIAN_POINT('Ctrl Pts',(-20.,-163.976545317772,4.92097367105573));
#13040=CARTESIAN_POINT('Ctrl Pts',(-16.,-163.976545317772,4.92097367105573));
#13041=CARTESIAN_POINT('',(-19.2,-163.600970490578,4.7647034054765));
#13042=CARTESIAN_POINT('',(-19.2,-163.763893817511,4.78720451865396));
#13043=CARTESIAN_POINT('Ctrl Pts',(-19.2,-163.600970490578,4.7647034054765));
#13044=CARTESIAN_POINT('Ctrl Pts',(-19.2,-163.659438145982,4.7647034054765));
#13045=CARTESIAN_POINT('Ctrl Pts',(-19.2,-163.713745921626,4.77220377653565));
#13046=CARTESIAN_POINT('Ctrl Pts',(-19.2,-163.763893817511,4.78720451865395));
#13047=CARTESIAN_POINT('',(-16.,-163.600970490578,4.7647034054765));
#13048=CARTESIAN_POINT('',(-20.,-163.600970490578,4.7647034054765));
#13049=CARTESIAN_POINT('',(-16.,-163.976545317772,4.92097367105573));
#13050=CARTESIAN_POINT('Ctrl Pts',(-16.,-163.600970490578,4.7647034054765));
#13051=CARTESIAN_POINT('Ctrl Pts',(-16.,-163.832093461159,4.7647034054765));
#13052=CARTESIAN_POINT('Ctrl Pts',(-16.,-163.976545317772,4.92097367105573));
#13053=CARTESIAN_POINT('',(-20.,-163.976545317772,4.92097367105573));
#13054=CARTESIAN_POINT('',(-20.,-163.976545317772,4.92097367105573));
#13055=CARTESIAN_POINT('',(-20.,-163.763893817511,4.78720451865395));
#13056=CARTESIAN_POINT('Ctrl Pts',(-20.,-163.763893817511,4.78720451865395));
#13057=CARTESIAN_POINT('Ctrl Pts',(-20.,-163.8869068881,4.82400142342035));
#13058=CARTESIAN_POINT('Ctrl Pts',(-20.,-163.976545317772,4.92097367105573));
#13059=CARTESIAN_POINT('Ctrl Pts',(-19.2,-163.763893817511,4.78720451865396));
#13060=CARTESIAN_POINT('Ctrl Pts',(-19.4666666666667,-163.763893817511,
4.78720451865396));
#13061=CARTESIAN_POINT('Ctrl Pts',(-19.7333333333333,-163.763893817511,
4.78720451865395));
#13062=CARTESIAN_POINT('Ctrl Pts',(-20.,-163.763893817511,4.78720451865395));
#13063=CARTESIAN_POINT('Origin',(-20.,-164.136755450371,6.50600333271115));
#13064=CARTESIAN_POINT('',(-19.2,-164.3705046016,6.08052719888776));
#13065=CARTESIAN_POINT('',(-19.2,-164.209606272333,6.37339841880443));
#13066=CARTESIAN_POINT('',(-16.,-164.3705046016,6.08052719888776));
#13067=CARTESIAN_POINT('',(-16.,-164.136755450371,6.50600333271115));
#13068=CARTESIAN_POINT('',(-20.,-164.3705046016,6.08052719888776));
#13069=CARTESIAN_POINT('Ctrl Pts',(-20.,-164.3705046016,6.08052719888776));
#13070=CARTESIAN_POINT('Ctrl Pts',(-16.,-164.3705046016,6.08052719888776));
#13071=CARTESIAN_POINT('Ctrl Pts',(-20.,-164.872146232727,6.37993623075574));
#13072=CARTESIAN_POINT('Ctrl Pts',(-16.,-164.872146232727,6.37993623075574));
#13073=CARTESIAN_POINT('Ctrl Pts',(-20.,-165.12690602124,6.59398783502667));
#13074=CARTESIAN_POINT('Ctrl Pts',(-16.,-165.12690602124,6.59398783502667));
#13075=CARTESIAN_POINT('',(-19.2,-164.587108143513,6.21305355680793));
#13076=CARTESIAN_POINT('Ctrl Pts',(-19.2,-164.3705046016,6.08052719888776));
#13077=CARTESIAN_POINT('Ctrl Pts',(-19.2,-164.447012828596,6.12619177844654));
#13078=CARTESIAN_POINT('Ctrl Pts',(-19.2,-164.519214009232,6.170367231086));
#13079=CARTESIAN_POINT('Ctrl Pts',(-19.2,-164.58710814351,6.21305355680616));
#13080=CARTESIAN_POINT('',(-16.,-165.12690602124,6.59398783502667));
#13081=CARTESIAN_POINT('Ctrl Pts',(-16.,-164.3705046016,6.08052719888776));
#13082=CARTESIAN_POINT('Ctrl Pts',(-16.,-164.872146232727,6.37993623075574));
#13083=CARTESIAN_POINT('Ctrl Pts',(-16.,-165.12690602124,6.59398783502667));
#13084=CARTESIAN_POINT('',(-20.,-165.12690602124,6.59398783502667));
#13085=CARTESIAN_POINT('',(-20.,-165.12690602124,6.59398783502667));
#13086=CARTESIAN_POINT('',(-20.,-164.587108143513,6.21305355680795));
#13087=CARTESIAN_POINT('Ctrl Pts',(-20.,-164.587108143513,6.21305355680795));
#13088=CARTESIAN_POINT('Ctrl Pts',(-20.,-164.930428535828,6.4289055777327));
#13089=CARTESIAN_POINT('Ctrl Pts',(-20.,-165.12690602124,6.59398783502667));
#13090=CARTESIAN_POINT('Ctrl Pts',(-19.2,-164.587108143513,6.21305355680793));
#13091=CARTESIAN_POINT('Ctrl Pts',(-19.4666666666667,-164.587108143513,
6.21305355680794));
#13092=CARTESIAN_POINT('Ctrl Pts',(-19.7333333333333,-164.587108143513,
6.21305355680796));
#13093=CARTESIAN_POINT('Ctrl Pts',(-20.,-164.587108143513,6.21305355680796));
#13094=CARTESIAN_POINT('Ctrl Pts',(-20.,-161.063872559669,7.16785479841321));
#13095=CARTESIAN_POINT('Ctrl Pts',(-16.,-161.063872559669,7.16785479841321));
#13096=CARTESIAN_POINT('Ctrl Pts',(-20.,-160.511549695137,7.52767105159848));
#13097=CARTESIAN_POINT('Ctrl Pts',(-16.,-160.511549695137,7.52767105159848));
#13098=CARTESIAN_POINT('Ctrl Pts',(-20.,-160.145988448265,7.52767105159848));
#13099=CARTESIAN_POINT('Ctrl Pts',(-16.,-160.145988448265,7.52767105159848));
#13100=CARTESIAN_POINT('',(-20.,-161.063872559669,7.16785479841321));
#13101=CARTESIAN_POINT('',(-20.,-160.145988448265,7.52767105159848));
#13102=CARTESIAN_POINT('Ctrl Pts',(-20.,-161.063872559669,7.16785479841321));
#13103=CARTESIAN_POINT('Ctrl Pts',(-20.,-160.511549695137,7.52767105159848));
#13104=CARTESIAN_POINT('Ctrl Pts',(-20.,-160.145988448265,7.52767105159848));
#13105=CARTESIAN_POINT('',(-16.,-161.063872559669,7.16785479841321));
#13106=CARTESIAN_POINT('',(-20.,-161.063872559669,7.16785479841321));
#13107=CARTESIAN_POINT('',(-16.,-160.145988448265,7.52767105159848));
#13108=CARTESIAN_POINT('Ctrl Pts',(-16.,-161.063872559669,7.16785479841321));
#13109=CARTESIAN_POINT('Ctrl Pts',(-16.,-160.511549695137,7.52767105159848));
#13110=CARTESIAN_POINT('Ctrl Pts',(-16.,-160.145988448265,7.52767105159848));
#13111=CARTESIAN_POINT('',(-20.,-160.145988448265,7.52767105159848));
#13112=CARTESIAN_POINT('Ctrl Pts',(-20.,-160.956026299599,7.02077676115125));
#13113=CARTESIAN_POINT('Ctrl Pts',(-16.,-160.956026299599,7.02077676115125));
#13114=CARTESIAN_POINT('Ctrl Pts',(-20.,-160.96919952214,7.04178799448102));
#13115=CARTESIAN_POINT('Ctrl Pts',(-16.,-160.96919952214,7.04178799448102));
#13116=CARTESIAN_POINT('Ctrl Pts',(-20.,-161.063872559669,7.16785479841321));
#13117=CARTESIAN_POINT('Ctrl Pts',(-16.,-161.063872559669,7.16785479841321));
#13118=CARTESIAN_POINT('',(-20.,-160.956026299599,7.02077676115125));
#13119=CARTESIAN_POINT('Ctrl Pts',(-20.,-160.956026299599,7.02077676115125));
#13120=CARTESIAN_POINT('Ctrl Pts',(-20.,-160.96919952214,7.04178799448102));
#13121=CARTESIAN_POINT('Ctrl Pts',(-20.,-161.063872559669,7.16785479841321));
#13122=CARTESIAN_POINT('',(-16.,-160.956026299599,7.02077676115125));
#13123=CARTESIAN_POINT('',(-20.,-160.956026299599,7.02077676115125));
#13124=CARTESIAN_POINT('Ctrl Pts',(-16.,-160.956026299599,7.02077676115125));
#13125=CARTESIAN_POINT('Ctrl Pts',(-16.,-160.96919952214,7.04178799448102));
#13126=CARTESIAN_POINT('Ctrl Pts',(-16.,-161.063872559669,7.16785479841321));
#13127=CARTESIAN_POINT('Ctrl Pts',(-20.,-159.517418130043,5.37140060720532));
#13128=CARTESIAN_POINT('Ctrl Pts',(-16.,-159.517418130043,5.37140060720532));
#13129=CARTESIAN_POINT('Ctrl Pts',(-20.,-159.893485291603,5.37140060720532));
#13130=CARTESIAN_POINT('Ctrl Pts',(-16.,-159.893485291603,5.37140060720532));
#13131=CARTESIAN_POINT('Ctrl Pts',(-20.,-160.956026299599,7.02077676115125));
#13132=CARTESIAN_POINT('Ctrl Pts',(-16.,-160.956026299599,7.02077676115125));
#13133=CARTESIAN_POINT('',(-20.,-159.517418130043,5.37140060720532));
#13134=CARTESIAN_POINT('Ctrl Pts',(-20.,-159.517418130043,5.37140060720532));
#13135=CARTESIAN_POINT('Ctrl Pts',(-20.,-159.893485291603,5.37140060720532));
#13136=CARTESIAN_POINT('Ctrl Pts',(-20.,-160.956026299599,7.02077676115125));
#13137=CARTESIAN_POINT('',(-16.,-159.517418130043,5.37140060720532));
#13138=CARTESIAN_POINT('',(-20.,-159.517418130043,5.37140060720532));
#13139=CARTESIAN_POINT('Ctrl Pts',(-16.,-159.517418130043,5.37140060720532));
#13140=CARTESIAN_POINT('Ctrl Pts',(-16.,-159.893485291603,5.37140060720532));
#13141=CARTESIAN_POINT('Ctrl Pts',(-16.,-160.956026299599,7.02077676115125));
#13142=CARTESIAN_POINT('Ctrl Pts',(-20.,-159.170241637829,5.90193231163114));
#13143=CARTESIAN_POINT('Ctrl Pts',(-16.,-159.170241637829,5.90193231163114));
#13144=CARTESIAN_POINT('Ctrl Pts',(-20.,-159.170241637829,5.37140060720532));
#13145=CARTESIAN_POINT('Ctrl Pts',(-16.,-159.170241637829,5.37140060720532));
#13146=CARTESIAN_POINT('Ctrl Pts',(-20.,-159.517418130043,5.37140060720532));
#13147=CARTESIAN_POINT('Ctrl Pts',(-16.,-159.517418130043,5.37140060720532));
#13148=CARTESIAN_POINT('',(-20.,-159.170241637829,5.90193231163114));
#13149=CARTESIAN_POINT('Ctrl Pts',(-20.,-159.170241637829,5.90193231163114));
#13150=CARTESIAN_POINT('Ctrl Pts',(-20.,-159.170241637829,5.37140060720532));
#13151=CARTESIAN_POINT('Ctrl Pts',(-20.,-159.517418130043,5.37140060720532));
#13152=CARTESIAN_POINT('',(-16.,-159.170241637829,5.90193231163114));
#13153=CARTESIAN_POINT('',(-20.,-159.170241637829,5.90193231163114));
#13154=CARTESIAN_POINT('Ctrl Pts',(-16.,-159.170241637829,5.90193231163114));
#13155=CARTESIAN_POINT('Ctrl Pts',(-16.,-159.170241637829,5.37140060720532));
#13156=CARTESIAN_POINT('Ctrl Pts',(-16.,-159.517418130043,5.37140060720532));
#13157=CARTESIAN_POINT('Ctrl Pts',(-20.,-159.459555431011,7.04572756347745));
#13158=CARTESIAN_POINT('Ctrl Pts',(-16.,-159.459555431011,7.04572756347745));
#13159=CARTESIAN_POINT('Ctrl Pts',(-20.,-159.170241637829,6.56378407535642));
#13160=CARTESIAN_POINT('Ctrl Pts',(-16.,-159.170241637829,6.56378407535642));
#13161=CARTESIAN_POINT('Ctrl Pts',(-20.,-159.170241637829,5.90193231163114));
#13162=CARTESIAN_POINT('Ctrl Pts',(-16.,-159.170241637829,5.90193231163114));
#13163=CARTESIAN_POINT('',(-20.,-159.459555431011,7.04572756347745));
#13164=CARTESIAN_POINT('Ctrl Pts',(-20.,-159.459555431011,7.04572756347745));
#13165=CARTESIAN_POINT('Ctrl Pts',(-20.,-159.170241637829,6.56378407535642));
#13166=CARTESIAN_POINT('Ctrl Pts',(-20.,-159.170241637829,5.90193231163114));
#13167=CARTESIAN_POINT('',(-16.,-159.459555431011,7.04572756347745));
#13168=CARTESIAN_POINT('',(-20.,-159.459555431011,7.04572756347745));
#13169=CARTESIAN_POINT('Ctrl Pts',(-16.,-159.459555431011,7.04572756347745));
#13170=CARTESIAN_POINT('Ctrl Pts',(-16.,-159.170241637829,6.56378407535642));
#13171=CARTESIAN_POINT('Ctrl Pts',(-16.,-159.170241637829,5.90193231163114));
#13172=CARTESIAN_POINT('Ctrl Pts',(-20.,-160.145988448265,7.52767105159848));
#13173=CARTESIAN_POINT('Ctrl Pts',(-16.,-160.145988448265,7.52767105159848));
#13174=CARTESIAN_POINT('Ctrl Pts',(-20.,-159.748869522217,7.52767105159848));
#13175=CARTESIAN_POINT('Ctrl Pts',(-16.,-159.748869522217,7.52767105159848));
#13176=CARTESIAN_POINT('Ctrl Pts',(-20.,-159.459555431011,7.04572756347745));
#13177=CARTESIAN_POINT('Ctrl Pts',(-16.,-159.459555431011,7.04572756347745));
#13178=CARTESIAN_POINT('Ctrl Pts',(-20.,-160.145988448265,7.52767105159848));
#13179=CARTESIAN_POINT('Ctrl Pts',(-20.,-159.748869522217,7.52767105159848));
#13180=CARTESIAN_POINT('Ctrl Pts',(-20.,-159.459555431011,7.04572756347745));
#13181=CARTESIAN_POINT('Ctrl Pts',(-16.,-160.145988448265,7.52767105159848));
#13182=CARTESIAN_POINT('Ctrl Pts',(-16.,-159.748869522217,7.52767105159848));
#13183=CARTESIAN_POINT('Ctrl Pts',(-16.,-159.459555431011,7.04572756347745));
#13184=CARTESIAN_POINT('Ctrl Pts',(-20.,-163.3611571539,7.06348072131297));
#13185=CARTESIAN_POINT('Ctrl Pts',(-16.,-163.3611571539,7.06348072131297));
#13186=CARTESIAN_POINT('Ctrl Pts',(-20.,-163.381338116368,6.91485127551272));
#13187=CARTESIAN_POINT('Ctrl Pts',(-16.,-163.381338116368,6.91485127551272));
#13188=CARTESIAN_POINT('Ctrl Pts',(-20.,-163.459141664932,6.72557035900128));
#13189=CARTESIAN_POINT('Ctrl Pts',(-16.,-163.459141664932,6.72557035900128));
#13190=CARTESIAN_POINT('',(-20.,-163.3611571539,7.06348072131297));
#13191=CARTESIAN_POINT('Ctrl Pts',(-20.,-163.3611571539,7.06348072131297));
#13192=CARTESIAN_POINT('Ctrl Pts',(-20.,-163.381338116368,6.91485127551272));
#13193=CARTESIAN_POINT('Ctrl Pts',(-20.,-163.459141664932,6.72557035900128));
#13194=CARTESIAN_POINT('',(-16.,-163.3611571539,7.06348072131297));
#13195=CARTESIAN_POINT('',(-20.,-163.3611571539,7.06348072131297));
#13196=CARTESIAN_POINT('Ctrl Pts',(-16.,-163.3611571539,7.06348072131297));
#13197=CARTESIAN_POINT('Ctrl Pts',(-16.,-163.381338116368,6.91485127551272));
#13198=CARTESIAN_POINT('Ctrl Pts',(-16.,-163.459141664932,6.72557035900128));
#13199=CARTESIAN_POINT('',(-20.,-163.459141664934,6.72557035899686));
#13200=CARTESIAN_POINT('Ctrl Pts',(-20.,-162.504450662735,6.02405984459012));
#13201=CARTESIAN_POINT('Ctrl Pts',(-16.,-162.504450662735,6.02405984459012));
#13202=CARTESIAN_POINT('Ctrl Pts',(-20.,-162.939464409433,6.44283334204504));
#13203=CARTESIAN_POINT('Ctrl Pts',(-16.,-162.939464409433,6.44283334204504));
#13204=CARTESIAN_POINT('Ctrl Pts',(-20.,-163.3611571539,7.06348072131297));
#13205=CARTESIAN_POINT('Ctrl Pts',(-16.,-163.3611571539,7.06348072131297));
#13206=CARTESIAN_POINT('',(-20.,-162.504450662735,6.02405984459012));
#13207=CARTESIAN_POINT('Ctrl Pts',(-20.,-162.504450662735,6.02405984459012));
#13208=CARTESIAN_POINT('Ctrl Pts',(-20.,-162.939464409433,6.44283334204504));
#13209=CARTESIAN_POINT('Ctrl Pts',(-20.,-163.3611571539,7.06348072131297));
#13210=CARTESIAN_POINT('',(-16.,-162.504450662735,6.02405984459012));
#13211=CARTESIAN_POINT('',(-20.,-162.504450662735,6.02405984459012));
#13212=CARTESIAN_POINT('Ctrl Pts',(-16.,-162.504450662735,6.02405984459012));
#13213=CARTESIAN_POINT('Ctrl Pts',(-16.,-162.939464409433,6.44283334204504));
#13214=CARTESIAN_POINT('Ctrl Pts',(-16.,-163.3611571539,7.06348072131297));
#13215=CARTESIAN_POINT('',(-20.,-163.3611571539,7.06348072131297));
#13216=CARTESIAN_POINT('Ctrl Pts',(-20.,-161.728350504043,5.54999549446195));
#13217=CARTESIAN_POINT('Ctrl Pts',(-16.,-161.728350504043,5.54999549446195));
#13218=CARTESIAN_POINT('Ctrl Pts',(-20.,-162.012001259926,5.54999549446195));
#13219=CARTESIAN_POINT('Ctrl Pts',(-16.,-162.012001259926,5.54999549446195));
#13220=CARTESIAN_POINT('Ctrl Pts',(-20.,-162.504450662735,6.02405984459012));
#13221=CARTESIAN_POINT('Ctrl Pts',(-16.,-162.504450662735,6.02405984459012));
#13222=CARTESIAN_POINT('',(-20.,-161.728350504043,5.54999549446195));
#13223=CARTESIAN_POINT('Ctrl Pts',(-20.,-161.728350504043,5.54999549446195));
#13224=CARTESIAN_POINT('Ctrl Pts',(-20.,-162.012001259926,5.54999549446195));
#13225=CARTESIAN_POINT('Ctrl Pts',(-20.,-162.504450662735,6.02405984459012));
#13226=CARTESIAN_POINT('',(-16.,-161.728350504043,5.54999549446195));
#13227=CARTESIAN_POINT('',(-20.,-161.728350504043,5.54999549446195));
#13228=CARTESIAN_POINT('Ctrl Pts',(-16.,-161.728350504043,5.54999549446195));
#13229=CARTESIAN_POINT('Ctrl Pts',(-16.,-162.012001259926,5.54999549446195));
#13230=CARTESIAN_POINT('Ctrl Pts',(-16.,-162.504450662735,6.02405984459012));
#13231=CARTESIAN_POINT('Ctrl Pts',(-20.,-161.460458620193,6.12517584619611));
#13232=CARTESIAN_POINT('Ctrl Pts',(-16.,-161.460458620193,6.12517584619611));
#13233=CARTESIAN_POINT('Ctrl Pts',(-20.,-161.460458620193,5.54999549446195));
#13234=CARTESIAN_POINT('Ctrl Pts',(-16.,-161.460458620193,5.54999549446195));
#13235=CARTESIAN_POINT('Ctrl Pts',(-20.,-161.728350504043,5.54999549446195));
#13236=CARTESIAN_POINT('Ctrl Pts',(-16.,-161.728350504043,5.54999549446195));
#13237=CARTESIAN_POINT('',(-20.,-161.460458620193,6.12517584619611));
#13238=CARTESIAN_POINT('Ctrl Pts',(-20.,-161.460458620193,6.12517584619611));
#13239=CARTESIAN_POINT('Ctrl Pts',(-20.,-161.460458620193,5.54999549446195));
#13240=CARTESIAN_POINT('Ctrl Pts',(-20.,-161.728350504043,5.54999549446195));
#13241=CARTESIAN_POINT('',(-16.,-161.460458620193,6.12517584619611));
#13242=CARTESIAN_POINT('',(-20.,-161.460458620193,6.12517584619611));
#13243=CARTESIAN_POINT('Ctrl Pts',(-16.,-161.460458620193,6.12517584619611));
#13244=CARTESIAN_POINT('Ctrl Pts',(-16.,-161.460458620193,5.54999549446195));
#13245=CARTESIAN_POINT('Ctrl Pts',(-16.,-161.728350504043,5.54999549446195));
#13246=CARTESIAN_POINT('Ctrl Pts',(-20.,-161.536623819473,6.99713934717267));
#13247=CARTESIAN_POINT('Ctrl Pts',(-16.,-161.536623819473,6.99713934717267));
#13248=CARTESIAN_POINT('Ctrl Pts',(-20.,-161.460458620193,6.62419129667371));
#13249=CARTESIAN_POINT('Ctrl Pts',(-16.,-161.460458620193,6.62419129667371));
#13250=CARTESIAN_POINT('Ctrl Pts',(-20.,-161.460458620193,6.12517584619611));
#13251=CARTESIAN_POINT('Ctrl Pts',(-16.,-161.460458620193,6.12517584619611));
#13252=CARTESIAN_POINT('',(-20.,-161.536623819473,6.99713934717267));
#13253=CARTESIAN_POINT('Ctrl Pts',(-20.,-161.536623819473,6.99713934717267));
#13254=CARTESIAN_POINT('Ctrl Pts',(-20.,-161.460458620193,6.62419129667371));
#13255=CARTESIAN_POINT('Ctrl Pts',(-20.,-161.460458620193,6.12517584619611));
#13256=CARTESIAN_POINT('',(-16.,-161.536623819473,6.99713934717267));
#13257=CARTESIAN_POINT('',(-20.,-161.536623819473,6.99713934717267));
#13258=CARTESIAN_POINT('Ctrl Pts',(-16.,-161.536623819473,6.99713934717267));
#13259=CARTESIAN_POINT('Ctrl Pts',(-16.,-161.460458620193,6.62419129667371));
#13260=CARTESIAN_POINT('Ctrl Pts',(-16.,-161.460458620193,6.12517584619611));
#13261=CARTESIAN_POINT('Origin',(-20.,-161.581272466781,7.22038288173764));
#13262=CARTESIAN_POINT('',(-20.,-161.581272466781,7.22038288173764));
#13263=CARTESIAN_POINT('',(-20.,-157.298913555481,-14.1914402588889));
#13264=CARTESIAN_POINT('',(-16.,-161.581272466781,7.22038288173764));
#13265=CARTESIAN_POINT('',(-20.,-161.581272466781,7.22038288173764));
#13266=CARTESIAN_POINT('',(-16.,-161.581272466781,7.22038288173764));
#13267=CARTESIAN_POINT('Ctrl Pts',(-20.,-161.809769256714,7.84546513614743));
#13268=CARTESIAN_POINT('Ctrl Pts',(-16.,-161.809769256714,7.84546513614743));
#13269=CARTESIAN_POINT('Ctrl Pts',(-20.,-161.660064442756,7.6169686442384));
#13270=CARTESIAN_POINT('Ctrl Pts',(-16.,-161.660064442756,7.6169686442384));
#13271=CARTESIAN_POINT('Ctrl Pts',(-20.,-161.581272466781,7.22038288173764));
#13272=CARTESIAN_POINT('Ctrl Pts',(-16.,-161.581272466781,7.22038288173764));
#13273=CARTESIAN_POINT('',(-20.,-161.809769256714,7.84546513614743));
#13274=CARTESIAN_POINT('Ctrl Pts',(-20.,-161.809769256714,7.84546513614743));
#13275=CARTESIAN_POINT('Ctrl Pts',(-20.,-161.660064442756,7.6169686442384));
#13276=CARTESIAN_POINT('Ctrl Pts',(-20.,-161.581272466781,7.22038288173764));
#13277=CARTESIAN_POINT('',(-16.,-161.809769256714,7.84546513614743));
#13278=CARTESIAN_POINT('',(-20.,-161.809769256714,7.84546513614743));
#13279=CARTESIAN_POINT('Ctrl Pts',(-16.,-161.809769256714,7.84546513614743));
#13280=CARTESIAN_POINT('Ctrl Pts',(-16.,-161.660064442756,7.6169686442384));
#13281=CARTESIAN_POINT('Ctrl Pts',(-16.,-161.581272466781,7.22038288173764));
#13282=CARTESIAN_POINT('Ctrl Pts',(-20.,-161.70733986676,7.84809131679624));
#13283=CARTESIAN_POINT('Ctrl Pts',(-16.,-161.70733986676,7.84809131679624));
#13284=CARTESIAN_POINT('Ctrl Pts',(-20.,-161.738856418732,7.84809131679624));
#13285=CARTESIAN_POINT('Ctrl Pts',(-16.,-161.738856418732,7.84809131679624));
#13286=CARTESIAN_POINT('Ctrl Pts',(-20.,-161.809769256714,7.84546513614743));
#13287=CARTESIAN_POINT('Ctrl Pts',(-16.,-161.809769256714,7.84546513614743));
#13288=CARTESIAN_POINT('',(-20.,-161.70733986676,7.84809131679624));
#13289=CARTESIAN_POINT('Ctrl Pts',(-20.,-161.70733986676,7.84809131679624));
#13290=CARTESIAN_POINT('Ctrl Pts',(-20.,-161.738856418732,7.84809131679624));
#13291=CARTESIAN_POINT('Ctrl Pts',(-20.,-161.809769256714,7.84546513614743));
#13292=CARTESIAN_POINT('',(-16.,-161.70733986676,7.84809131679624));
#13293=CARTESIAN_POINT('',(-20.,-161.70733986676,7.84809131679624));
#13294=CARTESIAN_POINT('Ctrl Pts',(-16.,-161.70733986676,7.84809131679624));
#13295=CARTESIAN_POINT('Ctrl Pts',(-16.,-161.738856418732,7.84809131679624));
#13296=CARTESIAN_POINT('Ctrl Pts',(-16.,-161.809769256714,7.84546513614743));
#13297=CARTESIAN_POINT('Ctrl Pts',(-20.,-161.150543673637,7.60383654890149));
#13298=CARTESIAN_POINT('Ctrl Pts',(-16.,-161.150543673637,7.60383654890149));
#13299=CARTESIAN_POINT('Ctrl Pts',(-20.,-161.218829734924,7.84809131679624));
#13300=CARTESIAN_POINT('Ctrl Pts',(-16.,-161.218829734924,7.84809131679624));
#13301=CARTESIAN_POINT('Ctrl Pts',(-20.,-161.70733986676,7.84809131679624));
#13302=CARTESIAN_POINT('Ctrl Pts',(-16.,-161.70733986676,7.84809131679624));
#13303=CARTESIAN_POINT('',(-20.,-161.150543673637,7.60383654890149));
#13304=CARTESIAN_POINT('Ctrl Pts',(-20.,-161.150543673637,7.60383654890149));
#13305=CARTESIAN_POINT('Ctrl Pts',(-20.,-161.218829734924,7.84809131679624));
#13306=CARTESIAN_POINT('Ctrl Pts',(-20.,-161.70733986676,7.84809131679624));
#13307=CARTESIAN_POINT('',(-16.,-161.150543673637,7.60383654890149));
#13308=CARTESIAN_POINT('',(-20.,-161.150543673637,7.60383654890149));
#13309=CARTESIAN_POINT('Ctrl Pts',(-16.,-161.150543673637,7.60383654890149));
#13310=CARTESIAN_POINT('Ctrl Pts',(-16.,-161.218829734924,7.84809131679624));
#13311=CARTESIAN_POINT('Ctrl Pts',(-16.,-161.70733986676,7.84809131679624));
#13312=CARTESIAN_POINT('Ctrl Pts',(-20.,-160.290809257629,7.85071779546826));
#13313=CARTESIAN_POINT('Ctrl Pts',(-16.,-160.290809257629,7.85071779546826));
#13314=CARTESIAN_POINT('Ctrl Pts',(-20.,-160.687805994156,7.85071779546826));
#13315=CARTESIAN_POINT('Ctrl Pts',(-16.,-160.687805994156,7.85071779546826));
#13316=CARTESIAN_POINT('Ctrl Pts',(-20.,-161.150543673637,7.60383654890149));
#13317=CARTESIAN_POINT('Ctrl Pts',(-16.,-161.150543673637,7.60383654890149));
#13318=CARTESIAN_POINT('Ctrl Pts',(-20.,-160.290809257629,7.85071779546826));
#13319=CARTESIAN_POINT('Ctrl Pts',(-20.,-160.687805994156,7.85071779546826));
#13320=CARTESIAN_POINT('Ctrl Pts',(-20.,-161.150543673637,7.60383654890149));
#13321=CARTESIAN_POINT('Ctrl Pts',(-16.,-160.290809257629,7.85071779546826));
#13322=CARTESIAN_POINT('Ctrl Pts',(-16.,-160.687805994156,7.85071779546826));
#13323=CARTESIAN_POINT('Ctrl Pts',(-16.,-161.150543673637,7.60383654890149));
#13324=CARTESIAN_POINT('Ctrl Pts',(-20.,-158.63970963538,5.77849168834775));
#13325=CARTESIAN_POINT('Ctrl Pts',(-16.,-158.63970963538,5.77849168834775));
#13326=CARTESIAN_POINT('Ctrl Pts',(-20.,-158.63970963538,6.60055358467191));
#13327=CARTESIAN_POINT('Ctrl Pts',(-16.,-158.63970963538,6.60055358467191));
#13328=CARTESIAN_POINT('Ctrl Pts',(-20.,-159.137924595478,7.22563554105847));
#13329=CARTESIAN_POINT('Ctrl Pts',(-16.,-159.137924595478,7.22563554105847));
#13330=CARTESIAN_POINT('',(-19.2,-158.740889134638,6.47941004667539));
#13331=CARTESIAN_POINT('Ctrl Pts',(-19.2,-158.740889134638,6.4794100466754));
#13332=CARTESIAN_POINT('Ctrl Pts',(-19.2,-158.748252153986,6.50345804592103));
#13333=CARTESIAN_POINT('Ctrl Pts',(-19.2,-158.756040996168,6.52742540363774));
#13334=CARTESIAN_POINT('Ctrl Pts',(-19.2,-158.8490984795,6.79772552655304));
#13335=CARTESIAN_POINT('Ctrl Pts',(-19.2,-158.975491353336,7.02183979642587));
#13336=CARTESIAN_POINT('Ctrl Pts',(-19.2,-159.137924595478,7.22563554105847));
#13337=CARTESIAN_POINT('',(-20.,-158.740889134638,6.47941004667541));
#13338=CARTESIAN_POINT('Ctrl Pts',(-20.,-158.740889134638,6.47941004667532));
#13339=CARTESIAN_POINT('Ctrl Pts',(-19.7333333333333,-158.740889134638,
6.47941004667532));
#13340=CARTESIAN_POINT('Ctrl Pts',(-19.4666666666667,-158.740889134638,
6.47941004667535));
#13341=CARTESIAN_POINT('Ctrl Pts',(-19.2,-158.740889134638,6.47941004667539));
#13342=CARTESIAN_POINT('',(-20.,-158.63970963538,5.77849168834775));
#13343=CARTESIAN_POINT('Ctrl Pts',(-20.,-158.63970963538,5.77849168834775));
#13344=CARTESIAN_POINT('Ctrl Pts',(-20.,-158.63970963538,6.14895260700463));
#13345=CARTESIAN_POINT('Ctrl Pts',(-20.,-158.740889134638,6.47941004667541));
#13346=CARTESIAN_POINT('',(-16.,-158.63970963538,5.77849168834775));
#13347=CARTESIAN_POINT('',(-20.,-158.63970963538,5.77849168834775));
#13348=CARTESIAN_POINT('Ctrl Pts',(-16.,-158.63970963538,5.77849168834775));
#13349=CARTESIAN_POINT('Ctrl Pts',(-16.,-158.63970963538,6.60055358467191));
#13350=CARTESIAN_POINT('Ctrl Pts',(-16.,-159.137924595478,7.22563554105847));
#13351=CARTESIAN_POINT('Ctrl Pts',(-20.,-158.806670292023,5.11795331297009));
#13352=CARTESIAN_POINT('Ctrl Pts',(-16.,-158.806670292023,5.11795331297009));
#13353=CARTESIAN_POINT('Ctrl Pts',(-20.,-158.63970963538,5.36614764986127));
#13354=CARTESIAN_POINT('Ctrl Pts',(-16.,-158.63970963538,5.36614764986127));
#13355=CARTESIAN_POINT('Ctrl Pts',(-20.,-158.63970963538,5.77849168834775));
#13356=CARTESIAN_POINT('Ctrl Pts',(-16.,-158.63970963538,5.77849168834775));
#13357=CARTESIAN_POINT('',(-20.,-158.806670292023,5.11795331297009));
#13358=CARTESIAN_POINT('Ctrl Pts',(-20.,-158.806670292023,5.11795331297009));
#13359=CARTESIAN_POINT('Ctrl Pts',(-20.,-158.63970963538,5.36614764986127));
#13360=CARTESIAN_POINT('Ctrl Pts',(-20.,-158.63970963538,5.77849168834775));
#13361=CARTESIAN_POINT('',(-16.,-158.806670292023,5.11795331297009));
#13362=CARTESIAN_POINT('',(-20.,-158.806670292023,5.11795331297009));
#13363=CARTESIAN_POINT('Ctrl Pts',(-16.,-158.806670292023,5.11795331297009));
#13364=CARTESIAN_POINT('Ctrl Pts',(-16.,-158.63970963538,5.36614764986127));
#13365=CARTESIAN_POINT('Ctrl Pts',(-16.,-158.63970963538,5.77849168834775));
#13366=CARTESIAN_POINT('Ctrl Pts',(-20.,-159.25235746682,4.86975897607892));
#13367=CARTESIAN_POINT('Ctrl Pts',(-16.,-159.25235746682,4.86975897607892));
#13368=CARTESIAN_POINT('Ctrl Pts',(-20.,-158.973631246689,4.86975897607892));
#13369=CARTESIAN_POINT('Ctrl Pts',(-16.,-158.973631246689,4.86975897607892));
#13370=CARTESIAN_POINT('Ctrl Pts',(-20.,-158.806670292023,5.11795331297009));
#13371=CARTESIAN_POINT('Ctrl Pts',(-16.,-158.806670292023,5.11795331297009));
#13372=CARTESIAN_POINT('',(-20.,-159.25235746682,4.86975897607892));
#13373=CARTESIAN_POINT('Ctrl Pts',(-20.,-159.25235746682,4.86975897607892));
#13374=CARTESIAN_POINT('Ctrl Pts',(-20.,-158.973631246689,4.86975897607892));
#13375=CARTESIAN_POINT('Ctrl Pts',(-20.,-158.806670292023,5.11795331297009));
#13376=CARTESIAN_POINT('',(-16.,-159.25235746682,4.86975897607892));
#13377=CARTESIAN_POINT('',(-20.,-159.25235746682,4.86975897607892));
#13378=CARTESIAN_POINT('Ctrl Pts',(-16.,-159.25235746682,4.86975897607892));
#13379=CARTESIAN_POINT('Ctrl Pts',(-16.,-158.973631246689,4.86975897607892));
#13380=CARTESIAN_POINT('Ctrl Pts',(-16.,-158.806670292023,5.11795331297009));
#13381=CARTESIAN_POINT('Ctrl Pts',(-20.,-160.110860450867,5.35695542154401));
#13382=CARTESIAN_POINT('Ctrl Pts',(-16.,-160.110860450867,5.35695542154401));
#13383=CARTESIAN_POINT('Ctrl Pts',(-20.,-159.617836757305,4.86975897607892));
#13384=CARTESIAN_POINT('Ctrl Pts',(-16.,-159.617836757305,4.86975897607892));
#13385=CARTESIAN_POINT('Ctrl Pts',(-20.,-159.25235746682,4.86975897607892));
#13386=CARTESIAN_POINT('Ctrl Pts',(-16.,-159.25235746682,4.86975897607892));
#13387=CARTESIAN_POINT('',(-20.,-160.110860450867,5.35695542154401));
#13388=CARTESIAN_POINT('Ctrl Pts',(-20.,-160.110860450867,5.35695542154401));
#13389=CARTESIAN_POINT('Ctrl Pts',(-20.,-159.617836757305,4.86975897607892));
#13390=CARTESIAN_POINT('Ctrl Pts',(-20.,-159.25235746682,4.86975897607892));
#13391=CARTESIAN_POINT('',(-16.,-160.110860450867,5.35695542154401));
#13392=CARTESIAN_POINT('',(-20.,-160.110860450867,5.35695542154401));
#13393=CARTESIAN_POINT('Ctrl Pts',(-16.,-160.110860450867,5.35695542154401));
#13394=CARTESIAN_POINT('Ctrl Pts',(-16.,-159.617836757305,4.86975897607892));
#13395=CARTESIAN_POINT('Ctrl Pts',(-16.,-159.25235746682,4.86975897607892));
#13396=CARTESIAN_POINT('Ctrl Pts',(-20.,-160.940431936386,6.54014636335462));
#13397=CARTESIAN_POINT('Ctrl Pts',(-16.,-160.940431936386,6.54014636335462));
#13398=CARTESIAN_POINT('Ctrl Pts',(-20.,-160.603883846405,5.8441518670091));
#13399=CARTESIAN_POINT('Ctrl Pts',(-16.,-160.603883846405,5.8441518670091));
#13400=CARTESIAN_POINT('Ctrl Pts',(-20.,-160.110860450867,5.35695542154401));
#13401=CARTESIAN_POINT('Ctrl Pts',(-16.,-160.110860450867,5.35695542154401));
#13402=CARTESIAN_POINT('',(-20.,-160.940431936386,6.54014636335462));
#13403=CARTESIAN_POINT('Ctrl Pts',(-20.,-160.940431936386,6.54014636335462));
#13404=CARTESIAN_POINT('Ctrl Pts',(-20.,-160.603883846405,5.8441518670091));
#13405=CARTESIAN_POINT('Ctrl Pts',(-20.,-160.110860450867,5.35695542154401));
#13406=CARTESIAN_POINT('',(-16.,-160.940431936386,6.54014636335462));
#13407=CARTESIAN_POINT('',(-20.,-160.940431936386,6.54014636335462));
#13408=CARTESIAN_POINT('Ctrl Pts',(-16.,-160.940431936386,6.54014636335462));
#13409=CARTESIAN_POINT('Ctrl Pts',(-16.,-160.603883846405,5.8441518670091));
#13410=CARTESIAN_POINT('Ctrl Pts',(-16.,-160.110860450867,5.35695542154401));
#13411=CARTESIAN_POINT('Ctrl Pts',(-20.,-160.9246736604,6.0096146589288));
#13412=CARTESIAN_POINT('Ctrl Pts',(-16.,-160.9246736604,6.0096146589288));
#13413=CARTESIAN_POINT('Ctrl Pts',(-20.,-160.9246736604,6.20659430084317));
#13414=CARTESIAN_POINT('Ctrl Pts',(-16.,-160.9246736604,6.20659430084317));
#13415=CARTESIAN_POINT('Ctrl Pts',(-20.,-160.940431936386,6.54014636335462));
#13416=CARTESIAN_POINT('Ctrl Pts',(-16.,-160.940431936386,6.54014636335462));
#13417=CARTESIAN_POINT('',(-20.,-160.9246736604,6.0096146589288));
#13418=CARTESIAN_POINT('Ctrl Pts',(-20.,-160.9246736604,6.0096146589288));
#13419=CARTESIAN_POINT('Ctrl Pts',(-20.,-160.9246736604,6.20659430084317));
#13420=CARTESIAN_POINT('Ctrl Pts',(-20.,-160.940431936386,6.54014636335462));
#13421=CARTESIAN_POINT('',(-16.,-160.9246736604,6.0096146589288));
#13422=CARTESIAN_POINT('',(-20.,-160.9246736604,6.0096146589288));
#13423=CARTESIAN_POINT('Ctrl Pts',(-16.,-160.9246736604,6.0096146589288));
#13424=CARTESIAN_POINT('Ctrl Pts',(-16.,-160.9246736604,6.20659430084317));
#13425=CARTESIAN_POINT('Ctrl Pts',(-16.,-160.940431936386,6.54014636335462));
#13426=CARTESIAN_POINT('Ctrl Pts',(-20.,-161.491975172165,5.06411243734448));
#13427=CARTESIAN_POINT('Ctrl Pts',(-16.,-161.491975172165,5.06411243734448));
#13428=CARTESIAN_POINT('Ctrl Pts',(-20.,-160.9246736604,5.06411243734448));
#13429=CARTESIAN_POINT('Ctrl Pts',(-16.,-160.9246736604,5.06411243734448));
#13430=CARTESIAN_POINT('Ctrl Pts',(-20.,-160.9246736604,6.0096146589288));
#13431=CARTESIAN_POINT('Ctrl Pts',(-16.,-160.9246736604,6.0096146589288));
#13432=CARTESIAN_POINT('',(-20.,-161.491975172165,5.06411243734448));
#13433=CARTESIAN_POINT('Ctrl Pts',(-20.,-161.491975172165,5.06411243734448));
#13434=CARTESIAN_POINT('Ctrl Pts',(-20.,-160.9246736604,5.06411243734448));
#13435=CARTESIAN_POINT('Ctrl Pts',(-20.,-160.9246736604,6.0096146589288));
#13436=CARTESIAN_POINT('',(-16.,-161.491975172165,5.06411243734448));
#13437=CARTESIAN_POINT('',(-20.,-161.491975172165,5.06411243734448));
#13438=CARTESIAN_POINT('Ctrl Pts',(-16.,-161.491975172165,5.06411243734448));
#13439=CARTESIAN_POINT('Ctrl Pts',(-16.,-160.9246736604,5.06411243734448));
#13440=CARTESIAN_POINT('Ctrl Pts',(-16.,-160.9246736604,6.0096146589288));
#13441=CARTESIAN_POINT('Ctrl Pts',(-20.,-162.566170676353,5.64323235807507));
#13442=CARTESIAN_POINT('Ctrl Pts',(-16.,-162.566170676353,5.64323235807507));
#13443=CARTESIAN_POINT('Ctrl Pts',(-20.,-161.94108901799,5.06411243734448));
#13444=CARTESIAN_POINT('Ctrl Pts',(-16.,-161.94108901799,5.06411243734448));
#13445=CARTESIAN_POINT('Ctrl Pts',(-20.,-161.491975172165,5.06411243734448));
#13446=CARTESIAN_POINT('Ctrl Pts',(-16.,-161.491975172165,5.06411243734448));
#13447=CARTESIAN_POINT('',(-20.,-162.566170676353,5.64323235807507));
#13448=CARTESIAN_POINT('Ctrl Pts',(-20.,-162.566170676353,5.64323235807507));
#13449=CARTESIAN_POINT('Ctrl Pts',(-20.,-161.94108901799,5.06411243734448));
#13450=CARTESIAN_POINT('Ctrl Pts',(-20.,-161.491975172165,5.06411243734448));
#13451=CARTESIAN_POINT('',(-16.,-162.566170676353,5.64323235807507));
#13452=CARTESIAN_POINT('',(-20.,-162.566170676353,5.64323235807507));
#13453=CARTESIAN_POINT('Ctrl Pts',(-16.,-162.566170676353,5.64323235807507));
#13454=CARTESIAN_POINT('Ctrl Pts',(-16.,-161.94108901799,5.06411243734448));
#13455=CARTESIAN_POINT('Ctrl Pts',(-16.,-161.491975172165,5.06411243734448));
#13456=CARTESIAN_POINT('Ctrl Pts',(-20.,-163.459141664934,6.72557035899686));
#13457=CARTESIAN_POINT('Ctrl Pts',(-16.,-163.459141664934,6.72557035899686));
#13458=CARTESIAN_POINT('Ctrl Pts',(-20.,-163.055267032725,6.09636566476466));
#13459=CARTESIAN_POINT('Ctrl Pts',(-16.,-163.055267032725,6.09636566476466));
#13460=CARTESIAN_POINT('Ctrl Pts',(-20.,-162.566170676353,5.64323235807507));
#13461=CARTESIAN_POINT('Ctrl Pts',(-16.,-162.566170676353,5.64323235807507));
#13462=CARTESIAN_POINT('Ctrl Pts',(-20.,-163.459141664934,6.72557035899686));
#13463=CARTESIAN_POINT('Ctrl Pts',(-20.,-163.055267032725,6.09636566476465));
#13464=CARTESIAN_POINT('Ctrl Pts',(-20.,-162.566170676353,5.64323235807507));
#13465=CARTESIAN_POINT('Ctrl Pts',(-16.,-163.459141664934,6.72557035899686));
#13466=CARTESIAN_POINT('Ctrl Pts',(-16.,-163.055267032725,6.09636566476465));
#13467=CARTESIAN_POINT('Ctrl Pts',(-16.,-162.566170676353,5.64323235807507));
#13468=CARTESIAN_POINT('Origin',(-16.,-161.049425650157,6.36023838577359));
#13469=CARTESIAN_POINT('Ctrl Pts',(-20.,-163.976545317772,4.92097367105573));
#13470=CARTESIAN_POINT('Ctrl Pts',(-16.,-163.976545317772,4.92097367105573));
#13471=CARTESIAN_POINT('Ctrl Pts',(-20.,-164.120996578338,5.0772445326814));
#13472=CARTESIAN_POINT('Ctrl Pts',(-16.,-164.120996578338,5.0772445326814));
#13473=CARTESIAN_POINT('Ctrl Pts',(-20.,-164.120996578338,5.32412548122495));
#13474=CARTESIAN_POINT('Ctrl Pts',(-16.,-164.120996578338,5.32412548122495));
#13475=CARTESIAN_POINT('',(-20.,-164.120996578338,5.32412548122495));
#13476=CARTESIAN_POINT('Ctrl Pts',(-20.,-163.976545317772,4.92097367105573));
#13477=CARTESIAN_POINT('Ctrl Pts',(-20.,-164.120996578338,5.0772445326814));
#13478=CARTESIAN_POINT('Ctrl Pts',(-20.,-164.120996578338,5.32412548122495));
#13479=CARTESIAN_POINT('',(-16.,-164.120996578338,5.32412548122495));
#13480=CARTESIAN_POINT('Ctrl Pts',(-16.,-163.976545317772,4.92097367105573));
#13481=CARTESIAN_POINT('Ctrl Pts',(-16.,-164.120996578338,5.0772445326814));
#13482=CARTESIAN_POINT('Ctrl Pts',(-16.,-164.120996578338,5.32412548122495));
#13483=CARTESIAN_POINT('',(-20.,-164.120996578338,5.32412548122495));
#13484=CARTESIAN_POINT('Ctrl Pts',(-20.,-163.288429363373,4.98006750402539));
#13485=CARTESIAN_POINT('Ctrl Pts',(-16.,-163.288429363373,4.98006750402539));
#13486=CARTESIAN_POINT('Ctrl Pts',(-20.,-163.288429363373,4.7647034054765));
#13487=CARTESIAN_POINT('Ctrl Pts',(-16.,-163.288429363373,4.7647034054765));
#13488=CARTESIAN_POINT('Ctrl Pts',(-20.,-163.600970490578,4.7647034054765));
#13489=CARTESIAN_POINT('Ctrl Pts',(-16.,-163.600970490578,4.7647034054765));
#13490=CARTESIAN_POINT('',(-19.2,-163.288429363373,4.98006750402539));
#13491=CARTESIAN_POINT('Ctrl Pts',(-19.2,-163.288429363373,4.98006750402539));
#13492=CARTESIAN_POINT('Ctrl Pts',(-19.2,-163.288429363373,4.83649143832613));
#13493=CARTESIAN_POINT('Ctrl Pts',(-19.2,-163.392609739108,4.7647034054765));
#13494=CARTESIAN_POINT('Ctrl Pts',(-19.2,-163.600970490578,4.7647034054765));
#13495=CARTESIAN_POINT('',(-16.,-163.288429363373,4.98006750402539));
#13496=CARTESIAN_POINT('',(-20.,-163.288429363373,4.98006750402539));
#13497=CARTESIAN_POINT('Ctrl Pts',(-16.,-163.288429363373,4.98006750402539));
#13498=CARTESIAN_POINT('Ctrl Pts',(-16.,-163.288429363373,4.7647034054765));
#13499=CARTESIAN_POINT('Ctrl Pts',(-16.,-163.600970490578,4.7647034054765));
#13500=CARTESIAN_POINT('Ctrl Pts',(-20.,-164.060589655044,5.62353451309293));
#13501=CARTESIAN_POINT('Ctrl Pts',(-16.,-164.060589655044,5.62353451309293));
#13502=CARTESIAN_POINT('Ctrl Pts',(-20.,-163.288429363373,5.20856399593442));
#13503=CARTESIAN_POINT('Ctrl Pts',(-16.,-163.288429363373,5.20856399593442));
#13504=CARTESIAN_POINT('Ctrl Pts',(-20.,-163.288429363373,4.98006750402539));
#13505=CARTESIAN_POINT('Ctrl Pts',(-16.,-163.288429363373,4.98006750402539));
#13506=CARTESIAN_POINT('',(-19.2,-164.060589655044,5.62353451309293));
#13507=CARTESIAN_POINT('Ctrl Pts',(-19.2,-164.060589655044,5.62353451309293));
#13508=CARTESIAN_POINT('Ctrl Pts',(-19.2,-163.545816127263,5.34688750165392));
#13509=CARTESIAN_POINT('Ctrl Pts',(-19.2,-163.288429363373,5.13239849863141));
#13510=CARTESIAN_POINT('Ctrl Pts',(-19.2,-163.288429363373,4.98006750402539));
#13511=CARTESIAN_POINT('',(-16.,-164.060589655044,5.62353451309293));
#13512=CARTESIAN_POINT('',(-20.,-164.060589655044,5.62353451309293));
#13513=CARTESIAN_POINT('Ctrl Pts',(-16.,-164.060589655044,5.62353451309293));
#13514=CARTESIAN_POINT('Ctrl Pts',(-16.,-163.288429363373,5.20856399593442));
#13515=CARTESIAN_POINT('Ctrl Pts',(-16.,-163.288429363373,4.98006750402539));
#13516=CARTESIAN_POINT('Ctrl Pts',(-20.,-164.120996578338,5.32412548122495));
#13517=CARTESIAN_POINT('Ctrl Pts',(-16.,-164.120996578338,5.32412548122495));
#13518=CARTESIAN_POINT('Ctrl Pts',(-20.,-164.120996578338,5.47120351848691));
#13519=CARTESIAN_POINT('Ctrl Pts',(-16.,-164.120996578338,5.47120351848691));
#13520=CARTESIAN_POINT('Ctrl Pts',(-20.,-164.060589655044,5.62353451309293));
#13521=CARTESIAN_POINT('Ctrl Pts',(-16.,-164.060589655044,5.62353451309293));
#13522=CARTESIAN_POINT('',(-19.2,-164.117117370977,5.39900565968844));
#13523=CARTESIAN_POINT('Ctrl Pts',(-19.2,-164.117117370977,5.39900565968844));
#13524=CARTESIAN_POINT('Ctrl Pts',(-19.2,-164.114576962052,5.42363482001366));
#13525=CARTESIAN_POINT('Ctrl Pts',(-19.2,-164.110812620257,5.4481416449181));
#13526=CARTESIAN_POINT('Ctrl Pts',(-19.2,-164.095475577725,5.52416023361157));
#13527=CARTESIAN_POINT('Ctrl Pts',(-19.2,-164.080009681288,5.57456211470467));
#13528=CARTESIAN_POINT('Ctrl Pts',(-19.2,-164.060589655044,5.62353451309293));
#13529=CARTESIAN_POINT('',(-20.,-164.117117370977,5.39900565968844));
#13530=CARTESIAN_POINT('Ctrl Pts',(-20.,-164.117117370977,5.39900565968844));
#13531=CARTESIAN_POINT('Ctrl Pts',(-19.7333333333333,-164.117117370977,
5.39900565968844));
#13532=CARTESIAN_POINT('Ctrl Pts',(-19.4666666666667,-164.117117370977,
5.39900565968843));
#13533=CARTESIAN_POINT('Ctrl Pts',(-19.2,-164.117117370977,5.39900565968844));
#13534=CARTESIAN_POINT('Ctrl Pts',(-20.,-164.120996578338,5.32412548122495));
#13535=CARTESIAN_POINT('Ctrl Pts',(-20.,-164.120996578338,5.36139690344244));
#13536=CARTESIAN_POINT('Ctrl Pts',(-20.,-164.117117370977,5.39900565968844));
#13537=CARTESIAN_POINT('Ctrl Pts',(-16.,-164.120996578338,5.32412548122495));
#13538=CARTESIAN_POINT('Ctrl Pts',(-16.,-164.120996578338,5.47120351848691));
#13539=CARTESIAN_POINT('Ctrl Pts',(-16.,-164.060589655044,5.62353451309293));
#13540=CARTESIAN_POINT('Ctrl Pts',(-20.,-165.12690602124,6.59398783502667));
#13541=CARTESIAN_POINT('Ctrl Pts',(-16.,-165.12690602124,6.59398783502667));
#13542=CARTESIAN_POINT('Ctrl Pts',(-20.,-165.321086392882,6.75713881767879));
#13543=CARTESIAN_POINT('Ctrl Pts',(-16.,-165.321086392882,6.75713881767879));
#13544=CARTESIAN_POINT('Ctrl Pts',(-20.,-165.593083055641,7.05532541915355));
#13545=CARTESIAN_POINT('Ctrl Pts',(-16.,-165.593083055641,7.05532541915355));
#13546=CARTESIAN_POINT('',(-20.,-165.593083055641,7.05532541915355));
#13547=CARTESIAN_POINT('Ctrl Pts',(-20.,-165.12690602124,6.59398783502667));
#13548=CARTESIAN_POINT('Ctrl Pts',(-20.,-165.321086392882,6.75713881767879));
#13549=CARTESIAN_POINT('Ctrl Pts',(-20.,-165.593083055641,7.05532541915355));
#13550=CARTESIAN_POINT('',(-16.,-165.593083055641,7.05532541915355));
#13551=CARTESIAN_POINT('Ctrl Pts',(-16.,-165.12690602124,6.59398783502667));
#13552=CARTESIAN_POINT('Ctrl Pts',(-16.,-165.321086392882,6.75713881767879));
#13553=CARTESIAN_POINT('Ctrl Pts',(-16.,-165.593083055641,7.05532541915355));
#13554=CARTESIAN_POINT('',(-20.,-165.593083055641,7.05532541915355));
#13555=CARTESIAN_POINT('Ctrl Pts',(-20.,-163.934522851112,7.96627898273557));
#13556=CARTESIAN_POINT('Ctrl Pts',(-16.,-163.934522851112,7.96627898273557));
#13557=CARTESIAN_POINT('Ctrl Pts',(-20.,-164.291712625625,7.82970656213849));
#13558=CARTESIAN_POINT('Ctrl Pts',(-16.,-164.291712625625,7.82970656213849));
#13559=CARTESIAN_POINT('Ctrl Pts',(-20.,-164.291712625625,7.62222130355924));
#13560=CARTESIAN_POINT('Ctrl Pts',(-16.,-164.291712625625,7.62222130355924));
#13561=CARTESIAN_POINT('',(-19.2,-164.282804829542,7.68598475609931));
#13562=CARTESIAN_POINT('Ctrl Pts',(-19.2,-164.282804829555,7.68598475605357));
#13563=CARTESIAN_POINT('Ctrl Pts',(-19.2,-164.288743360269,7.66531975974145));
#13564=CARTESIAN_POINT('Ctrl Pts',(-19.2,-164.291712625625,7.64406527557667));
#13565=CARTESIAN_POINT('Ctrl Pts',(-19.2,-164.291712625625,7.62222130355924));
#13566=CARTESIAN_POINT('',(-20.,-164.282804829542,7.68598475609929));
#13567=CARTESIAN_POINT('Ctrl Pts',(-20.,-164.282804829542,7.68598475609927));
#13568=CARTESIAN_POINT('Ctrl Pts',(-19.7333333333333,-164.282804829542,
7.68598475609927));
#13569=CARTESIAN_POINT('Ctrl Pts',(-19.4666666666667,-164.282804829542,
7.6859847560993));
#13570=CARTESIAN_POINT('Ctrl Pts',(-19.2,-164.282804829542,7.68598475609931));
#13571=CARTESIAN_POINT('',(-20.,-163.934522851112,7.96627898273557));
#13572=CARTESIAN_POINT('Ctrl Pts',(-20.,-163.934522851112,7.96627898273557));
#13573=CARTESIAN_POINT('Ctrl Pts',(-20.,-164.235305412661,7.85127400377153));
#13574=CARTESIAN_POINT('Ctrl Pts',(-20.,-164.282804829542,7.68598475609929));
#13575=CARTESIAN_POINT('',(-16.,-163.934522851112,7.96627898273557));
#13576=CARTESIAN_POINT('',(-20.,-163.934522851112,7.96627898273557));
#13577=CARTESIAN_POINT('Ctrl Pts',(-16.,-163.934522851112,7.96627898273557));
#13578=CARTESIAN_POINT('Ctrl Pts',(-16.,-164.291712625625,7.82970656213849));
#13579=CARTESIAN_POINT('Ctrl Pts',(-16.,-164.291712625625,7.62222130355924));
#13580=CARTESIAN_POINT('Ctrl Pts',(-20.,-163.354089244011,7.1626024371156));
#13581=CARTESIAN_POINT('Ctrl Pts',(-16.,-163.354089244011,7.1626024371156));
#13582=CARTESIAN_POINT('Ctrl Pts',(-20.,-163.354089244011,7.66161729154675));
#13583=CARTESIAN_POINT('Ctrl Pts',(-16.,-163.354089244011,7.66161729154675));
#13584=CARTESIAN_POINT('Ctrl Pts',(-20.,-163.934522851112,7.96627898273557));
#13585=CARTESIAN_POINT('Ctrl Pts',(-16.,-163.934522851112,7.96627898273557));
#13586=CARTESIAN_POINT('',(-20.,-163.354089244011,7.1626024371156));
#13587=CARTESIAN_POINT('Ctrl Pts',(-20.,-163.354089244011,7.1626024371156));
#13588=CARTESIAN_POINT('Ctrl Pts',(-20.,-163.354089244011,7.66161729154675));
#13589=CARTESIAN_POINT('Ctrl Pts',(-20.,-163.934522851112,7.96627898273557));
#13590=CARTESIAN_POINT('',(-16.,-163.354089244011,7.1626024371156));
#13591=CARTESIAN_POINT('',(-20.,-163.354089244011,7.1626024371156));
#13592=CARTESIAN_POINT('Ctrl Pts',(-16.,-163.354089244011,7.1626024371156));
#13593=CARTESIAN_POINT('Ctrl Pts',(-16.,-163.354089244011,7.66161729154675));
#13594=CARTESIAN_POINT('Ctrl Pts',(-16.,-163.934522851112,7.96627898273557));
#13595=CARTESIAN_POINT('Ctrl Pts',(-20.,-163.3611571539,7.063480721313));
#13596=CARTESIAN_POINT('Ctrl Pts',(-16.,-163.3611571539,7.063480721313));
#13597=CARTESIAN_POINT('Ctrl Pts',(-20.,-163.354089244011,7.11553470692113));
#13598=CARTESIAN_POINT('Ctrl Pts',(-16.,-163.354089244011,7.11553470692113));
#13599=CARTESIAN_POINT('Ctrl Pts',(-20.,-163.354089244011,7.1626024371156));
#13600=CARTESIAN_POINT('Ctrl Pts',(-16.,-163.354089244011,7.1626024371156));
#13601=CARTESIAN_POINT('Ctrl Pts',(-20.,-163.3611571539,7.063480721313));
#13602=CARTESIAN_POINT('Ctrl Pts',(-20.,-163.354089244011,7.11553470692113));
#13603=CARTESIAN_POINT('Ctrl Pts',(-20.,-163.354089244011,7.1626024371156));
#13604=CARTESIAN_POINT('Ctrl Pts',(-16.,-163.3611571539,7.063480721313));
#13605=CARTESIAN_POINT('Ctrl Pts',(-16.,-163.354089244011,7.11553470692113));
#13606=CARTESIAN_POINT('Ctrl Pts',(-16.,-163.354089244011,7.1626024371156));
#13607=CARTESIAN_POINT('Ctrl Pts',(-20.,-163.472277505997,7.23088849840253));
#13608=CARTESIAN_POINT('Ctrl Pts',(-16.,-163.472277505997,7.23088849840253));
#13609=CARTESIAN_POINT('Ctrl Pts',(-20.,-163.416833436066,7.1454250731349));
#13610=CARTESIAN_POINT('Ctrl Pts',(-16.,-163.416833436066,7.1454250731349));
#13611=CARTESIAN_POINT('Ctrl Pts',(-20.,-163.3611571539,7.06348072131297));
#13612=CARTESIAN_POINT('Ctrl Pts',(-16.,-163.3611571539,7.06348072131297));
#13613=CARTESIAN_POINT('',(-20.,-163.472277505997,7.23088849840253));
#13614=CARTESIAN_POINT('Ctrl Pts',(-20.,-163.472277505997,7.23088849840253));
#13615=CARTESIAN_POINT('Ctrl Pts',(-20.,-163.416833436066,7.1454250731349));
#13616=CARTESIAN_POINT('Ctrl Pts',(-20.,-163.3611571539,7.06348072131297));
#13617=CARTESIAN_POINT('',(-16.,-163.472277505997,7.23088849840253));
#13618=CARTESIAN_POINT('',(-20.,-163.472277505997,7.23088849840253));
#13619=CARTESIAN_POINT('Ctrl Pts',(-16.,-163.472277505997,7.23088849840253));
#13620=CARTESIAN_POINT('Ctrl Pts',(-16.,-163.416833436066,7.1454250731349));
#13621=CARTESIAN_POINT('Ctrl Pts',(-16.,-163.3611571539,7.06348072131297));
#13622=CARTESIAN_POINT('Origin',(-20.,-163.677136285904,7.0890631204614));
#13623=CARTESIAN_POINT('',(-20.,-163.677136285904,7.0890631204614));
#13624=CARTESIAN_POINT('',(-20.,-101.563125314033,50.0910915691061));
#13625=CARTESIAN_POINT('',(-16.,-163.677136285904,7.0890631204614));
#13626=CARTESIAN_POINT('',(-20.,-163.677136285904,7.0890631204614));
#13627=CARTESIAN_POINT('',(-16.,-163.472277505997,7.23088849840253));
#13628=CARTESIAN_POINT('Ctrl Pts',(-20.,-163.459141664934,6.72557035899686));
#13629=CARTESIAN_POINT('Ctrl Pts',(-16.,-163.459141664934,6.72557035899686));
#13630=CARTESIAN_POINT('Ctrl Pts',(-20.,-163.571432942185,6.90051127663051));
#13631=CARTESIAN_POINT('Ctrl Pts',(-16.,-163.571432942185,6.90051127663051));
#13632=CARTESIAN_POINT('Ctrl Pts',(-20.,-163.677136285904,7.0890631204614));
#13633=CARTESIAN_POINT('Ctrl Pts',(-16.,-163.677136285904,7.0890631204614));
#13634=CARTESIAN_POINT('Ctrl Pts',(-20.,-163.459141664934,6.72557035899686));
#13635=CARTESIAN_POINT('Ctrl Pts',(-20.,-163.571432942185,6.90051127663051));
#13636=CARTESIAN_POINT('Ctrl Pts',(-20.,-163.677136285904,7.0890631204614));
#13637=CARTESIAN_POINT('Ctrl Pts',(-16.,-163.459141664934,6.72557035899686));
#13638=CARTESIAN_POINT('Ctrl Pts',(-16.,-163.571432942185,6.90051127663051));
#13639=CARTESIAN_POINT('Ctrl Pts',(-16.,-163.677136285904,7.0890631204614));
#13640=CARTESIAN_POINT('Ctrl Pts',(-20.,-163.090136631134,5.36089499054044));
#13641=CARTESIAN_POINT('Ctrl Pts',(-16.,-163.090136631134,5.36089499054044));
#13642=CARTESIAN_POINT('Ctrl Pts',(-20.,-163.346210106018,5.5710064297685));
#13643=CARTESIAN_POINT('Ctrl Pts',(-16.,-163.346210106018,5.5710064297685));
#13644=CARTESIAN_POINT('Ctrl Pts',(-20.,-163.947654946449,5.85991014299481));
#13645=CARTESIAN_POINT('Ctrl Pts',(-16.,-163.947654946449,5.85991014299481));
#13646=CARTESIAN_POINT('',(-19.2,-163.090136631134,5.36089499054044));
#13647=CARTESIAN_POINT('Ctrl Pts',(-19.2,-163.090136631134,5.36089499054044));
#13648=CARTESIAN_POINT('Ctrl Pts',(-19.2,-163.260852281057,5.50096928335914));
#13649=CARTESIAN_POINT('Ctrl Pts',(-19.2,-163.546691719495,5.6673076675106));
#13650=CARTESIAN_POINT('Ctrl Pts',(-19.2,-163.947654946449,5.85991014299481));
#13651=CARTESIAN_POINT('',(-16.,-163.090136631134,5.36089499054044));
#13652=CARTESIAN_POINT('',(-20.,-163.090136631134,5.36089499054044));
#13653=CARTESIAN_POINT('Ctrl Pts',(-16.,-163.090136631134,5.36089499054044));
#13654=CARTESIAN_POINT('Ctrl Pts',(-16.,-163.346210106018,5.5710064297685));
#13655=CARTESIAN_POINT('Ctrl Pts',(-16.,-163.947654946449,5.85991014299481));
#13656=CARTESIAN_POINT('Ctrl Pts',(-20.,-162.83406315625,4.94592477140515));
#13657=CARTESIAN_POINT('Ctrl Pts',(-16.,-162.83406315625,4.94592477140515));
#13658=CARTESIAN_POINT('Ctrl Pts',(-20.,-162.83406315625,5.15078325328916));
#13659=CARTESIAN_POINT('Ctrl Pts',(-16.,-162.83406315625,5.15078325328916));
#13660=CARTESIAN_POINT('Ctrl Pts',(-20.,-163.090136631134,5.36089499054044));
#13661=CARTESIAN_POINT('Ctrl Pts',(-16.,-163.090136631134,5.36089499054044));
#13662=CARTESIAN_POINT('',(-19.2,-162.83406315625,4.94592477140515));
#13663=CARTESIAN_POINT('Ctrl Pts',(-19.2,-162.83406315625,4.94592477140515));
#13664=CARTESIAN_POINT('Ctrl Pts',(-19.2,-162.83406315625,5.08249709266115));
#13665=CARTESIAN_POINT('Ctrl Pts',(-19.2,-162.919420981211,5.22082049903958));
#13666=CARTESIAN_POINT('Ctrl Pts',(-19.2,-163.090136631134,5.36089499054044));
#13667=CARTESIAN_POINT('',(-16.,-162.83406315625,4.94592477140515));
#13668=CARTESIAN_POINT('',(-20.,-162.83406315625,4.94592477140515));
#13669=CARTESIAN_POINT('Ctrl Pts',(-16.,-162.83406315625,4.94592477140515));
#13670=CARTESIAN_POINT('Ctrl Pts',(-16.,-162.83406315625,5.15078325328916));
#13671=CARTESIAN_POINT('Ctrl Pts',(-16.,-163.090136631134,5.36089499054044));
#13672=CARTESIAN_POINT('Ctrl Pts',(-20.,-163.020537479523,4.61762477216809));
#13673=CARTESIAN_POINT('Ctrl Pts',(-16.,-163.020537479523,4.61762477216809));
#13674=CARTESIAN_POINT('Ctrl Pts',(-20.,-162.83406315625,4.75419749078839));
#13675=CARTESIAN_POINT('Ctrl Pts',(-16.,-162.83406315625,4.75419749078839));
#13676=CARTESIAN_POINT('Ctrl Pts',(-20.,-162.83406315625,4.94592477140515));
#13677=CARTESIAN_POINT('Ctrl Pts',(-16.,-162.83406315625,4.94592477140515));
#13678=CARTESIAN_POINT('',(-19.2,-163.020537479523,4.61762477216809));
#13679=CARTESIAN_POINT('Ctrl Pts',(-19.2,-163.020537479523,4.61762477216809));
#13680=CARTESIAN_POINT('Ctrl Pts',(-19.2,-162.968032891992,4.65607882918376));
#13681=CARTESIAN_POINT('Ctrl Pts',(-19.2,-162.920516535292,4.70227944933004));
#13682=CARTESIAN_POINT('Ctrl Pts',(-19.2,-162.869403865857,4.78614581091523));
#13683=CARTESIAN_POINT('Ctrl Pts',(-19.2,-162.856112419212,4.81614995453933));
#13684=CARTESIAN_POINT('Ctrl Pts',(-19.2,-162.838261145437,4.88001115092234));
#13685=CARTESIAN_POINT('Ctrl Pts',(-19.2,-162.83406315625,4.91270746453002));
#13686=CARTESIAN_POINT('Ctrl Pts',(-19.2,-162.83406315625,4.94592477140515));
#13687=CARTESIAN_POINT('',(-16.,-163.020537479523,4.61762477216809));
#13688=CARTESIAN_POINT('',(-20.,-163.020537479523,4.61762477216809));
#13689=CARTESIAN_POINT('Ctrl Pts',(-16.,-163.020537479523,4.61762477216809));
#13690=CARTESIAN_POINT('Ctrl Pts',(-16.,-162.83406315625,4.75419749078839));
#13691=CARTESIAN_POINT('Ctrl Pts',(-16.,-162.83406315625,4.94592477140515));
#13692=CARTESIAN_POINT('Ctrl Pts',(-20.,-163.472277505997,4.48105264959424));
#13693=CARTESIAN_POINT('Ctrl Pts',(-16.,-163.472277505997,4.48105264959424));
#13694=CARTESIAN_POINT('Ctrl Pts',(-20.,-163.207011206749,4.48105264959424));
#13695=CARTESIAN_POINT('Ctrl Pts',(-16.,-163.207011206749,4.48105264959424));
#13696=CARTESIAN_POINT('Ctrl Pts',(-20.,-163.020537479523,4.61762477216809));
#13697=CARTESIAN_POINT('Ctrl Pts',(-16.,-163.020537479523,4.61762477216809));
#13698=CARTESIAN_POINT('',(-19.2,-163.472277505997,4.48105264959424));
#13699=CARTESIAN_POINT('Ctrl Pts',(-19.2,-163.472277505997,4.48105264959424));
#13700=CARTESIAN_POINT('Ctrl Pts',(-19.2,-163.295433306498,4.48105264959424));
#13701=CARTESIAN_POINT('Ctrl Pts',(-19.2,-163.144853297673,4.52657669045219));
#13702=CARTESIAN_POINT('Ctrl Pts',(-19.2,-163.020537479523,4.61762477216809));
#13703=CARTESIAN_POINT('',(-16.,-163.472277505997,4.48105264959424));
#13704=CARTESIAN_POINT('',(-20.,-163.472277505997,4.48105264959424));
#13705=CARTESIAN_POINT('Ctrl Pts',(-16.,-163.472277505997,4.48105264959424));
#13706=CARTESIAN_POINT('Ctrl Pts',(-16.,-163.207011206749,4.48105264959424));
#13707=CARTESIAN_POINT('Ctrl Pts',(-16.,-163.020537479523,4.61762477216809));
#13708=CARTESIAN_POINT('Ctrl Pts',(-20.,-164.260196073654,4.77914859113782));
#13709=CARTESIAN_POINT('Ctrl Pts',(-16.,-164.260196073654,4.77914859113782));
#13710=CARTESIAN_POINT('Ctrl Pts',(-20.,-163.924017532471,4.48105264959424));
#13711=CARTESIAN_POINT('Ctrl Pts',(-16.,-163.924017532471,4.48105264959424));
#13712=CARTESIAN_POINT('Ctrl Pts',(-20.,-163.472277505997,4.48105264959424));
#13713=CARTESIAN_POINT('Ctrl Pts',(-16.,-163.472277505997,4.48105264959424));
#13714=CARTESIAN_POINT('',(-19.2,-163.590169451007,4.4863050893576));
#13715=CARTESIAN_POINT('Ctrl Pts',(-19.2,-163.590169451007,4.4863050893576));
#13716=CARTESIAN_POINT('Ctrl Pts',(-19.2,-163.551550865741,4.48280346284869));
#13717=CARTESIAN_POINT('Ctrl Pts',(-19.2,-163.512253550738,4.48105264959424));
#13718=CARTESIAN_POINT('Ctrl Pts',(-19.2,-163.472277505997,4.48105264959424));
#13719=CARTESIAN_POINT('',(-20.,-163.590169451007,4.48630508935761));
#13720=CARTESIAN_POINT('Ctrl Pts',(-20.,-163.590169451007,4.4863050893576));
#13721=CARTESIAN_POINT('Ctrl Pts',(-19.7333333333333,-163.590169451007,
4.4863050893576));
#13722=CARTESIAN_POINT('Ctrl Pts',(-19.4666666666667,-163.590169451007,
4.4863050893576));
#13723=CARTESIAN_POINT('Ctrl Pts',(-19.2,-163.590169451007,4.4863050893576));
#13724=CARTESIAN_POINT('',(-20.,-164.260196073654,4.77914859113782));
#13725=CARTESIAN_POINT('Ctrl Pts',(-20.,-164.260196073654,4.77914859113782));
#13726=CARTESIAN_POINT('Ctrl Pts',(-20.,-163.968641943467,4.520621968222));
#13727=CARTESIAN_POINT('Ctrl Pts',(-20.,-163.590169451007,4.48630508935761));
#13728=CARTESIAN_POINT('',(-16.,-164.260196073654,4.77914859113782));
#13729=CARTESIAN_POINT('',(-20.,-164.260196073654,4.77914859113782));
#13730=CARTESIAN_POINT('Ctrl Pts',(-16.,-164.260196073654,4.77914859113782));
#13731=CARTESIAN_POINT('Ctrl Pts',(-16.,-163.924017532471,4.48105264959424));
#13732=CARTESIAN_POINT('Ctrl Pts',(-16.,-163.472277505997,4.48105264959424));
#13733=CARTESIAN_POINT('Ctrl Pts',(-20.,-164.596374614837,5.47908265647977));
#13734=CARTESIAN_POINT('Ctrl Pts',(-16.,-164.596374614837,5.47908265647977));
#13735=CARTESIAN_POINT('Ctrl Pts',(-20.,-164.596374614837,5.0772445326814));
#13736=CARTESIAN_POINT('Ctrl Pts',(-16.,-164.596374614837,5.0772445326814));
#13737=CARTESIAN_POINT('Ctrl Pts',(-20.,-164.260196073654,4.77914859113782));
#13738=CARTESIAN_POINT('Ctrl Pts',(-16.,-164.260196073654,4.77914859113782));
#13739=CARTESIAN_POINT('',(-20.,-164.596374614837,5.47908265647977));
#13740=CARTESIAN_POINT('Ctrl Pts',(-20.,-164.596374614837,5.47908265647977));
#13741=CARTESIAN_POINT('Ctrl Pts',(-20.,-164.596374614837,5.0772445326814));
#13742=CARTESIAN_POINT('Ctrl Pts',(-20.,-164.260196073654,4.77914859113782));
#13743=CARTESIAN_POINT('',(-16.,-164.596374614837,5.47908265647977));
#13744=CARTESIAN_POINT('',(-20.,-164.596374614837,5.47908265647977));
#13745=CARTESIAN_POINT('Ctrl Pts',(-16.,-164.596374614837,5.47908265647977));
#13746=CARTESIAN_POINT('Ctrl Pts',(-16.,-164.596374614837,5.0772445326814));
#13747=CARTESIAN_POINT('Ctrl Pts',(-16.,-164.260196073654,4.77914859113782));
#13748=CARTESIAN_POINT('Ctrl Pts',(-20.,-164.507077320221,5.85991014299481));
#13749=CARTESIAN_POINT('Ctrl Pts',(-16.,-164.507077320221,5.85991014299481));
#13750=CARTESIAN_POINT('Ctrl Pts',(-20.,-164.596374614837,5.66030402240842));
#13751=CARTESIAN_POINT('Ctrl Pts',(-16.,-164.596374614837,5.66030402240842));
#13752=CARTESIAN_POINT('Ctrl Pts',(-20.,-164.596374614837,5.47908265647977));
#13753=CARTESIAN_POINT('Ctrl Pts',(-16.,-164.596374614837,5.47908265647977));
#13754=CARTESIAN_POINT('',(-20.,-164.507077320221,5.85991014299481));
#13755=CARTESIAN_POINT('Ctrl Pts',(-20.,-164.507077320221,5.85991014299481));
#13756=CARTESIAN_POINT('Ctrl Pts',(-20.,-164.596374614837,5.66030402240842));
#13757=CARTESIAN_POINT('Ctrl Pts',(-20.,-164.596374614837,5.47908265647977));
#13758=CARTESIAN_POINT('',(-16.,-164.507077320221,5.85991014299481));
#13759=CARTESIAN_POINT('',(-20.,-164.507077320221,5.85991014299481));
#13760=CARTESIAN_POINT('Ctrl Pts',(-16.,-164.507077320221,5.85991014299481));
#13761=CARTESIAN_POINT('Ctrl Pts',(-16.,-164.596374614837,5.66030402240842));
#13762=CARTESIAN_POINT('Ctrl Pts',(-16.,-164.596374614837,5.47908265647977));
#13763=CARTESIAN_POINT('Ctrl Pts',(-20.,-165.730255684362,6.82136418003108));
#13764=CARTESIAN_POINT('Ctrl Pts',(-16.,-165.730255684362,6.82136418003108));
#13765=CARTESIAN_POINT('Ctrl Pts',(-20.,-165.226479799773,6.26327476270208));
#13766=CARTESIAN_POINT('Ctrl Pts',(-16.,-165.226479799773,6.26327476270208));
#13767=CARTESIAN_POINT('Ctrl Pts',(-20.,-164.507077320221,5.85991014299481));
#13768=CARTESIAN_POINT('Ctrl Pts',(-16.,-164.507077320221,5.85991014299481));
#13769=CARTESIAN_POINT('',(-20.,-165.730255684364,6.8213641800337));
#13770=CARTESIAN_POINT('Ctrl Pts',(-20.,-165.730255684362,6.82136418003108));
#13771=CARTESIAN_POINT('Ctrl Pts',(-20.,-165.226479799773,6.26327476270207));
#13772=CARTESIAN_POINT('Ctrl Pts',(-20.,-164.507077320221,5.85991014299481));
#13773=CARTESIAN_POINT('',(-16.,-165.730255684364,6.8213641800337));
#13774=CARTESIAN_POINT('',(-20.,-165.730255684364,6.8213641800337));
#13775=CARTESIAN_POINT('Ctrl Pts',(-16.,-165.730255684362,6.82136418003108));
#13776=CARTESIAN_POINT('Ctrl Pts',(-16.,-165.226479799773,6.26327476270207));
#13777=CARTESIAN_POINT('Ctrl Pts',(-16.,-164.507077320221,5.85991014299481));
#13778=CARTESIAN_POINT('Ctrl Pts',(-20.,-165.593083055641,7.05532541915354));
#13779=CARTESIAN_POINT('Ctrl Pts',(-16.,-165.593083055641,7.05532541915354));
#13780=CARTESIAN_POINT('Ctrl Pts',(-20.,-165.662793197001,6.94634037075217));
#13781=CARTESIAN_POINT('Ctrl Pts',(-16.,-165.662793197001,6.94634037075217));
#13782=CARTESIAN_POINT('Ctrl Pts',(-20.,-165.730255684364,6.82136418003384));
#13783=CARTESIAN_POINT('Ctrl Pts',(-16.,-165.730255684364,6.82136418003384));
#13784=CARTESIAN_POINT('Ctrl Pts',(-20.,-165.593083055641,7.05532541915354));
#13785=CARTESIAN_POINT('Ctrl Pts',(-20.,-165.662793197001,6.94634037075218));
#13786=CARTESIAN_POINT('Ctrl Pts',(-20.,-165.730255684364,6.82136418003384));
#13787=CARTESIAN_POINT('',(-20.,-165.593083055641,7.05532541915355));
#13788=CARTESIAN_POINT('Ctrl Pts',(-16.,-165.593083055641,7.05532541915354));
#13789=CARTESIAN_POINT('Ctrl Pts',(-16.,-165.662793197001,6.94634037075218));
#13790=CARTESIAN_POINT('Ctrl Pts',(-16.,-165.730255684364,6.82136418003384));
#13791=CARTESIAN_POINT('',(-20.,-165.730255684364,6.8213641800337));
#13792=CARTESIAN_POINT('Origin',(-16.,-164.282159420307,6.2236658161649));
#13793=CARTESIAN_POINT('Origin',(-20.,-165.980485065582,7.12583292780011));
#13794=CARTESIAN_POINT('',(-20.,-165.980485065582,7.12583292780011));
#13795=CARTESIAN_POINT('',(-20.,-165.770372732284,7.25452591238111));
#13796=CARTESIAN_POINT('',(-20.,-98.1276179372452,48.6854493771103));
#13797=CARTESIAN_POINT('',(-16.,-165.980485065582,7.12583292780011));
#13798=CARTESIAN_POINT('',(-20.,-165.980485065582,7.12583292780011));
#13799=CARTESIAN_POINT('',(-16.,-165.770372732284,7.25452591238111));
#13800=CARTESIAN_POINT('',(-16.,-165.770372732284,7.25452591238111));
#13801=CARTESIAN_POINT('',(-20.,-165.770372732284,7.25452591238111));
#13802=CARTESIAN_POINT('Ctrl Pts',(-20.,-165.730255684364,6.82136418003369));
#13803=CARTESIAN_POINT('Ctrl Pts',(-16.,-165.730255684364,6.82136418003369));
#13804=CARTESIAN_POINT('Ctrl Pts',(-20.,-165.862837734106,6.96824028338095));
#13805=CARTESIAN_POINT('Ctrl Pts',(-16.,-165.862837734106,6.96824028338095));
#13806=CARTESIAN_POINT('Ctrl Pts',(-20.,-165.980485065582,7.12583292780011));
#13807=CARTESIAN_POINT('Ctrl Pts',(-16.,-165.980485065582,7.12583292780011));
#13808=CARTESIAN_POINT('Ctrl Pts',(-20.,-165.730255684364,6.82136418003369));
#13809=CARTESIAN_POINT('Ctrl Pts',(-20.,-165.862837734106,6.96824028338094));
#13810=CARTESIAN_POINT('Ctrl Pts',(-20.,-165.980485065582,7.12583292780011));
#13811=CARTESIAN_POINT('Ctrl Pts',(-16.,-165.730255684364,6.82136418003369));
#13812=CARTESIAN_POINT('Ctrl Pts',(-16.,-165.862837734106,6.96824028338094));
#13813=CARTESIAN_POINT('Ctrl Pts',(-16.,-165.980485065582,7.12583292780011));
#13814=CARTESIAN_POINT('Ctrl Pts',(-20.,-165.955534561279,6.34447981176465));
#13815=CARTESIAN_POINT('Ctrl Pts',(-16.,-165.955534561279,6.34447981176465));
#13816=CARTESIAN_POINT('Ctrl Pts',(-20.,-165.846215519254,6.60654526351684));
#13817=CARTESIAN_POINT('Ctrl Pts',(-16.,-165.846215519254,6.60654526351684));
#13818=CARTESIAN_POINT('Ctrl Pts',(-20.,-165.730255684364,6.8213641800337));
#13819=CARTESIAN_POINT('Ctrl Pts',(-16.,-165.730255684364,6.8213641800337));
#13820=CARTESIAN_POINT('',(-20.,-165.955534561279,6.34447981176465));
#13821=CARTESIAN_POINT('Ctrl Pts',(-20.,-165.955534561279,6.34447981176465));
#13822=CARTESIAN_POINT('Ctrl Pts',(-20.,-165.846215519254,6.60654526351684));
#13823=CARTESIAN_POINT('Ctrl Pts',(-20.,-165.730255684364,6.8213641800337));
#13824=CARTESIAN_POINT('',(-16.,-165.955534561279,6.34447981176465));
#13825=CARTESIAN_POINT('',(-20.,-165.955534561279,6.34447981176465));
#13826=CARTESIAN_POINT('Ctrl Pts',(-16.,-165.955534561279,6.34447981176465));
#13827=CARTESIAN_POINT('Ctrl Pts',(-16.,-165.846215519254,6.60654526351684));
#13828=CARTESIAN_POINT('Ctrl Pts',(-16.,-165.730255684364,6.8213641800337));
#13829=CARTESIAN_POINT('Ctrl Pts',(-20.,-166.356059892776,4.95117713270276));
#13830=CARTESIAN_POINT('Ctrl Pts',(-16.,-166.356059892776,4.95117713270276));
#13831=CARTESIAN_POINT('Ctrl Pts',(-20.,-166.243124588135,5.65505136308759));
#13832=CARTESIAN_POINT('Ctrl Pts',(-16.,-166.243124588135,5.65505136308759));
#13833=CARTESIAN_POINT('Ctrl Pts',(-20.,-165.955534561279,6.34447981176465));
#13834=CARTESIAN_POINT('Ctrl Pts',(-16.,-165.955534561279,6.34447981176465));
#13835=CARTESIAN_POINT('',(-20.,-166.356059892776,4.95117713270276));
#13836=CARTESIAN_POINT('Ctrl Pts',(-20.,-166.356059892776,4.95117713270276));
#13837=CARTESIAN_POINT('Ctrl Pts',(-20.,-166.243124588135,5.65505136308759));
#13838=CARTESIAN_POINT('Ctrl Pts',(-20.,-165.955534561279,6.34447981176465));
#13839=CARTESIAN_POINT('',(-16.,-166.356059892776,4.95117713270276));
#13840=CARTESIAN_POINT('',(-20.,-166.356059892776,4.95117713270276));
#13841=CARTESIAN_POINT('Ctrl Pts',(-16.,-166.356059892776,4.95117713270276));
#13842=CARTESIAN_POINT('Ctrl Pts',(-16.,-166.243124588135,5.65505136308759));
#13843=CARTESIAN_POINT('Ctrl Pts',(-16.,-165.955534561279,6.34447981176465));
#13844=CARTESIAN_POINT('Ctrl Pts',(-20.,-164.885278328064,3.93476237115949));
#13845=CARTESIAN_POINT('Ctrl Pts',(-16.,-164.885278328064,3.93476237115949));
#13846=CARTESIAN_POINT('Ctrl Pts',(-20.,-165.654812439087,3.93476237115949));
#13847=CARTESIAN_POINT('Ctrl Pts',(-16.,-165.654812439087,3.93476237115949));
#13848=CARTESIAN_POINT('Ctrl Pts',(-20.,-166.356059892776,4.95117713270276));
#13849=CARTESIAN_POINT('Ctrl Pts',(-16.,-166.356059892776,4.95117713270276));
#13850=CARTESIAN_POINT('',(-20.,-164.885278328064,3.93476237115949));
#13851=CARTESIAN_POINT('Ctrl Pts',(-20.,-164.885278328064,3.93476237115949));
#13852=CARTESIAN_POINT('Ctrl Pts',(-20.,-165.654812439087,3.93476237115949));
#13853=CARTESIAN_POINT('Ctrl Pts',(-20.,-166.356059892776,4.95117713270276));
#13854=CARTESIAN_POINT('',(-16.,-164.885278328064,3.93476237115949));
#13855=CARTESIAN_POINT('',(-20.,-164.885278328064,3.93476237115949));
#13856=CARTESIAN_POINT('Ctrl Pts',(-16.,-164.885278328064,3.93476237115949));
#13857=CARTESIAN_POINT('Ctrl Pts',(-16.,-165.654812439087,3.93476237115949));
#13858=CARTESIAN_POINT('Ctrl Pts',(-16.,-166.356059892776,4.95117713270276));
#13859=CARTESIAN_POINT('Ctrl Pts',(-20.,-164.528088553551,4.02405966577619));
#13860=CARTESIAN_POINT('Ctrl Pts',(-16.,-164.528088553551,4.02405966577619));
#13861=CARTESIAN_POINT('Ctrl Pts',(-20.,-164.672539814117,3.93476237115949));
#13862=CARTESIAN_POINT('Ctrl Pts',(-16.,-164.672539814117,3.93476237115949));
#13863=CARTESIAN_POINT('Ctrl Pts',(-20.,-164.885278328064,3.93476237115949));
#13864=CARTESIAN_POINT('Ctrl Pts',(-16.,-164.885278328064,3.93476237115949));
#13865=CARTESIAN_POINT('',(-20.,-164.528088553551,4.02405966577619));
#13866=CARTESIAN_POINT('Ctrl Pts',(-20.,-164.528088553551,4.02405966577619));
#13867=CARTESIAN_POINT('Ctrl Pts',(-20.,-164.672539814117,3.93476237115949));
#13868=CARTESIAN_POINT('Ctrl Pts',(-20.,-164.885278328064,3.93476237115949));
#13869=CARTESIAN_POINT('',(-16.,-164.528088553551,4.02405966577619));
#13870=CARTESIAN_POINT('',(-20.,-164.528088553551,4.02405966577619));
#13871=CARTESIAN_POINT('Ctrl Pts',(-16.,-164.528088553551,4.02405966577619));
#13872=CARTESIAN_POINT('Ctrl Pts',(-16.,-164.672539814117,3.93476237115949));
#13873=CARTESIAN_POINT('Ctrl Pts',(-16.,-164.885278328064,3.93476237115949));
#13874=CARTESIAN_POINT('Ctrl Pts',(-20.,-164.465054853561,3.74040890989392));
#13875=CARTESIAN_POINT('Ctrl Pts',(-16.,-164.465054853561,3.74040890989392));
#13876=CARTESIAN_POINT('Ctrl Pts',(-20.,-164.465054853561,3.86122275648206));
#13877=CARTESIAN_POINT('Ctrl Pts',(-16.,-164.465054853561,3.86122275648206));
#13878=CARTESIAN_POINT('Ctrl Pts',(-20.,-164.528088553551,4.02405966577619));
#13879=CARTESIAN_POINT('Ctrl Pts',(-16.,-164.528088553551,4.02405966577619));
#13880=CARTESIAN_POINT('',(-20.,-164.465054853561,3.74040890989392));
#13881=CARTESIAN_POINT('Ctrl Pts',(-20.,-164.465054853561,3.74040890989392));
#13882=CARTESIAN_POINT('Ctrl Pts',(-20.,-164.465054853561,3.86122275648206));
#13883=CARTESIAN_POINT('Ctrl Pts',(-20.,-164.528088553551,4.02405966577619));
#13884=CARTESIAN_POINT('',(-16.,-164.465054853561,3.74040890989392));
#13885=CARTESIAN_POINT('',(-20.,-164.465054853561,3.74040890989392));
#13886=CARTESIAN_POINT('Ctrl Pts',(-16.,-164.465054853561,3.74040890989392));
#13887=CARTESIAN_POINT('Ctrl Pts',(-16.,-164.465054853561,3.86122275648206));
#13888=CARTESIAN_POINT('Ctrl Pts',(-16.,-164.528088553551,4.02405966577619));
#13889=CARTESIAN_POINT('Ctrl Pts',(-20.,-164.81699167073,3.44362605867474));
#13890=CARTESIAN_POINT('Ctrl Pts',(-16.,-164.81699167073,3.44362605867474));
#13891=CARTESIAN_POINT('Ctrl Pts',(-20.,-164.465054853561,3.44362605867474));
#13892=CARTESIAN_POINT('Ctrl Pts',(-16.,-164.465054853561,3.44362605867474));
#13893=CARTESIAN_POINT('Ctrl Pts',(-20.,-164.465054853561,3.74040890989392));
#13894=CARTESIAN_POINT('Ctrl Pts',(-16.,-164.465054853561,3.74040890989392));
#13895=CARTESIAN_POINT('',(-20.,-164.81699167073,3.44362605867474));
#13896=CARTESIAN_POINT('Ctrl Pts',(-20.,-164.81699167073,3.44362605867474));
#13897=CARTESIAN_POINT('Ctrl Pts',(-20.,-164.465054853561,3.44362605867474));
#13898=CARTESIAN_POINT('Ctrl Pts',(-20.,-164.465054853561,3.74040890989392));
#13899=CARTESIAN_POINT('',(-16.,-164.81699167073,3.44362605867474));
#13900=CARTESIAN_POINT('',(-20.,-164.81699167073,3.44362605867474));
#13901=CARTESIAN_POINT('Ctrl Pts',(-16.,-164.81699167073,3.44362605867474));
#13902=CARTESIAN_POINT('Ctrl Pts',(-16.,-164.465054853561,3.44362605867474));
#13903=CARTESIAN_POINT('Ctrl Pts',(-16.,-164.465054853561,3.74040890989392));
#13904=CARTESIAN_POINT('Ctrl Pts',(-20.,-165.75198827565,3.87829471883862));
#13905=CARTESIAN_POINT('Ctrl Pts',(-16.,-165.75198827565,3.87829471883862));
#13906=CARTESIAN_POINT('Ctrl Pts',(-20.,-165.20832477391,3.44362605867474));
#13907=CARTESIAN_POINT('Ctrl Pts',(-16.,-165.20832477391,3.44362605867474));
#13908=CARTESIAN_POINT('Ctrl Pts',(-20.,-164.81699167073,3.44362605867474));
#13909=CARTESIAN_POINT('Ctrl Pts',(-16.,-164.81699167073,3.44362605867474));
#13910=CARTESIAN_POINT('',(-20.,-165.75198827565,3.87829471883862));
#13911=CARTESIAN_POINT('Ctrl Pts',(-20.,-165.75198827565,3.87829471883862));
#13912=CARTESIAN_POINT('Ctrl Pts',(-20.,-165.20832477391,3.44362605867474));
#13913=CARTESIAN_POINT('Ctrl Pts',(-20.,-164.81699167073,3.44362605867474));
#13914=CARTESIAN_POINT('',(-16.,-165.75198827565,3.87829471883862));
#13915=CARTESIAN_POINT('',(-20.,-165.75198827565,3.87829471883862));
#13916=CARTESIAN_POINT('Ctrl Pts',(-16.,-165.75198827565,3.87829471883862));
#13917=CARTESIAN_POINT('Ctrl Pts',(-16.,-165.20832477391,3.44362605867474));
#13918=CARTESIAN_POINT('Ctrl Pts',(-16.,-164.81699167073,3.44362605867474));
#13919=CARTESIAN_POINT('Ctrl Pts',(-20.,-166.847195013168,5.06673861799329));
#13920=CARTESIAN_POINT('Ctrl Pts',(-16.,-166.847195013168,5.06673861799329));
#13921=CARTESIAN_POINT('Ctrl Pts',(-20.,-166.295652969482,4.31296278295606));
#13922=CARTESIAN_POINT('Ctrl Pts',(-16.,-166.295652969482,4.31296278295606));
#13923=CARTESIAN_POINT('Ctrl Pts',(-20.,-165.75198827565,3.87829471883862));
#13924=CARTESIAN_POINT('Ctrl Pts',(-16.,-165.75198827565,3.87829471883862));
#13925=CARTESIAN_POINT('',(-20.,-166.847195013168,5.06673861799329));
#13926=CARTESIAN_POINT('Ctrl Pts',(-20.,-166.847195013168,5.06673861799329));
#13927=CARTESIAN_POINT('Ctrl Pts',(-20.,-166.295652969482,4.31296278295606));
#13928=CARTESIAN_POINT('Ctrl Pts',(-20.,-165.75198827565,3.87829471883862));
#13929=CARTESIAN_POINT('',(-16.,-166.847195013168,5.06673861799329));
#13930=CARTESIAN_POINT('',(-20.,-166.847195013168,5.06673861799329));
#13931=CARTESIAN_POINT('Ctrl Pts',(-16.,-166.847195013168,5.06673861799329));
#13932=CARTESIAN_POINT('Ctrl Pts',(-16.,-166.295652969482,4.31296278295606));
#13933=CARTESIAN_POINT('Ctrl Pts',(-16.,-165.75198827565,3.87829471883862));
#13934=CARTESIAN_POINT('Ctrl Pts',(-20.,-167.73885665715,6.50600303468793));
#13935=CARTESIAN_POINT('Ctrl Pts',(-16.,-167.73885665715,6.50600303468793));
#13936=CARTESIAN_POINT('Ctrl Pts',(-20.,-167.325199230316,5.72071124372571));
#13937=CARTESIAN_POINT('Ctrl Pts',(-16.,-167.325199230316,5.72071124372571));
#13938=CARTESIAN_POINT('Ctrl Pts',(-20.,-166.847195013168,5.06673861799329));
#13939=CARTESIAN_POINT('Ctrl Pts',(-16.,-166.847195013168,5.06673861799329));
#13940=CARTESIAN_POINT('',(-20.,-167.73885665715,6.50600303468793));
#13941=CARTESIAN_POINT('Ctrl Pts',(-20.,-167.73885665715,6.50600303468793));
#13942=CARTESIAN_POINT('Ctrl Pts',(-20.,-167.325199230316,5.72071124372571));
#13943=CARTESIAN_POINT('Ctrl Pts',(-20.,-166.847195013168,5.06673861799329));
#13944=CARTESIAN_POINT('',(-16.,-167.73885665715,6.50600303468793));
#13945=CARTESIAN_POINT('',(-20.,-167.73885665715,6.50600303468793));
#13946=CARTESIAN_POINT('Ctrl Pts',(-16.,-167.73885665715,6.50600303468793));
#13947=CARTESIAN_POINT('Ctrl Pts',(-16.,-167.325199230316,5.72071124372571));
#13948=CARTESIAN_POINT('Ctrl Pts',(-16.,-166.847195013168,5.06673861799329));
#13949=CARTESIAN_POINT('Ctrl Pts',(-20.,-168.152514083984,7.54342962560742));
#13950=CARTESIAN_POINT('Ctrl Pts',(-16.,-168.152514083984,7.54342962560742));
#13951=CARTESIAN_POINT('Ctrl Pts',(-20.,-168.152514083984,7.2912954216966));
#13952=CARTESIAN_POINT('Ctrl Pts',(-16.,-168.152514083984,7.2912954216966));
#13953=CARTESIAN_POINT('Ctrl Pts',(-20.,-167.73885665715,6.50600303468793));
#13954=CARTESIAN_POINT('Ctrl Pts',(-16.,-167.73885665715,6.50600303468793));
#13955=CARTESIAN_POINT('',(-20.,-168.152514083984,7.54342962560742));
#13956=CARTESIAN_POINT('Ctrl Pts',(-20.,-168.152514083984,7.54342962560742));
#13957=CARTESIAN_POINT('Ctrl Pts',(-20.,-168.152514083984,7.2912954216966));
#13958=CARTESIAN_POINT('Ctrl Pts',(-20.,-167.73885665715,6.50600303468793));
#13959=CARTESIAN_POINT('',(-16.,-168.152514083984,7.54342962560742));
#13960=CARTESIAN_POINT('',(-20.,-168.152514083984,7.54342962560742));
#13961=CARTESIAN_POINT('Ctrl Pts',(-16.,-168.152514083984,7.54342962560742));
#13962=CARTESIAN_POINT('Ctrl Pts',(-16.,-168.152514083984,7.2912954216966));
#13963=CARTESIAN_POINT('Ctrl Pts',(-16.,-167.73885665715,6.50600303468793));
#13964=CARTESIAN_POINT('Ctrl Pts',(-20.,-167.692894323471,7.85071779546826));
#13965=CARTESIAN_POINT('Ctrl Pts',(-16.,-167.692894323471,7.85071779546826));
#13966=CARTESIAN_POINT('Ctrl Pts',(-20.,-168.152514083984,7.78243173418134));
#13967=CARTESIAN_POINT('Ctrl Pts',(-16.,-168.152514083984,7.78243173418134));
#13968=CARTESIAN_POINT('Ctrl Pts',(-20.,-168.152514083984,7.54342962560742));
#13969=CARTESIAN_POINT('Ctrl Pts',(-16.,-168.152514083984,7.54342962560742));
#13970=CARTESIAN_POINT('',(-20.,-167.692894323471,7.85071779546826));
#13971=CARTESIAN_POINT('Ctrl Pts',(-20.,-167.692894323471,7.85071779546826));
#13972=CARTESIAN_POINT('Ctrl Pts',(-20.,-168.152514083984,7.78243173418134));
#13973=CARTESIAN_POINT('Ctrl Pts',(-20.,-168.152514083984,7.54342962560742));
#13974=CARTESIAN_POINT('',(-16.,-167.692894323471,7.85071779546826));
#13975=CARTESIAN_POINT('',(-20.,-167.692894323471,7.85071779546826));
#13976=CARTESIAN_POINT('Ctrl Pts',(-16.,-167.692894323471,7.85071779546826));
#13977=CARTESIAN_POINT('Ctrl Pts',(-16.,-168.152514083984,7.78243173418134));
#13978=CARTESIAN_POINT('Ctrl Pts',(-16.,-168.152514083984,7.54342962560742));
#13979=CARTESIAN_POINT('Ctrl Pts',(-20.,-166.731633527878,5.3950380211839));
#13980=CARTESIAN_POINT('Ctrl Pts',(-16.,-166.731633527878,5.3950380211839));
#13981=CARTESIAN_POINT('Ctrl Pts',(-20.,-167.619356496933,6.8001597052583));
#13982=CARTESIAN_POINT('Ctrl Pts',(-16.,-167.619356496933,6.8001597052583));
#13983=CARTESIAN_POINT('Ctrl Pts',(-20.,-167.692894323471,7.85071779546826));
#13984=CARTESIAN_POINT('Ctrl Pts',(-16.,-167.692894323471,7.85071779546826));
#13985=CARTESIAN_POINT('',(-20.,-166.731633527878,5.3950380211839));
#13986=CARTESIAN_POINT('Ctrl Pts',(-20.,-166.731633527878,5.3950380211839));
#13987=CARTESIAN_POINT('Ctrl Pts',(-20.,-167.619356496933,6.8001597052583));
#13988=CARTESIAN_POINT('Ctrl Pts',(-20.,-167.692894323471,7.85071779546826));
#13989=CARTESIAN_POINT('',(-16.,-166.731633527878,5.3950380211839));
#13990=CARTESIAN_POINT('',(-20.,-166.731633527878,5.3950380211839));
#13991=CARTESIAN_POINT('Ctrl Pts',(-16.,-166.731633527878,5.3950380211839));
#13992=CARTESIAN_POINT('Ctrl Pts',(-16.,-167.619356496933,6.8001597052583));
#13993=CARTESIAN_POINT('Ctrl Pts',(-16.,-167.692894323471,7.85071779546826));
#13994=CARTESIAN_POINT('Ctrl Pts',(-20.,-166.319289787414,6.76076341924756));
#13995=CARTESIAN_POINT('Ctrl Pts',(-16.,-166.319289787414,6.76076341924756));
#13996=CARTESIAN_POINT('Ctrl Pts',(-20.,-166.595061405304,6.00698818025678));
#13997=CARTESIAN_POINT('Ctrl Pts',(-16.,-166.595061405304,6.00698818025678));
#13998=CARTESIAN_POINT('Ctrl Pts',(-20.,-166.731633527878,5.3950380211839));
#13999=CARTESIAN_POINT('Ctrl Pts',(-16.,-166.731633527878,5.3950380211839));
#14000=CARTESIAN_POINT('',(-20.,-166.319289787414,6.76076341924756));
#14001=CARTESIAN_POINT('Ctrl Pts',(-20.,-166.319289787414,6.76076341924756));
#14002=CARTESIAN_POINT('Ctrl Pts',(-20.,-166.595061405304,6.00698818025678));
#14003=CARTESIAN_POINT('Ctrl Pts',(-20.,-166.731633527878,5.3950380211839));
#14004=CARTESIAN_POINT('',(-16.,-166.319289787414,6.76076341924756));
#14005=CARTESIAN_POINT('',(-20.,-166.319289787414,6.76076341924756));
#14006=CARTESIAN_POINT('Ctrl Pts',(-16.,-166.319289787414,6.76076341924756));
#14007=CARTESIAN_POINT('Ctrl Pts',(-16.,-166.595061405304,6.00698818025678));
#14008=CARTESIAN_POINT('Ctrl Pts',(-16.,-166.731633527878,5.3950380211839));
#14009=CARTESIAN_POINT('Ctrl Pts',(-20.,-166.026447399261,7.40029085931867));
#14010=CARTESIAN_POINT('Ctrl Pts',(-16.,-166.026447399261,7.40029085931867));
#14011=CARTESIAN_POINT('Ctrl Pts',(-20.,-166.14332137883,7.24139381704419));
#14012=CARTESIAN_POINT('Ctrl Pts',(-16.,-166.14332137883,7.24139381704419));
#14013=CARTESIAN_POINT('Ctrl Pts',(-20.,-166.319289787414,6.76076341924756));
#14014=CARTESIAN_POINT('Ctrl Pts',(-16.,-166.319289787414,6.76076341924756));
#14015=CARTESIAN_POINT('',(-20.,-166.026447399261,7.40029085931867));
#14016=CARTESIAN_POINT('Ctrl Pts',(-20.,-166.026447399261,7.40029085931867));
#14017=CARTESIAN_POINT('Ctrl Pts',(-20.,-166.14332137883,7.24139381704419));
#14018=CARTESIAN_POINT('Ctrl Pts',(-20.,-166.319289787414,6.76076341924756));
#14019=CARTESIAN_POINT('',(-16.,-166.026447399261,7.40029085931867));
#14020=CARTESIAN_POINT('',(-20.,-166.026447399261,7.40029085931867));
#14021=CARTESIAN_POINT('Ctrl Pts',(-16.,-166.026447399261,7.40029085931867));
#14022=CARTESIAN_POINT('Ctrl Pts',(-16.,-166.14332137883,7.24139381704419));
#14023=CARTESIAN_POINT('Ctrl Pts',(-16.,-166.319289787414,6.76076341924756));
#14024=CARTESIAN_POINT('Ctrl Pts',(-20.,-165.733603819015,7.55918790159314));
#14025=CARTESIAN_POINT('Ctrl Pts',(-16.,-165.733603819015,7.55918790159314));
#14026=CARTESIAN_POINT('Ctrl Pts',(-20.,-165.9095722276,7.55918790159314));
#14027=CARTESIAN_POINT('Ctrl Pts',(-16.,-165.9095722276,7.55918790159314));
#14028=CARTESIAN_POINT('Ctrl Pts',(-20.,-166.026447399261,7.40029085931867));
#14029=CARTESIAN_POINT('Ctrl Pts',(-16.,-166.026447399261,7.40029085931867));
#14030=CARTESIAN_POINT('',(-20.,-165.733603819015,7.55918790159314));
#14031=CARTESIAN_POINT('Ctrl Pts',(-20.,-165.733603819015,7.55918790159314));
#14032=CARTESIAN_POINT('Ctrl Pts',(-20.,-165.9095722276,7.55918790159314));
#14033=CARTESIAN_POINT('Ctrl Pts',(-20.,-166.026447399261,7.40029085931867));
#14034=CARTESIAN_POINT('',(-16.,-165.733603819015,7.55918790159314));
#14035=CARTESIAN_POINT('',(-20.,-165.733603819015,7.55918790159314));
#14036=CARTESIAN_POINT('Ctrl Pts',(-16.,-165.733603819015,7.55918790159314));
#14037=CARTESIAN_POINT('Ctrl Pts',(-16.,-165.9095722276,7.55918790159314));
#14038=CARTESIAN_POINT('Ctrl Pts',(-16.,-166.026447399261,7.40029085931867));
#14039=CARTESIAN_POINT('Ctrl Pts',(-20.,-165.334392173889,7.39635158834546));
#14040=CARTESIAN_POINT('Ctrl Pts',(-16.,-165.334392173889,7.39635158834546));
#14041=CARTESIAN_POINT('Ctrl Pts',(-20.,-165.528745039108,7.55918790159314));
#14042=CARTESIAN_POINT('Ctrl Pts',(-16.,-165.528745039108,7.55918790159314));
#14043=CARTESIAN_POINT('Ctrl Pts',(-20.,-165.733603819015,7.55918790159314));
#14044=CARTESIAN_POINT('Ctrl Pts',(-16.,-165.733603819015,7.55918790159314));
#14045=CARTESIAN_POINT('',(-20.,-165.334392173889,7.39635158834546));
#14046=CARTESIAN_POINT('Ctrl Pts',(-20.,-165.334392173889,7.39635158834546));
#14047=CARTESIAN_POINT('Ctrl Pts',(-20.,-165.528745039108,7.55918790159314));
#14048=CARTESIAN_POINT('Ctrl Pts',(-20.,-165.733603819015,7.55918790159314));
#14049=CARTESIAN_POINT('',(-16.,-165.334392173889,7.39635158834546));
#14050=CARTESIAN_POINT('',(-20.,-165.334392173889,7.39635158834546));
#14051=CARTESIAN_POINT('Ctrl Pts',(-16.,-165.334392173889,7.39635158834546));
#14052=CARTESIAN_POINT('Ctrl Pts',(-16.,-165.528745039108,7.55918790159314));
#14053=CARTESIAN_POINT('Ctrl Pts',(-16.,-165.733603819015,7.55918790159314));
#14054=CARTESIAN_POINT('Ctrl Pts',(-20.,-165.593083055641,7.05532541915356));
#14055=CARTESIAN_POINT('Ctrl Pts',(-16.,-165.593083055641,7.05532541915356));
#14056=CARTESIAN_POINT('Ctrl Pts',(-20.,-165.467391220408,7.25183241912779));
#14057=CARTESIAN_POINT('Ctrl Pts',(-16.,-165.467391220408,7.25183241912779));
#14058=CARTESIAN_POINT('Ctrl Pts',(-20.,-165.334392173889,7.39635158834546));
#14059=CARTESIAN_POINT('Ctrl Pts',(-16.,-165.334392173889,7.39635158834546));
#14060=CARTESIAN_POINT('Ctrl Pts',(-20.,-165.593083055641,7.05532541915356));
#14061=CARTESIAN_POINT('Ctrl Pts',(-20.,-165.467391220408,7.25183241912778));
#14062=CARTESIAN_POINT('Ctrl Pts',(-20.,-165.334392173889,7.39635158834546));
#14063=CARTESIAN_POINT('Ctrl Pts',(-16.,-165.593083055641,7.05532541915356));
#14064=CARTESIAN_POINT('Ctrl Pts',(-16.,-165.467391220408,7.25183241912778));
#14065=CARTESIAN_POINT('Ctrl Pts',(-16.,-165.334392173889,7.39635158834546));
#14066=CARTESIAN_POINT('Ctrl Pts',(-20.,-165.770372732284,7.25452591238111));
#14067=CARTESIAN_POINT('Ctrl Pts',(-16.,-165.770372732284,7.25452591238111));
#14068=CARTESIAN_POINT('Ctrl Pts',(-20.,-165.677940877917,7.14835400772643));
#14069=CARTESIAN_POINT('Ctrl Pts',(-16.,-165.677940877917,7.14835400772643));
#14070=CARTESIAN_POINT('Ctrl Pts',(-20.,-165.593083055641,7.05532541915356));
#14071=CARTESIAN_POINT('Ctrl Pts',(-16.,-165.593083055641,7.05532541915356));
#14072=CARTESIAN_POINT('Ctrl Pts',(-20.,-165.770372732284,7.25452591238111));
#14073=CARTESIAN_POINT('Ctrl Pts',(-20.,-165.677940877917,7.14835400772643));
#14074=CARTESIAN_POINT('Ctrl Pts',(-20.,-165.593083055641,7.05532541915356));
#14075=CARTESIAN_POINT('Ctrl Pts',(-16.,-165.770372732284,7.25452591238111));
#14076=CARTESIAN_POINT('Ctrl Pts',(-16.,-165.677940877917,7.14835400772643));
#14077=CARTESIAN_POINT('Ctrl Pts',(-16.,-165.593083055641,7.05532541915356));
#14078=CARTESIAN_POINT('Origin',(-16.,-166.308784468773,5.6471719270715));
#14079=CARTESIAN_POINT('Ctrl Pts',(-20.,-170.828811510208,8.56509734449475));
#14080=CARTESIAN_POINT('Ctrl Pts',(-16.,-170.828811510208,8.56509734449475));
#14081=CARTESIAN_POINT('Ctrl Pts',(-20.,-170.828811510208,8.41014016923993));
#14082=CARTESIAN_POINT('Ctrl Pts',(-16.,-170.828811510208,8.41014016923993));
#14083=CARTESIAN_POINT('Ctrl Pts',(-20.,-170.686985834244,8.2052813893327));
#14084=CARTESIAN_POINT('Ctrl Pts',(-16.,-170.686985834244,8.2052813893327));
#14085=CARTESIAN_POINT('',(-19.2,-170.828811510208,8.56509734449475));
#14086=CARTESIAN_POINT('',(-19.2,-170.686985834244,8.2052813893327));
#14087=CARTESIAN_POINT('Ctrl Pts',(-19.2,-170.828811510208,8.56509734449475));
#14088=CARTESIAN_POINT('Ctrl Pts',(-19.2,-170.828811510208,8.46179256099154));
#14089=CARTESIAN_POINT('Ctrl Pts',(-19.2,-170.781536284886,8.34185390927085));
#14090=CARTESIAN_POINT('Ctrl Pts',(-19.2,-170.686985834244,8.2052813893327));
#14091=CARTESIAN_POINT('',(-16.,-170.828811510208,8.56509734449475));
#14092=CARTESIAN_POINT('',(-20.,-170.828811510208,8.56509734449475));
#14093=CARTESIAN_POINT('',(-16.,-170.686985834244,8.2052813893327));
#14094=CARTESIAN_POINT('Ctrl Pts',(-16.,-170.828811510208,8.56509734449475));
#14095=CARTESIAN_POINT('Ctrl Pts',(-16.,-170.828811510208,8.41014016923993));
#14096=CARTESIAN_POINT('Ctrl Pts',(-16.,-170.686985834244,8.2052813893327));
#14097=CARTESIAN_POINT('',(-20.,-170.686985834244,8.2052813893327));
#14098=CARTESIAN_POINT('Ctrl Pts',(-20.,-170.686985834244,8.2052813893327));
#14099=CARTESIAN_POINT('Ctrl Pts',(-16.,-170.686985834244,8.2052813893327));
#14100=CARTESIAN_POINT('Ctrl Pts',(-20.,-170.458490236404,8.64651579914182));
#14101=CARTESIAN_POINT('Ctrl Pts',(-16.,-170.458490236404,8.64651579914182));
#14102=CARTESIAN_POINT('Ctrl Pts',(-20.,-169.943715913894,8.64651579914182));
#14103=CARTESIAN_POINT('Ctrl Pts',(-16.,-169.943715913894,8.64651579914182));
#14104=CARTESIAN_POINT('',(-19.2,-170.634495854454,8.29513147981209));
#14105=CARTESIAN_POINT('Ctrl Pts',(-19.2,-170.686985834244,8.2052813893327));
#14106=CARTESIAN_POINT('Ctrl Pts',(-19.2,-170.670594125561,8.23693445387638));
#14107=CARTESIAN_POINT('Ctrl Pts',(-19.2,-170.653097465631,8.26688448403618));
#14108=CARTESIAN_POINT('Ctrl Pts',(-19.2,-170.634495854454,8.2951314798121));
#14109=CARTESIAN_POINT('',(-16.,-169.943715913894,8.64651579914182));
#14110=CARTESIAN_POINT('Ctrl Pts',(-16.,-170.686985834244,8.2052813893327));
#14111=CARTESIAN_POINT('Ctrl Pts',(-16.,-170.458490236404,8.64651579914182));
#14112=CARTESIAN_POINT('Ctrl Pts',(-16.,-169.943715913894,8.64651579914182));
#14113=CARTESIAN_POINT('',(-20.,-169.943715913894,8.64651579914182));
#14114=CARTESIAN_POINT('',(-20.,-169.943715913894,8.64651579914182));
#14115=CARTESIAN_POINT('',(-20.,-170.634495854454,8.2951314798121));
#14116=CARTESIAN_POINT('Ctrl Pts',(-20.,-170.634495854454,8.2951314798121));
#14117=CARTESIAN_POINT('Ctrl Pts',(-20.,-170.40309728259,8.64651579914181));
#14118=CARTESIAN_POINT('Ctrl Pts',(-20.,-169.943715913894,8.64651579914182));
#14119=CARTESIAN_POINT('Ctrl Pts',(-19.2,-170.634495854454,8.29513147981209));
#14120=CARTESIAN_POINT('Ctrl Pts',(-19.4666666666667,-170.634495854454,
8.2951314798121));
#14121=CARTESIAN_POINT('Ctrl Pts',(-19.7333333333333,-170.634495854454,
8.29513147981212));
#14122=CARTESIAN_POINT('Ctrl Pts',(-20.,-170.634495854454,8.29513147981212));
#14123=CARTESIAN_POINT('Ctrl Pts',(-20.,-168.589809520843,5.17967362461179));
#14124=CARTESIAN_POINT('Ctrl Pts',(-16.,-168.589809520843,5.17967362461179));
#14125=CARTESIAN_POINT('Ctrl Pts',(-20.,-168.824872358444,4.93541885671704));
#14126=CARTESIAN_POINT('Ctrl Pts',(-16.,-168.824872358444,4.93541885671704));
#14127=CARTESIAN_POINT('Ctrl Pts',(-20.,-169.239842279556,4.93541885671704));
#14128=CARTESIAN_POINT('Ctrl Pts',(-16.,-169.239842279556,4.93541885671704));
#14129=CARTESIAN_POINT('',(-20.,-168.759652199934,5.04780701393527));
#14130=CARTESIAN_POINT('',(-19.2,-168.759652199934,5.04780701393527));
#14131=CARTESIAN_POINT('Ctrl Pts',(-20.,-168.759652199934,5.04780701393528));
#14132=CARTESIAN_POINT('Ctrl Pts',(-19.7333333333333,-168.759652199934,
5.04780701393528));
#14133=CARTESIAN_POINT('Ctrl Pts',(-19.4666666666667,-168.759652199934,
5.04780701393527));
#14134=CARTESIAN_POINT('Ctrl Pts',(-19.2,-168.759652199934,5.04780701393527));
#14135=CARTESIAN_POINT('',(-20.,-168.589809520843,5.17967362461179));
#14136=CARTESIAN_POINT('Ctrl Pts',(-20.,-168.589809520843,5.17967362461179));
#14137=CARTESIAN_POINT('Ctrl Pts',(-20.,-168.665423018902,5.10110332567975));
#14138=CARTESIAN_POINT('Ctrl Pts',(-20.,-168.759652199934,5.04780701393527));
#14139=CARTESIAN_POINT('',(-16.,-168.589809520843,5.17967362461179));
#14140=CARTESIAN_POINT('',(-20.,-168.589809520843,5.17967362461179));
#14141=CARTESIAN_POINT('',(-16.,-169.239842279556,4.93541885671704));
#14142=CARTESIAN_POINT('Ctrl Pts',(-16.,-168.589809520843,5.17967362461179));
#14143=CARTESIAN_POINT('Ctrl Pts',(-16.,-168.824872358444,4.93541885671704));
#14144=CARTESIAN_POINT('Ctrl Pts',(-16.,-169.239842279556,4.93541885671704));
#14145=CARTESIAN_POINT('',(-19.2,-169.239842279556,4.93541885671704));
#14146=CARTESIAN_POINT('',(-20.,-169.239842279556,4.93541885671704));
#14147=CARTESIAN_POINT('Ctrl Pts',(-19.2,-168.759652199922,5.04780701394187));
#14148=CARTESIAN_POINT('Ctrl Pts',(-19.2,-168.892122204766,4.97288157579198));
#14149=CARTESIAN_POINT('Ctrl Pts',(-19.2,-169.052185564644,4.93541885671704));
#14150=CARTESIAN_POINT('Ctrl Pts',(-19.2,-169.239842279556,4.93541885671704));
#14151=CARTESIAN_POINT('Ctrl Pts',(-20.,-169.239842279556,4.93541885671704));
#14152=CARTESIAN_POINT('Ctrl Pts',(-16.,-169.239842279556,4.93541885671704));
#14153=CARTESIAN_POINT('Ctrl Pts',(-20.,-169.607537372711,4.93541885671704));
#14154=CARTESIAN_POINT('Ctrl Pts',(-16.,-169.607537372711,4.93541885671704));
#14155=CARTESIAN_POINT('Ctrl Pts',(-20.,-169.878056629303,5.15603621063321));
#14156=CARTESIAN_POINT('Ctrl Pts',(-16.,-169.878056629303,5.15603621063321));
#14157=CARTESIAN_POINT('',(-19.2,-169.878056629303,5.15603621063321));
#14158=CARTESIAN_POINT('Ctrl Pts',(-19.2,-169.239842279556,4.93541885671704));
#14159=CARTESIAN_POINT('Ctrl Pts',(-19.2,-169.484972341659,4.93541885671704));
#14160=CARTESIAN_POINT('Ctrl Pts',(-19.2,-169.697710458242,5.0089579746891));
#14161=CARTESIAN_POINT('Ctrl Pts',(-19.2,-169.878056629303,5.15603621063321));
#14162=CARTESIAN_POINT('',(-16.,-169.878056629303,5.15603621063321));
#14163=CARTESIAN_POINT('Ctrl Pts',(-16.,-169.239842279556,4.93541885671704));
#14164=CARTESIAN_POINT('Ctrl Pts',(-16.,-169.607537372711,4.93541885671704));
#14165=CARTESIAN_POINT('Ctrl Pts',(-16.,-169.878056629303,5.15603621063321));
#14166=CARTESIAN_POINT('',(-20.,-169.878056629303,5.15603621063321));
#14167=CARTESIAN_POINT('Ctrl Pts',(-20.,-169.878056629303,5.15603621063321));
#14168=CARTESIAN_POINT('Ctrl Pts',(-16.,-169.878056629303,5.15603621063321));
#14169=CARTESIAN_POINT('Ctrl Pts',(-20.,-170.148574693802,5.37665326652616));
#14170=CARTESIAN_POINT('Ctrl Pts',(-16.,-170.148574693802,5.37665326652616));
#14171=CARTESIAN_POINT('Ctrl Pts',(-20.,-170.148574693802,5.67343581972211));
#14172=CARTESIAN_POINT('Ctrl Pts',(-16.,-170.148574693802,5.67343581972211));
#14173=CARTESIAN_POINT('',(-19.2,-170.148574693802,5.67343581972211));
#14174=CARTESIAN_POINT('Ctrl Pts',(-19.2,-169.878056629303,5.15603621063321));
#14175=CARTESIAN_POINT('Ctrl Pts',(-19.2,-170.058402005635,5.30311424789517));
#14176=CARTESIAN_POINT('Ctrl Pts',(-19.2,-170.148574693802,5.47558078425814));
#14177=CARTESIAN_POINT('Ctrl Pts',(-19.2,-170.148574693802,5.67343581972211));
#14178=CARTESIAN_POINT('',(-16.,-170.148574693802,5.67343581972211));
#14179=CARTESIAN_POINT('Ctrl Pts',(-16.,-169.878056629303,5.15603621063321));
#14180=CARTESIAN_POINT('Ctrl Pts',(-16.,-170.148574693802,5.37665326652616));
#14181=CARTESIAN_POINT('Ctrl Pts',(-16.,-170.148574693802,5.67343581972211));
#14182=CARTESIAN_POINT('',(-20.,-170.148574693802,5.67343581972211));
#14183=CARTESIAN_POINT('Ctrl Pts',(-20.,-170.148574693802,5.67343581972211));
#14184=CARTESIAN_POINT('Ctrl Pts',(-16.,-170.148574693802,5.67343581972211));
#14185=CARTESIAN_POINT('Ctrl Pts',(-20.,-170.148574693802,5.99122990427106));
#14186=CARTESIAN_POINT('Ctrl Pts',(-16.,-170.148574693802,5.99122990427106));
#14187=CARTESIAN_POINT('Ctrl Pts',(-20.,-169.552382810715,6.54802550134747));
#14188=CARTESIAN_POINT('Ctrl Pts',(-16.,-169.552382810715,6.54802550134747));
#14189=CARTESIAN_POINT('',(-19.2,-169.599886422328,6.50313537737976));
#14190=CARTESIAN_POINT('Ctrl Pts',(-19.2,-170.148574693802,5.67343581972211));
#14191=CARTESIAN_POINT('Ctrl Pts',(-19.2,-170.148574693802,5.87668292030647));
#14192=CARTESIAN_POINT('Ctrl Pts',(-19.2,-169.96567860331,6.15324943952578));
#14193=CARTESIAN_POINT('Ctrl Pts',(-19.2,-169.599886422327,6.50313537738003));
#14194=CARTESIAN_POINT('',(-16.,-169.552382810715,6.54802550134747));
#14195=CARTESIAN_POINT('Ctrl Pts',(-16.,-170.148574693802,5.67343581972211));
#14196=CARTESIAN_POINT('Ctrl Pts',(-16.,-170.148574693802,5.99122990427106));
#14197=CARTESIAN_POINT('Ctrl Pts',(-16.,-169.552382810715,6.54802550134747));
#14198=CARTESIAN_POINT('',(-20.,-169.552382810715,6.54802550134747));
#14199=CARTESIAN_POINT('',(-20.,-169.552382810715,6.54802550134747));
#14200=CARTESIAN_POINT('',(-20.,-169.599886422328,6.50313537737976));
#14201=CARTESIAN_POINT('Ctrl Pts',(-20.,-169.599886422328,6.50313537737976));
#14202=CARTESIAN_POINT('Ctrl Pts',(-20.,-169.576627586283,6.52538281755492));
#14203=CARTESIAN_POINT('Ctrl Pts',(-20.,-169.552382810715,6.54802550134747));
#14204=CARTESIAN_POINT('Ctrl Pts',(-19.2,-169.599886422328,6.50313537737976));
#14205=CARTESIAN_POINT('Ctrl Pts',(-19.4666666666667,-169.599886422328,
6.50313537737975));
#14206=CARTESIAN_POINT('Ctrl Pts',(-19.7333333333333,-169.599886422328,
6.50313537737975));
#14207=CARTESIAN_POINT('Ctrl Pts',(-20.,-169.599886422328,6.50313537737975));
#14208=CARTESIAN_POINT('Ctrl Pts',(-20.,-169.18468771756,7.95840014276593));
#14209=CARTESIAN_POINT('Ctrl Pts',(-16.,-169.18468771756,7.95840014276593));
#14210=CARTESIAN_POINT('Ctrl Pts',(-20.,-169.18468771756,7.76404697952359));
#14211=CARTESIAN_POINT('Ctrl Pts',(-16.,-169.18468771756,7.76404697952359));
#14212=CARTESIAN_POINT('Ctrl Pts',(-20.,-169.256914241913,7.66161729154675));
#14213=CARTESIAN_POINT('Ctrl Pts',(-16.,-169.256914241913,7.66161729154675));
#14214=CARTESIAN_POINT('',(-20.,-169.18468771756,7.95840014276593));
#14215=CARTESIAN_POINT('',(-20.,-169.256914241913,7.66161729154675));
#14216=CARTESIAN_POINT('Ctrl Pts',(-20.,-169.18468771756,7.95840014276593));
#14217=CARTESIAN_POINT('Ctrl Pts',(-20.,-169.18468771756,7.76404697952359));
#14218=CARTESIAN_POINT('Ctrl Pts',(-20.,-169.256914241913,7.66161729154675));
#14219=CARTESIAN_POINT('',(-16.,-169.18468771756,7.95840014276593));
#14220=CARTESIAN_POINT('',(-20.,-169.18468771756,7.95840014276593));
#14221=CARTESIAN_POINT('',(-16.,-169.256914241913,7.66161729154675));
#14222=CARTESIAN_POINT('Ctrl Pts',(-16.,-169.18468771756,7.95840014276593));
#14223=CARTESIAN_POINT('Ctrl Pts',(-16.,-169.18468771756,7.76404697952359));
#14224=CARTESIAN_POINT('Ctrl Pts',(-16.,-169.256914241913,7.66161729154675));
#14225=CARTESIAN_POINT('',(-20.,-169.256914241913,7.66161729154675));
#14226=CARTESIAN_POINT('Ctrl Pts',(-20.,-169.403992279175,8.44822276887982));
#14227=CARTESIAN_POINT('Ctrl Pts',(-16.,-169.403992279175,8.44822276887982));
#14228=CARTESIAN_POINT('Ctrl Pts',(-20.,-169.18468771756,8.24993003664105));
#14229=CARTESIAN_POINT('Ctrl Pts',(-16.,-169.18468771756,8.24993003664105));
#14230=CARTESIAN_POINT('Ctrl Pts',(-20.,-169.18468771756,7.95840014276593));
#14231=CARTESIAN_POINT('Ctrl Pts',(-16.,-169.18468771756,7.95840014276593));
#14232=CARTESIAN_POINT('',(-20.,-169.403992279175,8.44822276887982));
#14233=CARTESIAN_POINT('Ctrl Pts',(-20.,-169.403992279175,8.44822276887982));
#14234=CARTESIAN_POINT('Ctrl Pts',(-20.,-169.18468771756,8.24993003664105));
#14235=CARTESIAN_POINT('Ctrl Pts',(-20.,-169.18468771756,7.95840014276593));
#14236=CARTESIAN_POINT('',(-16.,-169.403992279175,8.44822276887982));
#14237=CARTESIAN_POINT('',(-20.,-169.403992279175,8.44822276887982));
#14238=CARTESIAN_POINT('Ctrl Pts',(-16.,-169.403992279175,8.44822276887982));
#14239=CARTESIAN_POINT('Ctrl Pts',(-16.,-169.18468771756,8.24993003664105));
#14240=CARTESIAN_POINT('Ctrl Pts',(-16.,-169.18468771756,7.95840014276593));
#14241=CARTESIAN_POINT('Ctrl Pts',(-20.,-169.943715913894,8.64651579914182));
#14242=CARTESIAN_POINT('Ctrl Pts',(-16.,-169.943715913894,8.64651579914182));
#14243=CARTESIAN_POINT('Ctrl Pts',(-20.,-169.623295648697,8.64651579914182));
#14244=CARTESIAN_POINT('Ctrl Pts',(-16.,-169.623295648697,8.64651579914182));
#14245=CARTESIAN_POINT('Ctrl Pts',(-20.,-169.403992279175,8.44822276887982));
#14246=CARTESIAN_POINT('Ctrl Pts',(-16.,-169.403992279175,8.44822276887982));
#14247=CARTESIAN_POINT('Ctrl Pts',(-20.,-169.943715913894,8.64651579914182));
#14248=CARTESIAN_POINT('Ctrl Pts',(-20.,-169.623295648697,8.64651579914182));
#14249=CARTESIAN_POINT('Ctrl Pts',(-20.,-169.403992279175,8.44822276887982));
#14250=CARTESIAN_POINT('Ctrl Pts',(-16.,-169.943715913894,8.64651579914182));
#14251=CARTESIAN_POINT('Ctrl Pts',(-16.,-169.623295648697,8.64651579914182));
#14252=CARTESIAN_POINT('Ctrl Pts',(-16.,-169.403992279175,8.44822276887982));
#14253=CARTESIAN_POINT('Ctrl Pts',(-20.,-170.629205091598,8.82117111740201));
#14254=CARTESIAN_POINT('Ctrl Pts',(-16.,-170.629205091598,8.82117111740201));
#14255=CARTESIAN_POINT('Ctrl Pts',(-20.,-170.828811510208,8.72268129644483));
#14256=CARTESIAN_POINT('Ctrl Pts',(-16.,-170.828811510208,8.72268129644483));
#14257=CARTESIAN_POINT('Ctrl Pts',(-20.,-170.828811510208,8.56509734449475));
#14258=CARTESIAN_POINT('Ctrl Pts',(-16.,-170.828811510208,8.56509734449475));
#14259=CARTESIAN_POINT('',(-19.2,-170.822244083392,8.62032095136491));
#14260=CARTESIAN_POINT('Ctrl Pts',(-19.2,-170.822244083392,8.62032095136491));
#14261=CARTESIAN_POINT('Ctrl Pts',(-19.2,-170.826677020115,8.6023394978501));
#14262=CARTESIAN_POINT('Ctrl Pts',(-19.2,-170.828811510208,8.58391396573479));
#14263=CARTESIAN_POINT('Ctrl Pts',(-19.2,-170.828811510208,8.56509734449475));
#14264=CARTESIAN_POINT('',(-20.,-170.822244083392,8.62032095136492));
#14265=CARTESIAN_POINT('Ctrl Pts',(-20.,-170.822244083392,8.6203209513649));
#14266=CARTESIAN_POINT('Ctrl Pts',(-19.7333333333333,-170.822244083392,
8.6203209513649));
#14267=CARTESIAN_POINT('Ctrl Pts',(-19.4666666666667,-170.822244083392,
8.62032095136492));
#14268=CARTESIAN_POINT('Ctrl Pts',(-19.2,-170.822244083392,8.62032095136491));
#14269=CARTESIAN_POINT('',(-20.,-170.629205091598,8.82117111740201));
#14270=CARTESIAN_POINT('Ctrl Pts',(-20.,-170.629205091598,8.82117111740201));
#14271=CARTESIAN_POINT('Ctrl Pts',(-20.,-170.792605149633,8.74054624285156));
#14272=CARTESIAN_POINT('Ctrl Pts',(-20.,-170.822244083392,8.62032095136492));
#14273=CARTESIAN_POINT('',(-16.,-170.629205091598,8.82117111740201));
#14274=CARTESIAN_POINT('',(-20.,-170.629205091598,8.82117111740201));
#14275=CARTESIAN_POINT('Ctrl Pts',(-16.,-170.629205091598,8.82117111740201));
#14276=CARTESIAN_POINT('Ctrl Pts',(-16.,-170.828811510208,8.72268129644483));
#14277=CARTESIAN_POINT('Ctrl Pts',(-16.,-170.828811510208,8.56509734449475));
#14278=CARTESIAN_POINT('Ctrl Pts',(-20.,-170.106553419235,8.91966093835919));
#14279=CARTESIAN_POINT('Ctrl Pts',(-16.,-170.106553419235,8.91966093835919));
#14280=CARTESIAN_POINT('Ctrl Pts',(-20.,-170.429599865082,8.91966093835919));
#14281=CARTESIAN_POINT('Ctrl Pts',(-16.,-170.429599865082,8.91966093835919));
#14282=CARTESIAN_POINT('Ctrl Pts',(-20.,-170.629205091598,8.82117111740201));
#14283=CARTESIAN_POINT('Ctrl Pts',(-16.,-170.629205091598,8.82117111740201));
#14284=CARTESIAN_POINT('',(-20.,-170.106553419235,8.91966093835919));
#14285=CARTESIAN_POINT('Ctrl Pts',(-20.,-170.106553419235,8.91966093835919));
#14286=CARTESIAN_POINT('Ctrl Pts',(-20.,-170.429599865082,8.91966093835919));
#14287=CARTESIAN_POINT('Ctrl Pts',(-20.,-170.629205091598,8.82117111740201));
#14288=CARTESIAN_POINT('',(-16.,-170.106553419235,8.91966093835919));
#14289=CARTESIAN_POINT('',(-20.,-170.106553419235,8.91966093835919));
#14290=CARTESIAN_POINT('Ctrl Pts',(-16.,-170.106553419235,8.91966093835919));
#14291=CARTESIAN_POINT('Ctrl Pts',(-16.,-170.429599865082,8.91966093835919));
#14292=CARTESIAN_POINT('Ctrl Pts',(-16.,-170.629205091598,8.82117111740201));
#14293=CARTESIAN_POINT('Ctrl Pts',(-20.,-169.103270156982,8.59398771581738));
#14294=CARTESIAN_POINT('Ctrl Pts',(-16.,-169.103270156982,8.59398771581738));
#14295=CARTESIAN_POINT('Ctrl Pts',(-20.,-169.497229440811,8.91966093835919));
#14296=CARTESIAN_POINT('Ctrl Pts',(-16.,-169.497229440811,8.91966093835919));
#14297=CARTESIAN_POINT('Ctrl Pts',(-20.,-170.106553419235,8.91966093835919));
#14298=CARTESIAN_POINT('Ctrl Pts',(-16.,-170.106553419235,8.91966093835919));
#14299=CARTESIAN_POINT('',(-20.,-169.103270156982,8.59398771581738));
#14300=CARTESIAN_POINT('Ctrl Pts',(-20.,-169.103270156982,8.59398771581738));
#14301=CARTESIAN_POINT('Ctrl Pts',(-20.,-169.497229440811,8.91966093835919));
#14302=CARTESIAN_POINT('Ctrl Pts',(-20.,-170.106553419235,8.91966093835919));
#14303=CARTESIAN_POINT('',(-16.,-169.103270156982,8.59398771581738));
#14304=CARTESIAN_POINT('',(-20.,-169.103270156982,8.59398771581738));
#14305=CARTESIAN_POINT('Ctrl Pts',(-16.,-169.103270156982,8.59398771581738));
#14306=CARTESIAN_POINT('Ctrl Pts',(-16.,-169.497229440811,8.91966093835919));
#14307=CARTESIAN_POINT('Ctrl Pts',(-16.,-170.106553419235,8.91966093835919));
#14308=CARTESIAN_POINT('Ctrl Pts',(-20.,-168.709310873154,7.76404697952359));
#14309=CARTESIAN_POINT('Ctrl Pts',(-16.,-168.709310873154,7.76404697952359));
#14310=CARTESIAN_POINT('Ctrl Pts',(-20.,-168.709310873154,8.2683147912988));
#14311=CARTESIAN_POINT('Ctrl Pts',(-16.,-168.709310873154,8.2683147912988));
#14312=CARTESIAN_POINT('Ctrl Pts',(-20.,-169.103270156982,8.59398771581738));
#14313=CARTESIAN_POINT('Ctrl Pts',(-16.,-169.103270156982,8.59398771581738));
#14314=CARTESIAN_POINT('',(-20.,-168.709310873154,7.76404697952359));
#14315=CARTESIAN_POINT('Ctrl Pts',(-20.,-168.709310873154,7.76404697952359));
#14316=CARTESIAN_POINT('Ctrl Pts',(-20.,-168.709310873154,8.2683147912988));
#14317=CARTESIAN_POINT('Ctrl Pts',(-20.,-169.103270156982,8.59398771581738));
#14318=CARTESIAN_POINT('',(-16.,-168.709310873154,7.76404697952359));
#14319=CARTESIAN_POINT('',(-20.,-168.709310873154,7.76404697952359));
#14320=CARTESIAN_POINT('Ctrl Pts',(-16.,-168.709310873154,7.76404697952359));
#14321=CARTESIAN_POINT('Ctrl Pts',(-16.,-168.709310873154,8.2683147912988));
#14322=CARTESIAN_POINT('Ctrl Pts',(-16.,-169.103270156982,8.59398771581738));
#14323=CARTESIAN_POINT('Ctrl Pts',(-20.,-169.263480289581,6.81591798124402));
#14324=CARTESIAN_POINT('Ctrl Pts',(-16.,-169.263480289581,6.81591798124402));
#14325=CARTESIAN_POINT('Ctrl Pts',(-20.,-168.709310873154,7.33069170770734));
#14326=CARTESIAN_POINT('Ctrl Pts',(-16.,-168.709310873154,7.33069170770734));
#14327=CARTESIAN_POINT('Ctrl Pts',(-20.,-168.709310873154,7.76404697952359));
#14328=CARTESIAN_POINT('Ctrl Pts',(-16.,-168.709310873154,7.76404697952359));
#14329=CARTESIAN_POINT('',(-20.,-169.263480289581,6.81591798124402));
#14330=CARTESIAN_POINT('Ctrl Pts',(-20.,-169.263480289581,6.81591798124402));
#14331=CARTESIAN_POINT('Ctrl Pts',(-20.,-168.709310873154,7.33069170770734));
#14332=CARTESIAN_POINT('Ctrl Pts',(-20.,-168.709310873154,7.76404697952359));
#14333=CARTESIAN_POINT('',(-16.,-169.263480289581,6.81591798124402));
#14334=CARTESIAN_POINT('',(-20.,-169.263480289581,6.81591798124402));
#14335=CARTESIAN_POINT('Ctrl Pts',(-16.,-169.263480289581,6.81591798124402));
#14336=CARTESIAN_POINT('Ctrl Pts',(-16.,-168.709310873154,7.33069170770734));
#14337=CARTESIAN_POINT('Ctrl Pts',(-16.,-168.709310873154,7.76404697952359));
#14338=CARTESIAN_POINT('Origin',(-20.,-169.552382810715,6.54802550134747));
#14339=CARTESIAN_POINT('',(-20.,-118.88124828143,53.5341709837968));
#14340=CARTESIAN_POINT('',(-16.,-169.552382810715,6.54802550134747));
#14341=CARTESIAN_POINT('Ctrl Pts',(-20.,-168.354746683243,5.85203100500195));
#14342=CARTESIAN_POINT('Ctrl Pts',(-16.,-168.354746683243,5.85203100500195));
#14343=CARTESIAN_POINT('Ctrl Pts',(-20.,-168.354746683243,5.42392839250653));
#14344=CARTESIAN_POINT('Ctrl Pts',(-16.,-168.354746683243,5.42392839250653));
#14345=CARTESIAN_POINT('Ctrl Pts',(-20.,-168.589809520843,5.17967362461179));
#14346=CARTESIAN_POINT('Ctrl Pts',(-16.,-168.589809520843,5.17967362461179));
#14347=CARTESIAN_POINT('',(-20.,-168.354746683243,5.85203100500195));
#14348=CARTESIAN_POINT('Ctrl Pts',(-20.,-168.354746683243,5.85203100500195));
#14349=CARTESIAN_POINT('Ctrl Pts',(-20.,-168.354746683243,5.42392839250653));
#14350=CARTESIAN_POINT('Ctrl Pts',(-20.,-168.589809520843,5.17967362461179));
#14351=CARTESIAN_POINT('',(-16.,-168.354746683243,5.85203100500195));
#14352=CARTESIAN_POINT('',(-20.,-168.354746683243,5.85203100500195));
#14353=CARTESIAN_POINT('Ctrl Pts',(-16.,-168.354746683243,5.85203100500195));
#14354=CARTESIAN_POINT('Ctrl Pts',(-16.,-168.354746683243,5.42392839250653));
#14355=CARTESIAN_POINT('Ctrl Pts',(-16.,-168.589809520843,5.17967362461179));
#14356=CARTESIAN_POINT('Ctrl Pts',(-20.,-168.000183685425,5.3687741285333));
#14357=CARTESIAN_POINT('Ctrl Pts',(-16.,-168.000183685425,5.3687741285333));
#14358=CARTESIAN_POINT('Ctrl Pts',(-20.,-168.000183685425,5.58676500377744));
#14359=CARTESIAN_POINT('Ctrl Pts',(-16.,-168.000183685425,5.58676500377744));
#14360=CARTESIAN_POINT('Ctrl Pts',(-20.,-168.354746683243,5.85203100500195));
#14361=CARTESIAN_POINT('Ctrl Pts',(-16.,-168.354746683243,5.85203100500195));
#14362=CARTESIAN_POINT('',(-20.,-168.000183685425,5.3687741285333));
#14363=CARTESIAN_POINT('Ctrl Pts',(-20.,-168.000183685425,5.3687741285333));
#14364=CARTESIAN_POINT('Ctrl Pts',(-20.,-168.000183685425,5.58676500377744));
#14365=CARTESIAN_POINT('Ctrl Pts',(-20.,-168.354746683243,5.85203100500195));
#14366=CARTESIAN_POINT('',(-16.,-168.000183685425,5.3687741285333));
#14367=CARTESIAN_POINT('',(-20.,-168.000183685425,5.3687741285333));
#14368=CARTESIAN_POINT('Ctrl Pts',(-16.,-168.000183685425,5.3687741285333));
#14369=CARTESIAN_POINT('Ctrl Pts',(-16.,-168.000183685425,5.58676500377744));
#14370=CARTESIAN_POINT('Ctrl Pts',(-16.,-168.354746683243,5.85203100500195));
#14371=CARTESIAN_POINT('Ctrl Pts',(-20.,-168.293027265671,4.83824242410748));
#14372=CARTESIAN_POINT('Ctrl Pts',(-16.,-168.293027265671,4.83824242410748));
#14373=CARTESIAN_POINT('Ctrl Pts',(-20.,-168.000183685425,5.04835356531232));
#14374=CARTESIAN_POINT('Ctrl Pts',(-16.,-168.000183685425,5.04835356531232));
#14375=CARTESIAN_POINT('Ctrl Pts',(-20.,-168.000183685425,5.3687741285333));
#14376=CARTESIAN_POINT('Ctrl Pts',(-16.,-168.000183685425,5.3687741285333));
#14377=CARTESIAN_POINT('',(-20.,-168.293027265671,4.83824242410748));
#14378=CARTESIAN_POINT('Ctrl Pts',(-20.,-168.293027265671,4.83824242410748));
#14379=CARTESIAN_POINT('Ctrl Pts',(-20.,-168.000183685425,5.04835356531232));
#14380=CARTESIAN_POINT('Ctrl Pts',(-20.,-168.000183685425,5.3687741285333));
#14381=CARTESIAN_POINT('',(-16.,-168.293027265671,4.83824242410748));
#14382=CARTESIAN_POINT('',(-20.,-168.293027265671,4.83824242410748));
#14383=CARTESIAN_POINT('Ctrl Pts',(-16.,-168.293027265671,4.83824242410748));
#14384=CARTESIAN_POINT('Ctrl Pts',(-16.,-168.000183685425,5.04835356531232));
#14385=CARTESIAN_POINT('Ctrl Pts',(-16.,-168.000183685425,5.3687741285333));
#14386=CARTESIAN_POINT('Ctrl Pts',(-20.,-169.034983499649,4.6281306868562));
#14387=CARTESIAN_POINT('Ctrl Pts',(-16.,-169.034983499649,4.6281306868562));
#14388=CARTESIAN_POINT('Ctrl Pts',(-20.,-168.585869653824,4.6281306868562));
#14389=CARTESIAN_POINT('Ctrl Pts',(-16.,-168.585869653824,4.6281306868562));
#14390=CARTESIAN_POINT('Ctrl Pts',(-20.,-168.293027265671,4.83824242410748));
#14391=CARTESIAN_POINT('Ctrl Pts',(-16.,-168.293027265671,4.83824242410748));
#14392=CARTESIAN_POINT('',(-19.2,-168.559553905786,4.70122660196347));
#14393=CARTESIAN_POINT('',(-20.,-168.559553905786,4.70122660196348));
#14394=CARTESIAN_POINT('Ctrl Pts',(-19.2,-168.559553905786,4.70122660196347));
#14395=CARTESIAN_POINT('Ctrl Pts',(-19.4666666666667,-168.559553905786,
4.70122660196347));
#14396=CARTESIAN_POINT('Ctrl Pts',(-19.7333333333333,-168.559553905786,
4.70122660196349));
#14397=CARTESIAN_POINT('Ctrl Pts',(-20.,-168.559553905786,4.70122660196349));
#14398=CARTESIAN_POINT('',(-19.2,-169.034983499649,4.6281306868562));
#14399=CARTESIAN_POINT('Ctrl Pts',(-19.2,-169.034983499649,4.6281306868562));
#14400=CARTESIAN_POINT('Ctrl Pts',(-19.2,-168.896908568116,4.6281306868562));
#14401=CARTESIAN_POINT('Ctrl Pts',(-19.2,-168.75783013839,4.64302527029388));
#14402=CARTESIAN_POINT('Ctrl Pts',(-19.2,-168.602868206298,4.6869083448861));
#14403=CARTESIAN_POINT('Ctrl Pts',(-19.2,-168.581067729405,4.69375708740126));
#14404=CARTESIAN_POINT('Ctrl Pts',(-19.2,-168.559553905786,4.70122660196347));
#14405=CARTESIAN_POINT('',(-16.,-169.034983499649,4.6281306868562));
#14406=CARTESIAN_POINT('',(-20.,-169.034983499649,4.6281306868562));
#14407=CARTESIAN_POINT('Ctrl Pts',(-16.,-169.034983499649,4.6281306868562));
#14408=CARTESIAN_POINT('Ctrl Pts',(-16.,-168.585869653824,4.6281306868562));
#14409=CARTESIAN_POINT('Ctrl Pts',(-16.,-168.293027265671,4.83824242410748));
#14410=CARTESIAN_POINT('Ctrl Pts',(-20.,-168.559553905786,4.70122660196348));
#14411=CARTESIAN_POINT('Ctrl Pts',(-20.,-168.413144599935,4.75205933450945));
#14412=CARTESIAN_POINT('Ctrl Pts',(-20.,-168.293027265671,4.83824242410748));
#14413=CARTESIAN_POINT('Ctrl Pts',(-20.,-170.145948513153,4.99451268968671));
#14414=CARTESIAN_POINT('Ctrl Pts',(-16.,-170.145948513153,4.99451268968671));
#14415=CARTESIAN_POINT('Ctrl Pts',(-20.,-169.704714401367,4.6281306868562));
#14416=CARTESIAN_POINT('Ctrl Pts',(-16.,-169.704714401367,4.6281306868562));
#14417=CARTESIAN_POINT('Ctrl Pts',(-20.,-169.034983499649,4.6281306868562));
#14418=CARTESIAN_POINT('Ctrl Pts',(-16.,-169.034983499649,4.6281306868562));
#14419=CARTESIAN_POINT('',(-19.2,-169.745674216138,4.75564724338354));
#14420=CARTESIAN_POINT('Ctrl Pts',(-19.2,-169.745674216205,4.7556472434103));
#14421=CARTESIAN_POINT('Ctrl Pts',(-19.2,-169.535286185404,4.67063620570757));
#14422=CARTESIAN_POINT('Ctrl Pts',(-19.2,-169.298389279885,4.6281306868562));
#14423=CARTESIAN_POINT('Ctrl Pts',(-19.2,-169.034983499649,4.6281306868562));
#14424=CARTESIAN_POINT('',(-20.,-169.745674216138,4.75564724338353));
#14425=CARTESIAN_POINT('Ctrl Pts',(-20.,-169.745674216138,4.75564724338353));
#14426=CARTESIAN_POINT('Ctrl Pts',(-19.7333333333333,-169.745674216138,
4.75564724338353));
#14427=CARTESIAN_POINT('Ctrl Pts',(-19.4666666666667,-169.745674216138,
4.75564724338353));
#14428=CARTESIAN_POINT('Ctrl Pts',(-19.2,-169.745674216138,4.75564724338354));
#14429=CARTESIAN_POINT('',(-20.,-170.145948513153,4.99451268968671));
#14430=CARTESIAN_POINT('Ctrl Pts',(-20.,-170.145948513153,4.99451268968671));
#14431=CARTESIAN_POINT('Ctrl Pts',(-20.,-169.965021074924,4.84427825537024));
#14432=CARTESIAN_POINT('Ctrl Pts',(-20.,-169.745674216138,4.75564724338353));
#14433=CARTESIAN_POINT('',(-16.,-170.145948513153,4.99451268968671));
#14434=CARTESIAN_POINT('',(-20.,-170.145948513153,4.99451268968671));
#14435=CARTESIAN_POINT('Ctrl Pts',(-16.,-170.145948513153,4.99451268968671));
#14436=CARTESIAN_POINT('Ctrl Pts',(-16.,-169.704714401367,4.6281306868562));
#14437=CARTESIAN_POINT('Ctrl Pts',(-16.,-169.034983499649,4.6281306868562));
#14438=CARTESIAN_POINT('Ctrl Pts',(-20.,-170.587183817032,5.91769088564008));
#14439=CARTESIAN_POINT('Ctrl Pts',(-16.,-170.587183817032,5.91769088564008));
#14440=CARTESIAN_POINT('Ctrl Pts',(-20.,-170.587183817032,5.36089499054044));
#14441=CARTESIAN_POINT('Ctrl Pts',(-16.,-170.587183817032,5.36089499054044));
#14442=CARTESIAN_POINT('Ctrl Pts',(-20.,-170.145948513153,4.99451268968671));
#14443=CARTESIAN_POINT('Ctrl Pts',(-16.,-170.145948513153,4.99451268968671));
#14444=CARTESIAN_POINT('',(-20.,-170.587183817032,5.91769088564008));
#14445=CARTESIAN_POINT('Ctrl Pts',(-20.,-170.587183817032,5.91769088564008));
#14446=CARTESIAN_POINT('Ctrl Pts',(-20.,-170.587183817032,5.36089499054044));
#14447=CARTESIAN_POINT('Ctrl Pts',(-20.,-170.145948513153,4.99451268968671));
#14448=CARTESIAN_POINT('',(-16.,-170.587183817032,5.91769088564008));
#14449=CARTESIAN_POINT('',(-20.,-170.587183817032,5.91769088564008));
#14450=CARTESIAN_POINT('Ctrl Pts',(-16.,-170.587183817032,5.91769088564008));
#14451=CARTESIAN_POINT('Ctrl Pts',(-16.,-170.587183817032,5.36089499054044));
#14452=CARTESIAN_POINT('Ctrl Pts',(-16.,-170.145948513153,4.99451268968671));
#14453=CARTESIAN_POINT('Ctrl Pts',(-20.,-169.941089733246,6.99713934717267));
#14454=CARTESIAN_POINT('Ctrl Pts',(-16.,-169.941089733246,6.99713934717267));
#14455=CARTESIAN_POINT('Ctrl Pts',(-20.,-170.587183817032,6.39569450674146));
#14456=CARTESIAN_POINT('Ctrl Pts',(-16.,-170.587183817032,6.39569450674146));
#14457=CARTESIAN_POINT('Ctrl Pts',(-20.,-170.587183817032,5.91769088564008));
#14458=CARTESIAN_POINT('Ctrl Pts',(-16.,-170.587183817032,5.91769088564008));
#14459=CARTESIAN_POINT('',(-19.2,-170.551065778672,6.15062634967928));
#14460=CARTESIAN_POINT('',(-20.,-170.551065778672,6.15062634967929));
#14461=CARTESIAN_POINT('Ctrl Pts',(-19.2,-170.551065778672,6.15062634967928));
#14462=CARTESIAN_POINT('Ctrl Pts',(-19.4666666666667,-170.551065778672,
6.15062634967929));
#14463=CARTESIAN_POINT('Ctrl Pts',(-19.7333333333333,-170.551065778672,
6.1506263496793));
#14464=CARTESIAN_POINT('Ctrl Pts',(-20.,-170.551065778672,6.1506263496793));
#14465=CARTESIAN_POINT('',(-19.2,-169.941089733246,6.99713934717267));
#14466=CARTESIAN_POINT('Ctrl Pts',(-19.2,-169.941089733246,6.99713934717267));
#14467=CARTESIAN_POINT('Ctrl Pts',(-19.2,-170.118563461227,6.83193019159407));
#14468=CARTESIAN_POINT('Ctrl Pts',(-19.2,-170.300699086551,6.63533119378897));
#14469=CARTESIAN_POINT('Ctrl Pts',(-19.2,-170.475000119606,6.34412131167273));
#14470=CARTESIAN_POINT('Ctrl Pts',(-19.2,-170.51772575789,6.25601255742334));
#14471=CARTESIAN_POINT('Ctrl Pts',(-19.2,-170.548258427158,6.15982239352594));
#14472=CARTESIAN_POINT('Ctrl Pts',(-19.2,-170.549679657527,6.15522850822799));
#14473=CARTESIAN_POINT('Ctrl Pts',(-19.2,-170.551065778672,6.15062634967928));
#14474=CARTESIAN_POINT('',(-16.,-169.941089733246,6.99713934717267));
#14475=CARTESIAN_POINT('',(-20.,-169.941089733246,6.99713934717267));
#14476=CARTESIAN_POINT('Ctrl Pts',(-16.,-169.941089733246,6.99713934717267));
#14477=CARTESIAN_POINT('Ctrl Pts',(-16.,-170.587183817032,6.39569450674146));
#14478=CARTESIAN_POINT('Ctrl Pts',(-16.,-170.587183817032,5.91769088564008));
#14479=CARTESIAN_POINT('Ctrl Pts',(-20.,-170.551065778672,6.15062634967929));
#14480=CARTESIAN_POINT('Ctrl Pts',(-20.,-170.587183817032,6.03070830383791));
#14481=CARTESIAN_POINT('Ctrl Pts',(-20.,-170.587183817032,5.91769088564008));
#14482=CARTESIAN_POINT('Origin',(-20.,-169.704714401367,7.21513022241681));
#14483=CARTESIAN_POINT('',(-19.2,-169.904553380618,7.03083402852636));
#14484=CARTESIAN_POINT('',(-19.2,-170.166208734876,6.78952932370068));
#14485=CARTESIAN_POINT('',(-20.,-169.904553380618,7.03083402852636));
#14486=CARTESIAN_POINT('',(-20.,-169.904553380618,7.03083402852636));
#14487=CARTESIAN_POINT('',(-20.,-169.704714401367,7.21513022241681));
#14488=CARTESIAN_POINT('',(-20.,-118.893812400336,54.0741358179535));
#14489=CARTESIAN_POINT('',(-16.,-169.704714401367,7.21513022241681));
#14490=CARTESIAN_POINT('',(-20.,-169.704714401367,7.21513022241681));
#14491=CARTESIAN_POINT('',(-16.,-169.704714401367,7.21513022241681));
#14492=CARTESIAN_POINT('Ctrl Pts',(-20.,-169.256914241913,7.66161729154675));
#14493=CARTESIAN_POINT('Ctrl Pts',(-16.,-169.256914241913,7.66161729154675));
#14494=CARTESIAN_POINT('Ctrl Pts',(-20.,-169.329139574173,7.55918790159314));
#14495=CARTESIAN_POINT('Ctrl Pts',(-16.,-169.329139574173,7.55918790159314));
#14496=CARTESIAN_POINT('Ctrl Pts',(-20.,-169.704714401367,7.21513022241681));
#14497=CARTESIAN_POINT('Ctrl Pts',(-16.,-169.704714401367,7.21513022241681));
#14498=CARTESIAN_POINT('Ctrl Pts',(-20.,-169.256914241913,7.66161729154675));
#14499=CARTESIAN_POINT('Ctrl Pts',(-20.,-169.329139574173,7.55918790159314));
#14500=CARTESIAN_POINT('Ctrl Pts',(-20.,-169.704714401367,7.21513022241681));
#14501=CARTESIAN_POINT('Ctrl Pts',(-16.,-169.256914241913,7.66161729154675));
#14502=CARTESIAN_POINT('Ctrl Pts',(-16.,-169.329139574173,7.55918790159314));
#14503=CARTESIAN_POINT('Ctrl Pts',(-16.,-169.704714401367,7.21513022241681));
#14504=CARTESIAN_POINT('Origin',(-16.,-169.414497597816,6.7738958126077));
#14505=CARTESIAN_POINT('Ctrl Pts',(-20.,-177.646934373978,8.4044357067117));
#14506=CARTESIAN_POINT('Ctrl Pts',(-16.,-177.646934373978,8.4044357067117));
#14507=CARTESIAN_POINT('Ctrl Pts',(-20.,-177.822901590469,8.41231514272778));
#14508=CARTESIAN_POINT('Ctrl Pts',(-16.,-177.822901590469,8.41231514272778));
#14509=CARTESIAN_POINT('Ctrl Pts',(-20.,-178.152515276077,8.58186115083783));
#14510=CARTESIAN_POINT('Ctrl Pts',(-16.,-178.152515276077,8.58186115083783));
#14511=CARTESIAN_POINT('',(-19.2,-177.646934373978,8.4044357067117));
#14512=CARTESIAN_POINT('',(-19.2,-177.885151322011,8.46133029238602));
#14513=CARTESIAN_POINT('Ctrl Pts',(-19.2,-177.646934373978,8.4044357067117));
#14514=CARTESIAN_POINT('Ctrl Pts',(-19.2,-177.711044279704,8.407306411325));
#14515=CARTESIAN_POINT('Ctrl Pts',(-19.2,-177.790449929057,8.4262712732195));
#14516=CARTESIAN_POINT('Ctrl Pts',(-19.2,-177.885151322036,8.46133029239521));
#14517=CARTESIAN_POINT('',(-16.,-177.646934373978,8.4044357067117));
#14518=CARTESIAN_POINT('',(-20.,-177.646934373978,8.4044357067117));
#14519=CARTESIAN_POINT('',(-16.,-178.152515276077,8.58186115083783));
#14520=CARTESIAN_POINT('Ctrl Pts',(-16.,-177.646934373978,8.4044357067117));
#14521=CARTESIAN_POINT('Ctrl Pts',(-16.,-177.822901590469,8.41231514272778));
#14522=CARTESIAN_POINT('Ctrl Pts',(-16.,-178.152515276077,8.58186115083783));
#14523=CARTESIAN_POINT('',(-20.,-178.152515276077,8.58186115083783));
#14524=CARTESIAN_POINT('',(-20.,-178.152515276077,8.58186115083783));
#14525=CARTESIAN_POINT('',(-20.,-177.885151322011,8.46133029238602));
#14526=CARTESIAN_POINT('Ctrl Pts',(-20.,-177.885151322011,8.46133029238602));
#14527=CARTESIAN_POINT('Ctrl Pts',(-20.,-178.003033174608,8.50497085563887));
#14528=CARTESIAN_POINT('Ctrl Pts',(-20.,-178.152515276077,8.58186115083783));
#14529=CARTESIAN_POINT('Ctrl Pts',(-19.2,-177.885151322011,8.46133029238602));
#14530=CARTESIAN_POINT('Ctrl Pts',(-19.4666666666667,-177.885151322011,
8.46133029238602));
#14531=CARTESIAN_POINT('Ctrl Pts',(-19.7333333333333,-177.885151322011,
8.46133029238602));
#14532=CARTESIAN_POINT('Ctrl Pts',(-20.,-177.885151322011,8.46133029238602));
#14533=CARTESIAN_POINT('Ctrl Pts',(-20.,-178.152515276077,8.58186115083783));
#14534=CARTESIAN_POINT('Ctrl Pts',(-16.,-178.152515276077,8.58186115083783));
#14535=CARTESIAN_POINT('Ctrl Pts',(-20.,-178.482126577499,8.75140715894788));
#14536=CARTESIAN_POINT('Ctrl Pts',(-16.,-178.482126577499,8.75140715894788));
#14537=CARTESIAN_POINT('Ctrl Pts',(-20.,-178.668600900772,8.92753977832883));
#14538=CARTESIAN_POINT('Ctrl Pts',(-16.,-178.668600900772,8.92753977832883));
#14539=CARTESIAN_POINT('',(-20.,-178.668600900772,8.92753977832883));
#14540=CARTESIAN_POINT('Ctrl Pts',(-20.,-178.152515276077,8.58186115083783));
#14541=CARTESIAN_POINT('Ctrl Pts',(-20.,-178.482126577499,8.75140715894788));
#14542=CARTESIAN_POINT('Ctrl Pts',(-20.,-178.668600900772,8.92753977832883));
#14543=CARTESIAN_POINT('',(-16.,-178.668600900772,8.92753977832883));
#14544=CARTESIAN_POINT('Ctrl Pts',(-16.,-178.152515276077,8.58186115083783));
#14545=CARTESIAN_POINT('Ctrl Pts',(-16.,-178.482126577499,8.75140715894788));
#14546=CARTESIAN_POINT('Ctrl Pts',(-16.,-178.668600900772,8.92753977832883));
#14547=CARTESIAN_POINT('',(-20.,-178.668600900772,8.92753977832883));
#14548=CARTESIAN_POINT('Origin',(-20.,-177.610163076523,8.40706218538373));
#14549=CARTESIAN_POINT('',(-19.2,-177.610163076523,8.40706218538373));
#14550=CARTESIAN_POINT('',(-19.2,-177.251105847099,8.43270871461698));
#14551=CARTESIAN_POINT('',(-16.,-177.610163076523,8.40706218538373));
#14552=CARTESIAN_POINT('',(-20.,-177.610163076523,8.40706218538373));
#14553=CARTESIAN_POINT('',(-16.,-177.610163076523,8.40706218538373));
#14554=CARTESIAN_POINT('Ctrl Pts',(-20.,-177.549757345321,8.0764647251138));
#14555=CARTESIAN_POINT('Ctrl Pts',(-16.,-177.549757345321,8.0764647251138));
#14556=CARTESIAN_POINT('Ctrl Pts',(-20.,-177.549757345321,8.26014835891812));
#14557=CARTESIAN_POINT('Ctrl Pts',(-16.,-177.549757345321,8.26014835891812));
#14558=CARTESIAN_POINT('Ctrl Pts',(-20.,-177.610163076523,8.40706218538373));
#14559=CARTESIAN_POINT('Ctrl Pts',(-16.,-177.610163076523,8.40706218538373));
#14560=CARTESIAN_POINT('',(-19.2,-177.549757345321,8.0764647251138));
#14561=CARTESIAN_POINT('Ctrl Pts',(-19.2,-177.549757345321,8.0764647251138));
#14562=CARTESIAN_POINT('Ctrl Pts',(-19.2,-177.549757345321,8.19892048098335));
#14563=CARTESIAN_POINT('Ctrl Pts',(-19.2,-177.569892589055,8.30911963440666));
#14564=CARTESIAN_POINT('Ctrl Pts',(-19.2,-177.610163076523,8.40706218538373));
#14565=CARTESIAN_POINT('',(-16.,-177.549757345321,8.0764647251138));
#14566=CARTESIAN_POINT('',(-20.,-177.549757345321,8.0764647251138));
#14567=CARTESIAN_POINT('Ctrl Pts',(-16.,-177.549757345321,8.0764647251138));
#14568=CARTESIAN_POINT('Ctrl Pts',(-16.,-177.549757345321,8.26014835891812));
#14569=CARTESIAN_POINT('Ctrl Pts',(-16.,-177.610163076523,8.40706218538373));
#14570=CARTESIAN_POINT('Ctrl Pts',(-20.,-177.654811723831,7.94789452610104));
#14571=CARTESIAN_POINT('Ctrl Pts',(-16.,-177.654811723831,7.94789452610104));
#14572=CARTESIAN_POINT('Ctrl Pts',(-20.,-177.549757345321,7.94789452610104));
#14573=CARTESIAN_POINT('Ctrl Pts',(-16.,-177.549757345321,7.94789452610104));
#14574=CARTESIAN_POINT('Ctrl Pts',(-20.,-177.549757345321,8.0764647251138));
#14575=CARTESIAN_POINT('Ctrl Pts',(-16.,-177.549757345321,8.0764647251138));
#14576=CARTESIAN_POINT('',(-19.2,-177.596832042888,7.96194665214282));
#14577=CARTESIAN_POINT('Ctrl Pts',(-19.2,-177.596832042888,7.96194665214281));
#14578=CARTESIAN_POINT('Ctrl Pts',(-19.2,-177.59168026722,7.96506049915883));
#14579=CARTESIAN_POINT('Ctrl Pts',(-19.2,-177.586886060456,7.96873131225705));
#14580=CARTESIAN_POINT('Ctrl Pts',(-19.2,-177.574604317275,7.98063123770416));
#14581=CARTESIAN_POINT('Ctrl Pts',(-19.2,-177.568505671502,7.98965990294988));
#14582=CARTESIAN_POINT('Ctrl Pts',(-19.2,-177.558748706672,8.01034838761774));
#14583=CARTESIAN_POINT('Ctrl Pts',(-19.2,-177.555416697598,8.02201297905151));
#14584=CARTESIAN_POINT('Ctrl Pts',(-19.2,-177.550717894855,8.04769008773112));
#14585=CARTESIAN_POINT('Ctrl Pts',(-19.2,-177.549757345321,8.06226883959911));
#14586=CARTESIAN_POINT('Ctrl Pts',(-19.2,-177.549757345321,8.0764647251138));
#14587=CARTESIAN_POINT('',(-20.,-177.596832042888,7.96194665214282));
#14588=CARTESIAN_POINT('Ctrl Pts',(-20.,-177.596832042888,7.9619466521428));
#14589=CARTESIAN_POINT('Ctrl Pts',(-19.7333333333333,-177.596832042888,
7.9619466521428));
#14590=CARTESIAN_POINT('Ctrl Pts',(-19.4666666666667,-177.596832042888,
7.96194665214282));
#14591=CARTESIAN_POINT('Ctrl Pts',(-19.2,-177.596832042888,7.96194665214282));
#14592=CARTESIAN_POINT('',(-20.,-177.654811723831,7.94789452610104));
#14593=CARTESIAN_POINT('Ctrl Pts',(-20.,-177.654811723831,7.94789452610104));
#14594=CARTESIAN_POINT('Ctrl Pts',(-20.,-177.620080905359,7.94789452610106));
#14595=CARTESIAN_POINT('Ctrl Pts',(-20.,-177.596832042888,7.96194665214282));
#14596=CARTESIAN_POINT('',(-16.,-177.654811723831,7.94789452610104));
#14597=CARTESIAN_POINT('',(-20.,-177.654811723831,7.94789452610104));
#14598=CARTESIAN_POINT('Ctrl Pts',(-16.,-177.654811723831,7.94789452610104));
#14599=CARTESIAN_POINT('Ctrl Pts',(-16.,-177.549757345321,7.94789452610104));
#14600=CARTESIAN_POINT('Ctrl Pts',(-16.,-177.549757345321,8.0764647251138));
#14601=CARTESIAN_POINT('Ctrl Pts',(-20.,-178.258883340957,8.32084257660001));
#14602=CARTESIAN_POINT('Ctrl Pts',(-16.,-178.258883340957,8.32084257660001));
#14603=CARTESIAN_POINT('Ctrl Pts',(-20.,-177.812396867874,7.94789452610104));
#14604=CARTESIAN_POINT('Ctrl Pts',(-16.,-177.812396867874,7.94789452610104));
#14605=CARTESIAN_POINT('Ctrl Pts',(-20.,-177.654811723831,7.94789452610104));
#14606=CARTESIAN_POINT('Ctrl Pts',(-16.,-177.654811723831,7.94789452610104));
#14607=CARTESIAN_POINT('',(-20.,-178.258883340957,8.32084257660001));
#14608=CARTESIAN_POINT('Ctrl Pts',(-20.,-178.258883340957,8.32084257660001));
#14609=CARTESIAN_POINT('Ctrl Pts',(-20.,-177.812396867874,7.94789452610104));
#14610=CARTESIAN_POINT('Ctrl Pts',(-20.,-177.654811723831,7.94789452610104));
#14611=CARTESIAN_POINT('',(-16.,-178.258883340957,8.32084257660001));
#14612=CARTESIAN_POINT('',(-20.,-178.258883340957,8.32084257660001));
#14613=CARTESIAN_POINT('Ctrl Pts',(-16.,-178.258883340957,8.32084257660001));
#14614=CARTESIAN_POINT('Ctrl Pts',(-16.,-177.812396867874,7.94789452610104));
#14615=CARTESIAN_POINT('Ctrl Pts',(-16.,-177.654811723831,7.94789452610104));
#14616=CARTESIAN_POINT('Ctrl Pts',(-20.,-178.668600900772,8.92753977832883));
#14617=CARTESIAN_POINT('Ctrl Pts',(-16.,-178.668600900772,8.92753977832883));
#14618=CARTESIAN_POINT('Ctrl Pts',(-20.,-178.553039415481,8.56509734449475));
#14619=CARTESIAN_POINT('Ctrl Pts',(-16.,-178.553039415481,8.56509734449475));
#14620=CARTESIAN_POINT('Ctrl Pts',(-20.,-178.258883340957,8.32084257660001));
#14621=CARTESIAN_POINT('Ctrl Pts',(-16.,-178.258883340957,8.32084257660001));
#14622=CARTESIAN_POINT('Ctrl Pts',(-20.,-178.668600900772,8.92753977832883));
#14623=CARTESIAN_POINT('Ctrl Pts',(-20.,-178.553039415481,8.56509734449475));
#14624=CARTESIAN_POINT('Ctrl Pts',(-20.,-178.258883340957,8.32084257660001));
#14625=CARTESIAN_POINT('Ctrl Pts',(-16.,-178.668600900772,8.92753977832883));
#14626=CARTESIAN_POINT('Ctrl Pts',(-16.,-178.553039415481,8.56509734449475));
#14627=CARTESIAN_POINT('Ctrl Pts',(-16.,-178.258883340957,8.32084257660001));
#14628=CARTESIAN_POINT('Origin',(-16.,-178.109179123047,8.43771715221494));
#14629=CARTESIAN_POINT('Ctrl Pts',(-20.,-175.425004346969,6.37731005010694));
#14630=CARTESIAN_POINT('Ctrl Pts',(-16.,-175.425004346969,6.37731005010694));
#14631=CARTESIAN_POINT('Ctrl Pts',(-20.,-175.343586786392,5.95183391628354));
#14632=CARTESIAN_POINT('Ctrl Pts',(-16.,-175.343586786392,5.95183391628354));
#14633=CARTESIAN_POINT('Ctrl Pts',(-20.,-175.343586786392,5.79162378368466));
#14634=CARTESIAN_POINT('Ctrl Pts',(-16.,-175.343586786392,5.79162378368466));
#14635=CARTESIAN_POINT('',(-20.,-175.379494310134,6.12140504147269));
#14636=CARTESIAN_POINT('',(-19.2,-175.379494310134,6.1214050414727));
#14637=CARTESIAN_POINT('Ctrl Pts',(-20.,-175.379494310134,6.12140504147276));
#14638=CARTESIAN_POINT('Ctrl Pts',(-19.7333333333333,-175.379494310134,
6.12140504147276));
#14639=CARTESIAN_POINT('Ctrl Pts',(-19.4666666666667,-175.379494310134,
6.12140504147273));
#14640=CARTESIAN_POINT('Ctrl Pts',(-19.2,-175.379494310134,6.1214050414727));
#14641=CARTESIAN_POINT('',(-20.,-175.425004346969,6.37731005010693));
#14642=CARTESIAN_POINT('Ctrl Pts',(-20.,-175.425004346969,6.37731005010694));
#14643=CARTESIAN_POINT('Ctrl Pts',(-20.,-175.397656213885,6.2343927500859));
#14644=CARTESIAN_POINT('Ctrl Pts',(-20.,-175.379494310134,6.12140504147269));
#14645=CARTESIAN_POINT('',(-16.,-175.425004346969,6.37731005010693));
#14646=CARTESIAN_POINT('',(-20.,-175.425004346969,6.37731005010693));
#14647=CARTESIAN_POINT('',(-16.,-175.343586786392,5.79162378368466));
#14648=CARTESIAN_POINT('Ctrl Pts',(-16.,-175.425004346969,6.37731005010694));
#14649=CARTESIAN_POINT('Ctrl Pts',(-16.,-175.343586786392,5.95183391628354));
#14650=CARTESIAN_POINT('Ctrl Pts',(-16.,-175.343586786392,5.79162378368466));
#14651=CARTESIAN_POINT('',(-19.2,-175.343586786392,5.79162378368466));
#14652=CARTESIAN_POINT('',(-20.,-175.343586786392,5.79162378368466));
#14653=CARTESIAN_POINT('Ctrl Pts',(-19.2,-175.379494310134,6.1214050414727));
#14654=CARTESIAN_POINT('Ctrl Pts',(-19.2,-175.373838661229,6.08622046945958));
#14655=CARTESIAN_POINT('Ctrl Pts',(-19.2,-175.368582739702,6.05154001683539));
#14656=CARTESIAN_POINT('Ctrl Pts',(-19.2,-175.353279731023,5.94145612394314));
#14657=CARTESIAN_POINT('Ctrl Pts',(-19.2,-175.343586786392,5.85558159335781));
#14658=CARTESIAN_POINT('Ctrl Pts',(-19.2,-175.343586786392,5.79162378368466));
#14659=CARTESIAN_POINT('Ctrl Pts',(-20.,-175.343586786392,5.79162378368466));
#14660=CARTESIAN_POINT('Ctrl Pts',(-16.,-175.343586786392,5.79162378368466));
#14661=CARTESIAN_POINT('Ctrl Pts',(-20.,-175.343586786392,5.34776289520352));
#14662=CARTESIAN_POINT('Ctrl Pts',(-16.,-175.343586786392,5.34776289520352));
#14663=CARTESIAN_POINT('Ctrl Pts',(-20.,-175.669259412887,5.34776289520352));
#14664=CARTESIAN_POINT('Ctrl Pts',(-16.,-175.669259412887,5.34776289520352));
#14665=CARTESIAN_POINT('',(-19.2,-175.669259412887,5.34776289520352));
#14666=CARTESIAN_POINT('Ctrl Pts',(-19.2,-175.343586786392,5.79162378368466));
#14667=CARTESIAN_POINT('Ctrl Pts',(-19.2,-175.343586786392,5.49571652469724));
#14668=CARTESIAN_POINT('Ctrl Pts',(-19.2,-175.452144328557,5.34776289520352));
#14669=CARTESIAN_POINT('Ctrl Pts',(-19.2,-175.669259412887,5.34776289520352));
#14670=CARTESIAN_POINT('',(-16.,-175.669259412887,5.34776289520352));
#14671=CARTESIAN_POINT('Ctrl Pts',(-16.,-175.343586786392,5.79162378368466));
#14672=CARTESIAN_POINT('Ctrl Pts',(-16.,-175.343586786392,5.34776289520352));
#14673=CARTESIAN_POINT('Ctrl Pts',(-16.,-175.669259412887,5.34776289520352));
#14674=CARTESIAN_POINT('',(-20.,-175.669259412887,5.34776289520352));
#14675=CARTESIAN_POINT('Ctrl Pts',(-20.,-175.669259412887,5.34776289520352));
#14676=CARTESIAN_POINT('Ctrl Pts',(-16.,-175.669259412887,5.34776289520352));
#14677=CARTESIAN_POINT('Ctrl Pts',(-20.,-175.984427316788,5.34776289520352));
#14678=CARTESIAN_POINT('Ctrl Pts',(-16.,-175.984427316788,5.34776289520352));
#14679=CARTESIAN_POINT('Ctrl Pts',(-20.,-176.303533895614,5.70363957939237));
#14680=CARTESIAN_POINT('Ctrl Pts',(-16.,-176.303533895614,5.70363957939237));
#14681=CARTESIAN_POINT('',(-19.2,-176.275081595858,5.67260772295993));
#14682=CARTESIAN_POINT('Ctrl Pts',(-19.2,-175.669259412887,5.34776289520352));
#14683=CARTESIAN_POINT('Ctrl Pts',(-19.2,-175.870001730875,5.34776289520352));
#14684=CARTESIAN_POINT('Ctrl Pts',(-19.2,-176.071942458532,5.45604450445567));
#14685=CARTESIAN_POINT('Ctrl Pts',(-19.2,-176.275081595858,5.67260772295995));
#14686=CARTESIAN_POINT('',(-16.,-176.303533895614,5.70363957939237));
#14687=CARTESIAN_POINT('Ctrl Pts',(-16.,-175.669259412887,5.34776289520352));
#14688=CARTESIAN_POINT('Ctrl Pts',(-16.,-175.984427316788,5.34776289520352));
#14689=CARTESIAN_POINT('Ctrl Pts',(-16.,-176.303533895614,5.70363957939237));
#14690=CARTESIAN_POINT('',(-20.,-176.303533895614,5.70363957939237));
#14691=CARTESIAN_POINT('',(-20.,-176.303533895614,5.70363957939237));
#14692=CARTESIAN_POINT('',(-20.,-176.275081595858,5.67260772296005));
#14693=CARTESIAN_POINT('Ctrl Pts',(-20.,-176.275081595858,5.67260772296005));
#14694=CARTESIAN_POINT('Ctrl Pts',(-20.,-176.289303829558,5.6877698071597));
#14695=CARTESIAN_POINT('Ctrl Pts',(-20.,-176.303533895614,5.70363957939237));
#14696=CARTESIAN_POINT('Ctrl Pts',(-19.2,-176.275081595858,5.67260772295993));
#14697=CARTESIAN_POINT('Ctrl Pts',(-19.4666666666667,-176.275081595858,
5.67260772295993));
#14698=CARTESIAN_POINT('Ctrl Pts',(-19.7333333333333,-176.275081595858,
5.67260772296008));
#14699=CARTESIAN_POINT('Ctrl Pts',(-20.,-176.275081595858,5.67260772296008));
#14700=CARTESIAN_POINT('Ctrl Pts',(-20.,-177.153171880844,7.35227723178952));
#14701=CARTESIAN_POINT('Ctrl Pts',(-16.,-177.153171880844,7.35227723178952));
#14702=CARTESIAN_POINT('Ctrl Pts',(-20.,-177.494601591232,7.43098695335477));
#14703=CARTESIAN_POINT('Ctrl Pts',(-16.,-177.494601591232,7.43098695335477));
#14704=CARTESIAN_POINT('Ctrl Pts',(-20.,-177.581273897293,7.43098695335477));
#14705=CARTESIAN_POINT('Ctrl Pts',(-16.,-177.581273897293,7.43098695335477));
#14706=CARTESIAN_POINT('',(-19.2,-177.153171880844,7.35227723178952));
#14707=CARTESIAN_POINT('',(-19.2,-177.258553321784,7.37603072007104));
#14708=CARTESIAN_POINT('Ctrl Pts',(-19.2,-177.153171880844,7.35227723178952));
#14709=CARTESIAN_POINT('Ctrl Pts',(-19.2,-177.186043142844,7.35985503712037));
#14710=CARTESIAN_POINT('Ctrl Pts',(-19.2,-177.221907010031,7.36798453445595));
#14711=CARTESIAN_POINT('Ctrl Pts',(-19.2,-177.258553321784,7.37603072007104));
#14712=CARTESIAN_POINT('',(-16.,-177.153171880844,7.35227723178952));
#14713=CARTESIAN_POINT('',(-20.,-177.153171880844,7.35227723178952));
#14714=CARTESIAN_POINT('',(-16.,-177.581273897293,7.43098695335477));
#14715=CARTESIAN_POINT('Ctrl Pts',(-16.,-177.153171880844,7.35227723178952));
#14716=CARTESIAN_POINT('Ctrl Pts',(-16.,-177.494601591232,7.43098695335477));
#14717=CARTESIAN_POINT('Ctrl Pts',(-16.,-177.581273897293,7.43098695335477));
#14718=CARTESIAN_POINT('',(-20.,-177.581273897293,7.43098695335477));
#14719=CARTESIAN_POINT('',(-20.,-177.581273897293,7.43098695335477));
#14720=CARTESIAN_POINT('',(-20.,-177.258553321784,7.37603072007103));
#14721=CARTESIAN_POINT('Ctrl Pts',(-20.,-177.258553321784,7.37603072007103));
#14722=CARTESIAN_POINT('Ctrl Pts',(-20.,-177.508851208761,7.43098695335478));
#14723=CARTESIAN_POINT('Ctrl Pts',(-20.,-177.581273897293,7.43098695335477));
#14724=CARTESIAN_POINT('Ctrl Pts',(-19.2,-177.258553321784,7.37603072007104));
#14725=CARTESIAN_POINT('Ctrl Pts',(-19.4666666666667,-177.258553321784,
7.37603072007104));
#14726=CARTESIAN_POINT('Ctrl Pts',(-19.7333333333333,-177.258553321784,
7.37603072007103));
#14727=CARTESIAN_POINT('Ctrl Pts',(-20.,-177.258553321784,7.37603072007103));
#14728=CARTESIAN_POINT('Ctrl Pts',(-20.,-180.844568594101,5.18098671493619));
#14729=CARTESIAN_POINT('Ctrl Pts',(-16.,-180.844568594101,5.18098671493619));
#14730=CARTESIAN_POINT('Ctrl Pts',(-20.,-180.409900529983,4.86975897607892));
#14731=CARTESIAN_POINT('Ctrl Pts',(-16.,-180.409900529983,4.86975897607892));
#14732=CARTESIAN_POINT('Ctrl Pts',(-20.,-180.052711351517,4.86975897607892));
#14733=CARTESIAN_POINT('Ctrl Pts',(-16.,-180.052711351517,4.86975897607892));
#14734=CARTESIAN_POINT('',(-19.2,-180.844568594101,5.18098671493619));
#14735=CARTESIAN_POINT('',(-19.2,-180.830950141995,5.17129867206105));
#14736=CARTESIAN_POINT('Ctrl Pts',(-19.2,-180.844568594101,5.18098671493619));
#14737=CARTESIAN_POINT('Ctrl Pts',(-19.2,-180.840045217137,5.17774792078366));
#14738=CARTESIAN_POINT('Ctrl Pts',(-19.2,-180.835505625287,5.174518289044));
#14739=CARTESIAN_POINT('Ctrl Pts',(-19.2,-180.830950141995,5.17129867206106));
#14740=CARTESIAN_POINT('',(-16.,-180.844568594101,5.18098671493619));
#14741=CARTESIAN_POINT('',(-20.,-180.844568594101,5.18098671493619));
#14742=CARTESIAN_POINT('',(-16.,-180.052711351517,4.86975897607892));
#14743=CARTESIAN_POINT('Ctrl Pts',(-16.,-180.844568594101,5.18098671493619));
#14744=CARTESIAN_POINT('Ctrl Pts',(-16.,-180.409900529983,4.86975897607892));
#14745=CARTESIAN_POINT('Ctrl Pts',(-16.,-180.052711351517,4.86975897607892));
#14746=CARTESIAN_POINT('',(-20.,-180.052711351517,4.86975897607892));
#14747=CARTESIAN_POINT('',(-20.,-180.052711351517,4.86975897607892));
#14748=CARTESIAN_POINT('',(-20.,-180.830950141995,5.17129867206106));
#14749=CARTESIAN_POINT('Ctrl Pts',(-20.,-180.830950141995,5.17129867206106));
#14750=CARTESIAN_POINT('Ctrl Pts',(-20.,-180.404297203457,4.86975897607889));
#14751=CARTESIAN_POINT('Ctrl Pts',(-20.,-180.052711351517,4.86975897607892));
#14752=CARTESIAN_POINT('Ctrl Pts',(-19.2,-180.830950141995,5.17129867206105));
#14753=CARTESIAN_POINT('Ctrl Pts',(-19.4666666666667,-180.830950141995,
5.17129867206106));
#14754=CARTESIAN_POINT('Ctrl Pts',(-19.7333333333333,-180.830950141995,
5.17129867206104));
#14755=CARTESIAN_POINT('Ctrl Pts',(-20.,-180.830950141995,5.17129867206104));
#14756=CARTESIAN_POINT('Ctrl Pts',(-20.,-176.303533895614,5.70363957939237));
#14757=CARTESIAN_POINT('Ctrl Pts',(-16.,-176.303533895614,5.70363957939237));
#14758=CARTESIAN_POINT('Ctrl Pts',(-20.,-176.59814337826,6.0321961337558));
#14759=CARTESIAN_POINT('Ctrl Pts',(-16.,-176.59814337826,6.0321961337558));
#14760=CARTESIAN_POINT('Ctrl Pts',(-20.,-177.240859077859,7.04689262534305));
#14761=CARTESIAN_POINT('Ctrl Pts',(-16.,-177.240859077859,7.04689262534305));
#14762=CARTESIAN_POINT('',(-20.,-177.240859077859,7.04689262534305));
#14763=CARTESIAN_POINT('Ctrl Pts',(-20.,-176.303533895614,5.70363957939237));
#14764=CARTESIAN_POINT('Ctrl Pts',(-20.,-176.59814337826,6.0321961337558));
#14765=CARTESIAN_POINT('Ctrl Pts',(-20.,-177.240859077859,7.04689262534305));
#14766=CARTESIAN_POINT('',(-16.,-177.240859077859,7.04689262534305));
#14767=CARTESIAN_POINT('Ctrl Pts',(-16.,-176.303533895614,5.70363957939237));
#14768=CARTESIAN_POINT('Ctrl Pts',(-16.,-176.59814337826,6.0321961337558));
#14769=CARTESIAN_POINT('Ctrl Pts',(-16.,-177.240859077859,7.04689262534305));
#14770=CARTESIAN_POINT('',(-20.,-177.240859077859,7.04689262534305));
#14771=CARTESIAN_POINT('Origin',(-20.,-176.034328325393,9.5368637567529));
#14772=CARTESIAN_POINT('',(-20.,-176.034328325393,9.5368637567529));
#14773=CARTESIAN_POINT('',(-20.,-171.543360664131,-13.7503430872482));
#14774=CARTESIAN_POINT('',(-16.,-176.034328325393,9.5368637567529));
#14775=CARTESIAN_POINT('',(-20.,-176.034328325393,9.5368637567529));
#14776=CARTESIAN_POINT('',(-16.,-176.034328325393,9.5368637567529));
#14777=CARTESIAN_POINT('Ctrl Pts',(-20.,-175.34095941365,9.33988411483853));
#14778=CARTESIAN_POINT('Ctrl Pts',(-16.,-175.34095941365,9.33988411483853));
#14779=CARTESIAN_POINT('Ctrl Pts',(-20.,-175.737544878128,9.33988411483853));
#14780=CARTESIAN_POINT('Ctrl Pts',(-16.,-175.737544878128,9.33988411483853));
#14781=CARTESIAN_POINT('Ctrl Pts',(-20.,-176.034328325394,9.5368637567529));
#14782=CARTESIAN_POINT('Ctrl Pts',(-16.,-176.034328325394,9.5368637567529));
#14783=CARTESIAN_POINT('',(-20.,-175.34095941365,9.33988411483853));
#14784=CARTESIAN_POINT('Ctrl Pts',(-20.,-175.34095941365,9.33988411483853));
#14785=CARTESIAN_POINT('Ctrl Pts',(-20.,-175.737544878128,9.33988411483853));
#14786=CARTESIAN_POINT('Ctrl Pts',(-20.,-176.034328325394,9.5368637567529));
#14787=CARTESIAN_POINT('',(-16.,-175.34095941365,9.33988411483853));
#14788=CARTESIAN_POINT('',(-20.,-175.34095941365,9.33988411483853));
#14789=CARTESIAN_POINT('Ctrl Pts',(-16.,-175.34095941365,9.33988411483853));
#14790=CARTESIAN_POINT('Ctrl Pts',(-16.,-175.737544878128,9.33988411483853));
#14791=CARTESIAN_POINT('Ctrl Pts',(-16.,-176.034328325394,9.5368637567529));
#14792=CARTESIAN_POINT('Ctrl Pts',(-20.,-174.629206045273,9.51847900209515));
#14793=CARTESIAN_POINT('Ctrl Pts',(-16.,-174.629206045273,9.51847900209515));
#14794=CARTESIAN_POINT('Ctrl Pts',(-20.,-174.944373949173,9.33988411483853));
#14795=CARTESIAN_POINT('Ctrl Pts',(-16.,-174.944373949173,9.33988411483853));
#14796=CARTESIAN_POINT('Ctrl Pts',(-20.,-175.34095941365,9.33988411483853));
#14797=CARTESIAN_POINT('Ctrl Pts',(-16.,-175.34095941365,9.33988411483853));
#14798=CARTESIAN_POINT('',(-20.,-174.629206045273,9.51847900209515));
#14799=CARTESIAN_POINT('Ctrl Pts',(-20.,-174.629206045273,9.51847900209515));
#14800=CARTESIAN_POINT('Ctrl Pts',(-20.,-174.944373949173,9.33988411483853));
#14801=CARTESIAN_POINT('Ctrl Pts',(-20.,-175.34095941365,9.33988411483853));
#14802=CARTESIAN_POINT('',(-16.,-174.629206045273,9.51847900209515));
#14803=CARTESIAN_POINT('',(-20.,-174.629206045273,9.51847900209515));
#14804=CARTESIAN_POINT('Ctrl Pts',(-16.,-174.629206045273,9.51847900209515));
#14805=CARTESIAN_POINT('Ctrl Pts',(-16.,-174.944373949173,9.33988411483853));
#14806=CARTESIAN_POINT('Ctrl Pts',(-16.,-175.34095941365,9.33988411483853));
#14807=CARTESIAN_POINT('Origin',(-20.,-174.629206045273,9.45807178077786));
#14808=CARTESIAN_POINT('',(-20.,-174.629206045273,9.45807178077786));
#14809=CARTESIAN_POINT('',(-20.,-174.629206045273,4.72903589038893));
#14810=CARTESIAN_POINT('',(-16.,-174.629206045273,9.45807178077786));
#14811=CARTESIAN_POINT('',(-20.,-174.629206045273,9.45807178077786));
#14812=CARTESIAN_POINT('',(-16.,-174.629206045273,9.45807178077786));
#14813=CARTESIAN_POINT('Ctrl Pts',(-20.,-175.233277662399,8.95380396900265));
#14814=CARTESIAN_POINT('Ctrl Pts',(-16.,-175.233277662399,8.95380396900265));
#14815=CARTESIAN_POINT('Ctrl Pts',(-20.,-174.629206045273,8.95380396900265));
#14816=CARTESIAN_POINT('Ctrl Pts',(-16.,-174.629206045273,8.95380396900265));
#14817=CARTESIAN_POINT('Ctrl Pts',(-20.,-174.629206045273,9.45807178077786));
#14818=CARTESIAN_POINT('Ctrl Pts',(-16.,-174.629206045273,9.45807178077786));
#14819=CARTESIAN_POINT('',(-20.,-175.233277662399,8.95380396900265));
#14820=CARTESIAN_POINT('Ctrl Pts',(-20.,-175.233277662399,8.95380396900265));
#14821=CARTESIAN_POINT('Ctrl Pts',(-20.,-174.629206045273,8.95380396900265));
#14822=CARTESIAN_POINT('Ctrl Pts',(-20.,-174.629206045273,9.45807178077786));
#14823=CARTESIAN_POINT('',(-16.,-175.233277662399,8.95380396900265));
#14824=CARTESIAN_POINT('',(-20.,-175.233277662399,8.95380396900265));
#14825=CARTESIAN_POINT('Ctrl Pts',(-16.,-175.233277662399,8.95380396900265));
#14826=CARTESIAN_POINT('Ctrl Pts',(-16.,-174.629206045273,8.95380396900265));
#14827=CARTESIAN_POINT('Ctrl Pts',(-16.,-174.629206045273,9.45807178077786));
#14828=CARTESIAN_POINT('Ctrl Pts',(-20.,-175.411872251633,8.96956224498837));
#14829=CARTESIAN_POINT('Ctrl Pts',(-16.,-175.411872251633,8.96956224498837));
#14830=CARTESIAN_POINT('Ctrl Pts',(-20.,-175.309442861679,8.95380396900265));
#14831=CARTESIAN_POINT('Ctrl Pts',(-16.,-175.309442861679,8.95380396900265));
#14832=CARTESIAN_POINT('Ctrl Pts',(-20.,-175.233277662399,8.95380396900265));
#14833=CARTESIAN_POINT('Ctrl Pts',(-16.,-175.233277662399,8.95380396900265));
#14834=CARTESIAN_POINT('',(-20.,-175.411872251633,8.96956224498837));
#14835=CARTESIAN_POINT('Ctrl Pts',(-20.,-175.411872251633,8.96956224498837));
#14836=CARTESIAN_POINT('Ctrl Pts',(-20.,-175.309442861679,8.95380396900265));
#14837=CARTESIAN_POINT('Ctrl Pts',(-20.,-175.233277662399,8.95380396900265));
#14838=CARTESIAN_POINT('',(-16.,-175.411872251633,8.96956224498837));
#14839=CARTESIAN_POINT('',(-20.,-175.411872251633,8.96956224498837));
#14840=CARTESIAN_POINT('Ctrl Pts',(-16.,-175.411872251633,8.96956224498837));
#14841=CARTESIAN_POINT('Ctrl Pts',(-16.,-175.309442861679,8.95380396900265));
#14842=CARTESIAN_POINT('Ctrl Pts',(-16.,-175.233277662399,8.95380396900265));
#14843=CARTESIAN_POINT('Origin',(-20.,-174.889218195083,6.33791406211942));
#14844=CARTESIAN_POINT('',(-20.,-174.889218195083,6.33791406211942));
#14845=CARTESIAN_POINT('',(-20.,-170.491182820786,-15.8069093749801));
#14846=CARTESIAN_POINT('',(-16.,-174.889218195083,6.33791406211942));
#14847=CARTESIAN_POINT('',(-20.,-174.889218195083,6.33791406211942));
#14848=CARTESIAN_POINT('',(-16.,-174.889218195083,6.33791406211942));
#14849=CARTESIAN_POINT('Ctrl Pts',(-20.,-174.810428007248,5.72859038171857));
#14850=CARTESIAN_POINT('Ctrl Pts',(-16.,-174.810428007248,5.72859038171857));
#14851=CARTESIAN_POINT('Ctrl Pts',(-20.,-174.810428007248,5.94395477829068));
#14852=CARTESIAN_POINT('Ctrl Pts',(-16.,-174.810428007248,5.94395477829068));
#14853=CARTESIAN_POINT('Ctrl Pts',(-20.,-174.889218195083,6.33791406211942));
#14854=CARTESIAN_POINT('Ctrl Pts',(-16.,-174.889218195083,6.33791406211942));
#14855=CARTESIAN_POINT('',(-20.,-174.810428007248,5.72859038171857));
#14856=CARTESIAN_POINT('Ctrl Pts',(-20.,-174.810428007248,5.72859038171857));
#14857=CARTESIAN_POINT('Ctrl Pts',(-20.,-174.810428007248,5.94395477829068));
#14858=CARTESIAN_POINT('Ctrl Pts',(-20.,-174.889218195083,6.33791406211942));
#14859=CARTESIAN_POINT('',(-16.,-174.810428007248,5.72859038171857));
#14860=CARTESIAN_POINT('',(-20.,-174.810428007248,5.72859038171857));
#14861=CARTESIAN_POINT('Ctrl Pts',(-16.,-174.810428007248,5.72859038171857));
#14862=CARTESIAN_POINT('Ctrl Pts',(-16.,-174.810428007248,5.94395477829068));
#14863=CARTESIAN_POINT('Ctrl Pts',(-16.,-174.889218195083,6.33791406211942));
#14864=CARTESIAN_POINT('Ctrl Pts',(-20.,-174.999527319076,5.10744769630521));
#14865=CARTESIAN_POINT('Ctrl Pts',(-16.,-174.999527319076,5.10744769630521));
#14866=CARTESIAN_POINT('Ctrl Pts',(-20.,-174.810428007248,5.3451364165315));
#14867=CARTESIAN_POINT('Ctrl Pts',(-16.,-174.810428007248,5.3451364165315));
#14868=CARTESIAN_POINT('Ctrl Pts',(-20.,-174.810428007248,5.72859038171857));
#14869=CARTESIAN_POINT('Ctrl Pts',(-16.,-174.810428007248,5.72859038171857));
#14870=CARTESIAN_POINT('',(-19.2,-174.89466733332,5.28166008475136));
#14871=CARTESIAN_POINT('',(-20.,-174.89466733332,5.28166008475131));
#14872=CARTESIAN_POINT('Ctrl Pts',(-19.2,-174.89466733332,5.28166008475136));
#14873=CARTESIAN_POINT('Ctrl Pts',(-19.4666666666667,-174.89466733332,5.28166008475135));
#14874=CARTESIAN_POINT('Ctrl Pts',(-19.7333333333333,-174.89466733332,5.28166008475127));
#14875=CARTESIAN_POINT('Ctrl Pts',(-20.,-174.89466733332,5.28166008475127));
#14876=CARTESIAN_POINT('',(-19.2,-174.999527319076,5.10744769630521));
#14877=CARTESIAN_POINT('Ctrl Pts',(-19.2,-174.999527319076,5.10744769630521));
#14878=CARTESIAN_POINT('Ctrl Pts',(-19.2,-174.956715246254,5.16126040826561));
#14879=CARTESIAN_POINT('Ctrl Pts',(-19.2,-174.922050442985,5.21957376901658));
#14880=CARTESIAN_POINT('Ctrl Pts',(-19.2,-174.89466733332,5.28166008475136));
#14881=CARTESIAN_POINT('',(-16.,-174.999527319076,5.10744769630521));
#14882=CARTESIAN_POINT('',(-20.,-174.999527319076,5.10744769630521));
#14883=CARTESIAN_POINT('Ctrl Pts',(-16.,-174.999527319076,5.10744769630521));
#14884=CARTESIAN_POINT('Ctrl Pts',(-16.,-174.810428007248,5.3451364165315));
#14885=CARTESIAN_POINT('Ctrl Pts',(-16.,-174.810428007248,5.72859038171857));
#14886=CARTESIAN_POINT('Ctrl Pts',(-20.,-174.89466733332,5.28166008475131));
#14887=CARTESIAN_POINT('Ctrl Pts',(-20.,-174.810428007248,5.47265772745278));
#14888=CARTESIAN_POINT('Ctrl Pts',(-20.,-174.810428007248,5.72859038171857));
#14889=CARTESIAN_POINT('Ctrl Pts',(-20.,-175.495917184952,4.86975897607892));
#14890=CARTESIAN_POINT('Ctrl Pts',(-16.,-175.495917184952,4.86975897607892));
#14891=CARTESIAN_POINT('Ctrl Pts',(-20.,-175.188629015091,4.86975897607892));
#14892=CARTESIAN_POINT('Ctrl Pts',(-16.,-175.188629015091,4.86975897607892));
#14893=CARTESIAN_POINT('Ctrl Pts',(-20.,-174.999527319076,5.10744769630521));
#14894=CARTESIAN_POINT('Ctrl Pts',(-16.,-174.999527319076,5.10744769630521));
#14895=CARTESIAN_POINT('',(-19.2,-175.495917184952,4.86975897607892));
#14896=CARTESIAN_POINT('Ctrl Pts',(-19.2,-175.495917184952,4.86975897607892));
#14897=CARTESIAN_POINT('Ctrl Pts',(-19.2,-175.291058405044,4.86975897607892));
#14898=CARTESIAN_POINT('Ctrl Pts',(-19.2,-175.125595116419,4.94898854948768));
#14899=CARTESIAN_POINT('Ctrl Pts',(-19.2,-174.999527319076,5.10744769630521));
#14900=CARTESIAN_POINT('',(-16.,-175.495917184952,4.86975897607892));
#14901=CARTESIAN_POINT('',(-20.,-175.495917184952,4.86975897607892));
#14902=CARTESIAN_POINT('Ctrl Pts',(-16.,-175.495917184952,4.86975897607892));
#14903=CARTESIAN_POINT('Ctrl Pts',(-16.,-175.188629015091,4.86975897607892));
#14904=CARTESIAN_POINT('Ctrl Pts',(-16.,-174.999527319076,5.10744769630521));
#14905=CARTESIAN_POINT('Ctrl Pts',(-20.,-176.46768270314,5.45675833282559));
#14906=CARTESIAN_POINT('Ctrl Pts',(-16.,-176.46768270314,5.45675833282559));
#14907=CARTESIAN_POINT('Ctrl Pts',(-20.,-175.918766840103,4.86975897607892));
#14908=CARTESIAN_POINT('Ctrl Pts',(-16.,-175.918766840103,4.86975897607892));
#14909=CARTESIAN_POINT('Ctrl Pts',(-20.,-175.495917184952,4.86975897607892));
#14910=CARTESIAN_POINT('Ctrl Pts',(-16.,-175.495917184952,4.86975897607892));
#14911=CARTESIAN_POINT('',(-19.2,-175.870485434873,4.97182661558566));
#14912=CARTESIAN_POINT('Ctrl Pts',(-19.2,-175.870485434873,4.97182661558569));
#14913=CARTESIAN_POINT('Ctrl Pts',(-19.2,-175.738322540458,4.90378152258117));
#14914=CARTESIAN_POINT('Ctrl Pts',(-19.2,-175.613466457151,4.86975897607892));
#14915=CARTESIAN_POINT('Ctrl Pts',(-19.2,-175.495917184952,4.86975897607892));
#14916=CARTESIAN_POINT('',(-20.,-175.870485434873,4.97182661558567));
#14917=CARTESIAN_POINT('Ctrl Pts',(-20.,-175.870485434872,4.97182661558565));
#14918=CARTESIAN_POINT('Ctrl Pts',(-19.7333333333333,-175.870485434872,
4.97182661558565));
#14919=CARTESIAN_POINT('Ctrl Pts',(-19.4666666666667,-175.870485434872,
4.97182661558566));
#14920=CARTESIAN_POINT('Ctrl Pts',(-19.2,-175.870485434873,4.97182661558566));
#14921=CARTESIAN_POINT('',(-20.,-176.46768270314,5.45675833282559));
#14922=CARTESIAN_POINT('Ctrl Pts',(-20.,-176.46768270314,5.45675833282559));
#14923=CARTESIAN_POINT('Ctrl Pts',(-20.,-176.147659045923,5.11453160268393));
#14924=CARTESIAN_POINT('Ctrl Pts',(-20.,-175.870485434873,4.97182661558567));
#14925=CARTESIAN_POINT('',(-16.,-176.46768270314,5.45675833282559));
#14926=CARTESIAN_POINT('',(-20.,-176.46768270314,5.45675833282559));
#14927=CARTESIAN_POINT('Ctrl Pts',(-16.,-176.46768270314,5.45675833282559));
#14928=CARTESIAN_POINT('Ctrl Pts',(-16.,-175.918766840103,4.86975897607892));
#14929=CARTESIAN_POINT('Ctrl Pts',(-16.,-175.495917184952,4.86975897607892));
#14930=CARTESIAN_POINT('Ctrl Pts',(-20.,-177.135680706728,6.33897826464824));
#14931=CARTESIAN_POINT('Ctrl Pts',(-16.,-177.135680706728,6.33897826464824));
#14932=CARTESIAN_POINT('Ctrl Pts',(-20.,-176.802659267809,5.8149753952695));
#14933=CARTESIAN_POINT('Ctrl Pts',(-16.,-176.802659267809,5.8149753952695));
#14934=CARTESIAN_POINT('Ctrl Pts',(-20.,-176.46768270314,5.45675833282559));
#14935=CARTESIAN_POINT('Ctrl Pts',(-16.,-176.46768270314,5.45675833282559));
#14936=CARTESIAN_POINT('',(-20.,-177.135680706728,6.33897826464825));
#14937=CARTESIAN_POINT('Ctrl Pts',(-20.,-177.135680706728,6.33897826464824));
#14938=CARTESIAN_POINT('Ctrl Pts',(-20.,-176.802659267809,5.8149753952695));
#14939=CARTESIAN_POINT('Ctrl Pts',(-20.,-176.46768270314,5.45675833282559));
#14940=CARTESIAN_POINT('',(-16.,-177.135680706728,6.33897826464825));
#14941=CARTESIAN_POINT('',(-20.,-177.135680706728,6.33897826464825));
#14942=CARTESIAN_POINT('Ctrl Pts',(-16.,-177.135680706728,6.33897826464824));
#14943=CARTESIAN_POINT('Ctrl Pts',(-16.,-176.802659267809,5.8149753952695));
#14944=CARTESIAN_POINT('Ctrl Pts',(-16.,-176.46768270314,5.45675833282559));
#14945=CARTESIAN_POINT('Ctrl Pts',(-20.,-177.240859077859,7.04689262534305));
#14946=CARTESIAN_POINT('Ctrl Pts',(-16.,-177.240859077859,7.04689262534305));
#14947=CARTESIAN_POINT('Ctrl Pts',(-20.,-177.229356591529,6.81201602642373));
#14948=CARTESIAN_POINT('Ctrl Pts',(-16.,-177.229356591529,6.81201602642373));
#14949=CARTESIAN_POINT('Ctrl Pts',(-20.,-177.135680706728,6.33897826464825));
#14950=CARTESIAN_POINT('Ctrl Pts',(-16.,-177.135680706728,6.33897826464825));
#14951=CARTESIAN_POINT('Ctrl Pts',(-20.,-177.240859077859,7.04689262534305));
#14952=CARTESIAN_POINT('Ctrl Pts',(-20.,-177.229356591529,6.81201602642373));
#14953=CARTESIAN_POINT('Ctrl Pts',(-20.,-177.135680706728,6.33897826464825));
#14954=CARTESIAN_POINT('',(-20.,-177.240859077859,7.04689262534305));
#14955=CARTESIAN_POINT('Ctrl Pts',(-16.,-177.240859077859,7.04689262534305));
#14956=CARTESIAN_POINT('Ctrl Pts',(-16.,-177.229356591529,6.81201602642373));
#14957=CARTESIAN_POINT('Ctrl Pts',(-16.,-177.135680706728,6.33897826464825));
#14958=CARTESIAN_POINT('',(-20.,-177.135680706728,6.33897826464825));
#14959=CARTESIAN_POINT('Origin',(-16.,-175.935032561566,7.20331136641591));
#14960=CARTESIAN_POINT('Origin',(-20.,-177.560264452103,7.07593132314771));
#14961=CARTESIAN_POINT('',(-20.,-177.560264452103,7.07593132314771));
#14962=CARTESIAN_POINT('',(-20.,-177.350150926712,7.22038288173764));
#14963=CARTESIAN_POINT('',(-20.,-110.437702439988,53.2222166761426));
#14964=CARTESIAN_POINT('',(-16.,-177.560264452103,7.07593132314771));
#14965=CARTESIAN_POINT('',(-20.,-177.560264452103,7.07593132314771));
#14966=CARTESIAN_POINT('',(-16.,-177.350150926712,7.22038288173764));
#14967=CARTESIAN_POINT('',(-16.,-177.350150926712,7.22038288173764));
#14968=CARTESIAN_POINT('',(-20.,-177.350150926712,7.22038288173764));
#14969=CARTESIAN_POINT('Ctrl Pts',(-20.,-177.135680706728,6.33897826464826));
#14970=CARTESIAN_POINT('Ctrl Pts',(-16.,-177.135680706728,6.33897826464826));
#14971=CARTESIAN_POINT('Ctrl Pts',(-20.,-177.348371326009,6.67364288910754));
#14972=CARTESIAN_POINT('Ctrl Pts',(-16.,-177.348371326009,6.67364288910754));
#14973=CARTESIAN_POINT('Ctrl Pts',(-20.,-177.560264452103,7.07593132314771));
#14974=CARTESIAN_POINT('Ctrl Pts',(-16.,-177.560264452103,7.07593132314771));
#14975=CARTESIAN_POINT('Ctrl Pts',(-20.,-177.135680706728,6.33897826464826));
#14976=CARTESIAN_POINT('Ctrl Pts',(-20.,-177.348371326009,6.67364288910754));
#14977=CARTESIAN_POINT('Ctrl Pts',(-20.,-177.560264452103,7.07593132314771));
#14978=CARTESIAN_POINT('Ctrl Pts',(-16.,-177.135680706728,6.33897826464826));
#14979=CARTESIAN_POINT('Ctrl Pts',(-16.,-177.348371326009,6.67364288910754));
#14980=CARTESIAN_POINT('Ctrl Pts',(-16.,-177.560264452103,7.07593132314771));
#14981=CARTESIAN_POINT('Ctrl Pts',(-20.,-177.113775594833,6.23056013641446));
#14982=CARTESIAN_POINT('Ctrl Pts',(-16.,-177.113775594833,6.23056013641446));
#14983=CARTESIAN_POINT('Ctrl Pts',(-20.,-177.125238674264,6.28624883832933));
#14984=CARTESIAN_POINT('Ctrl Pts',(-16.,-177.125238674264,6.28624883832933));
#14985=CARTESIAN_POINT('Ctrl Pts',(-20.,-177.135680706728,6.33897826464825));
#14986=CARTESIAN_POINT('Ctrl Pts',(-16.,-177.135680706728,6.33897826464825));
#14987=CARTESIAN_POINT('',(-20.,-177.113775594833,6.23056013641446));
#14988=CARTESIAN_POINT('Ctrl Pts',(-20.,-177.113775594833,6.23056013641446));
#14989=CARTESIAN_POINT('Ctrl Pts',(-20.,-177.125238674264,6.28624883832933));
#14990=CARTESIAN_POINT('Ctrl Pts',(-20.,-177.135680706728,6.33897826464825));
#14991=CARTESIAN_POINT('',(-16.,-177.113775594833,6.23056013641446));
#14992=CARTESIAN_POINT('',(-20.,-177.113775594833,6.23056013641446));
#14993=CARTESIAN_POINT('Ctrl Pts',(-16.,-177.113775594833,6.23056013641446));
#14994=CARTESIAN_POINT('Ctrl Pts',(-16.,-177.125238674264,6.28624883832933));
#14995=CARTESIAN_POINT('Ctrl Pts',(-16.,-177.135680706728,6.33897826464825));
#14996=CARTESIAN_POINT('Origin',(-20.,-177.055994852188,5.94157446680158));
#14997=CARTESIAN_POINT('',(-20.,-177.055994852188,5.94157446680158));
#14998=CARTESIAN_POINT('',(-20.,-172.601265914121,-16.3383888250298));
#14999=CARTESIAN_POINT('',(-16.,-177.055994852188,5.94157446680158));
#15000=CARTESIAN_POINT('',(-20.,-177.055994852188,5.94157446680158));
#15001=CARTESIAN_POINT('',(-16.,-177.055994852188,5.94157446680158));
#15002=CARTESIAN_POINT('Ctrl Pts',(-20.,-177.00346647084,5.56591798124402));
#15003=CARTESIAN_POINT('Ctrl Pts',(-16.,-177.00346647084,5.56591798124402));
#15004=CARTESIAN_POINT('Ctrl Pts',(-20.,-177.00346647084,5.68414677438825));
#15005=CARTESIAN_POINT('Ctrl Pts',(-16.,-177.00346647084,5.68414677438825));
#15006=CARTESIAN_POINT('Ctrl Pts',(-20.,-177.055994852188,5.94157446680158));
#15007=CARTESIAN_POINT('Ctrl Pts',(-16.,-177.055994852188,5.94157446680158));
#15008=CARTESIAN_POINT('',(-20.,-177.00346647084,5.56591798124402));
#15009=CARTESIAN_POINT('Ctrl Pts',(-20.,-177.00346647084,5.56591798124402));
#15010=CARTESIAN_POINT('Ctrl Pts',(-20.,-177.00346647084,5.68414677438825));
#15011=CARTESIAN_POINT('Ctrl Pts',(-20.,-177.055994852188,5.94157446680158));
#15012=CARTESIAN_POINT('',(-16.,-177.00346647084,5.56591798124402));
#15013=CARTESIAN_POINT('',(-20.,-177.00346647084,5.56591798124402));
#15014=CARTESIAN_POINT('Ctrl Pts',(-16.,-177.00346647084,5.56591798124402));
#15015=CARTESIAN_POINT('Ctrl Pts',(-16.,-177.00346647084,5.68414677438825));
#15016=CARTESIAN_POINT('Ctrl Pts',(-16.,-177.055994852188,5.94157446680158));
#15017=CARTESIAN_POINT('Ctrl Pts',(-20.,-177.183374746445,5.06152678785413));
#15018=CARTESIAN_POINT('Ctrl Pts',(-16.,-177.183374746445,5.06152678785413));
#15019=CARTESIAN_POINT('Ctrl Pts',(-20.,-177.00346647084,5.25329489765256));
#15020=CARTESIAN_POINT('Ctrl Pts',(-16.,-177.00346647084,5.25329489765256));
#15021=CARTESIAN_POINT('Ctrl Pts',(-20.,-177.00346647084,5.56591798124402));
#15022=CARTESIAN_POINT('Ctrl Pts',(-16.,-177.00346647084,5.56591798124402));
#15023=CARTESIAN_POINT('',(-20.,-177.183374746445,5.06152678785413));
#15024=CARTESIAN_POINT('Ctrl Pts',(-20.,-177.183374746445,5.06152678785413));
#15025=CARTESIAN_POINT('Ctrl Pts',(-20.,-177.00346647084,5.25329489765256));
#15026=CARTESIAN_POINT('Ctrl Pts',(-20.,-177.00346647084,5.56591798124402));
#15027=CARTESIAN_POINT('',(-16.,-177.183374746445,5.06152678785413));
#15028=CARTESIAN_POINT('',(-20.,-177.183374746445,5.06152678785413));
#15029=CARTESIAN_POINT('Ctrl Pts',(-16.,-177.183374746445,5.06152678785413));
#15030=CARTESIAN_POINT('Ctrl Pts',(-16.,-177.00346647084,5.25329489765256));
#15031=CARTESIAN_POINT('Ctrl Pts',(-16.,-177.00346647084,5.56591798124402));
#15032=CARTESIAN_POINT('Ctrl Pts',(-20.,-177.657439096573,4.86975897607892));
#15033=CARTESIAN_POINT('Ctrl Pts',(-16.,-177.657439096573,4.86975897607892));
#15034=CARTESIAN_POINT('Ctrl Pts',(-20.,-177.363283022049,4.86975897607892));
#15035=CARTESIAN_POINT('Ctrl Pts',(-16.,-177.363283022049,4.86975897607892));
#15036=CARTESIAN_POINT('Ctrl Pts',(-20.,-177.183374746445,5.06152678785413));
#15037=CARTESIAN_POINT('Ctrl Pts',(-16.,-177.183374746445,5.06152678785413));
#15038=CARTESIAN_POINT('',(-20.,-177.657439096573,4.86975897607892));
#15039=CARTESIAN_POINT('Ctrl Pts',(-20.,-177.657439096573,4.86975897607892));
#15040=CARTESIAN_POINT('Ctrl Pts',(-20.,-177.363283022049,4.86975897607892));
#15041=CARTESIAN_POINT('Ctrl Pts',(-20.,-177.183374746445,5.06152678785413));
#15042=CARTESIAN_POINT('',(-16.,-177.657439096573,4.86975897607892));
#15043=CARTESIAN_POINT('',(-20.,-177.657439096573,4.86975897607892));
#15044=CARTESIAN_POINT('Ctrl Pts',(-16.,-177.657439096573,4.86975897607892));
#15045=CARTESIAN_POINT('Ctrl Pts',(-16.,-177.363283022049,4.86975897607892));
#15046=CARTESIAN_POINT('Ctrl Pts',(-16.,-177.183374746445,5.06152678785413));
#15047=CARTESIAN_POINT('Ctrl Pts',(-20.,-178.747393472793,5.45698393640607));
#15048=CARTESIAN_POINT('Ctrl Pts',(-16.,-178.747393472793,5.45698393640607));
#15049=CARTESIAN_POINT('Ctrl Pts',(-20.,-178.140694482925,4.86975897607892));
#15050=CARTESIAN_POINT('Ctrl Pts',(-16.,-178.140694482925,4.86975897607892));
#15051=CARTESIAN_POINT('Ctrl Pts',(-20.,-177.657439096573,4.86975897607892));
#15052=CARTESIAN_POINT('Ctrl Pts',(-16.,-177.657439096573,4.86975897607892));
#15053=CARTESIAN_POINT('',(-20.,-178.747393472793,5.45698393640607));
#15054=CARTESIAN_POINT('Ctrl Pts',(-20.,-178.747393472793,5.45698393640607));
#15055=CARTESIAN_POINT('Ctrl Pts',(-20.,-178.140694482925,4.86975897607892));
#15056=CARTESIAN_POINT('Ctrl Pts',(-20.,-177.657439096573,4.86975897607892));
#15057=CARTESIAN_POINT('',(-16.,-178.747393472793,5.45698393640607));
#15058=CARTESIAN_POINT('',(-20.,-178.747393472793,5.45698393640607));
#15059=CARTESIAN_POINT('Ctrl Pts',(-16.,-178.747393472793,5.45698393640607));
#15060=CARTESIAN_POINT('Ctrl Pts',(-16.,-178.140694482925,4.86975897607892));
#15061=CARTESIAN_POINT('Ctrl Pts',(-16.,-177.657439096573,4.86975897607892));
#15062=CARTESIAN_POINT('Ctrl Pts',(-20.,-179.359523373213,6.16936373987962));
#15063=CARTESIAN_POINT('Ctrl Pts',(-16.,-179.359523373213,6.16936373987962));
#15064=CARTESIAN_POINT('Ctrl Pts',(-20.,-179.055147967798,5.75486134522138));
#15065=CARTESIAN_POINT('Ctrl Pts',(-16.,-179.055147967798,5.75486134522138));
#15066=CARTESIAN_POINT('Ctrl Pts',(-20.,-178.747393472793,5.45698393640607));
#15067=CARTESIAN_POINT('Ctrl Pts',(-16.,-178.747393472793,5.45698393640607));
#15068=CARTESIAN_POINT('',(-20.,-179.359523373213,6.16936373987961));
#15069=CARTESIAN_POINT('Ctrl Pts',(-20.,-179.359523373213,6.16936373987962));
#15070=CARTESIAN_POINT('Ctrl Pts',(-20.,-179.055147967798,5.75486134522137));
#15071=CARTESIAN_POINT('Ctrl Pts',(-20.,-178.747393472793,5.45698393640607));
#15072=CARTESIAN_POINT('',(-16.,-179.359523373213,6.16936373987961));
#15073=CARTESIAN_POINT('',(-20.,-179.359523373213,6.16936373987961));
#15074=CARTESIAN_POINT('Ctrl Pts',(-16.,-179.359523373213,6.16936373987962));
#15075=CARTESIAN_POINT('Ctrl Pts',(-16.,-179.055147967798,5.75486134522137));
#15076=CARTESIAN_POINT('Ctrl Pts',(-16.,-178.747393472793,5.45698393640607));
#15077=CARTESIAN_POINT('Ctrl Pts',(-20.,-179.479813369795,6.82033935398454));
#15078=CARTESIAN_POINT('Ctrl Pts',(-16.,-179.479813369795,6.82033935398454));
#15079=CARTESIAN_POINT('Ctrl Pts',(-20.,-179.391731050972,6.44998236367177));
#15080=CARTESIAN_POINT('Ctrl Pts',(-16.,-179.391731050972,6.44998236367177));
#15081=CARTESIAN_POINT('Ctrl Pts',(-20.,-179.359523373213,6.16936373987961));
#15082=CARTESIAN_POINT('Ctrl Pts',(-16.,-179.359523373213,6.16936373987961));
#15083=CARTESIAN_POINT('',(-20.,-179.479813369795,6.82033935398456));
#15084=CARTESIAN_POINT('Ctrl Pts',(-20.,-179.479813369795,6.82033935398454));
#15085=CARTESIAN_POINT('Ctrl Pts',(-20.,-179.391731050972,6.44998236367177));
#15086=CARTESIAN_POINT('Ctrl Pts',(-20.,-179.359523373213,6.16936373987962));
#15087=CARTESIAN_POINT('',(-16.,-179.479813369795,6.82033935398456));
#15088=CARTESIAN_POINT('',(-20.,-179.479813369795,6.82033935398456));
#15089=CARTESIAN_POINT('Ctrl Pts',(-16.,-179.479813369795,6.82033935398454));
#15090=CARTESIAN_POINT('Ctrl Pts',(-16.,-179.391731050972,6.44998236367177));
#15091=CARTESIAN_POINT('Ctrl Pts',(-16.,-179.359523373213,6.16936373987962));
#15092=CARTESIAN_POINT('',(-20.,-179.359523373213,6.16936373987961));
#15093=CARTESIAN_POINT('Ctrl Pts',(-20.,-178.671228273514,5.81339408216565));
#15094=CARTESIAN_POINT('Ctrl Pts',(-16.,-178.671228273514,5.81339408216565));
#15095=CARTESIAN_POINT('Ctrl Pts',(-20.,-179.085329774009,6.23205421432161));
#15096=CARTESIAN_POINT('Ctrl Pts',(-16.,-179.085329774009,6.23205421432161));
#15097=CARTESIAN_POINT('Ctrl Pts',(-20.,-179.479813369795,6.82033935398389));
#15098=CARTESIAN_POINT('Ctrl Pts',(-16.,-179.479813369795,6.82033935398389));
#15099=CARTESIAN_POINT('',(-20.,-178.671228273514,5.81339408216565));
#15100=CARTESIAN_POINT('Ctrl Pts',(-20.,-178.671228273514,5.81339408216565));
#15101=CARTESIAN_POINT('Ctrl Pts',(-20.,-179.085329774009,6.23205421432161));
#15102=CARTESIAN_POINT('Ctrl Pts',(-20.,-179.479813369795,6.82033935398389));
#15103=CARTESIAN_POINT('',(-16.,-178.671228273514,5.81339408216565));
#15104=CARTESIAN_POINT('',(-20.,-178.671228273514,5.81339408216565));
#15105=CARTESIAN_POINT('Ctrl Pts',(-16.,-178.671228273514,5.81339408216565));
#15106=CARTESIAN_POINT('Ctrl Pts',(-16.,-179.085329774009,6.23205421432161));
#15107=CARTESIAN_POINT('Ctrl Pts',(-16.,-179.479813369795,6.82033935398389));
#15108=CARTESIAN_POINT('',(-20.,-179.479813369795,6.82033935398456));
#15109=CARTESIAN_POINT('Ctrl Pts',(-20.,-177.796637399795,5.26109178123563));
#15110=CARTESIAN_POINT('Ctrl Pts',(-16.,-177.796637399795,5.26109178123563));
#15111=CARTESIAN_POINT('Ctrl Pts',(-20.,-178.124937399032,5.26109178123563));
#15112=CARTESIAN_POINT('Ctrl Pts',(-16.,-178.124937399032,5.26109178123563));
#15113=CARTESIAN_POINT('Ctrl Pts',(-20.,-178.671228273514,5.81339408216565));
#15114=CARTESIAN_POINT('Ctrl Pts',(-16.,-178.671228273514,5.81339408216565));
#15115=CARTESIAN_POINT('',(-20.,-177.796637399795,5.26109178123563));
#15116=CARTESIAN_POINT('Ctrl Pts',(-20.,-177.796637399795,5.26109178123563));
#15117=CARTESIAN_POINT('Ctrl Pts',(-20.,-178.124937399032,5.26109178123563));
#15118=CARTESIAN_POINT('Ctrl Pts',(-20.,-178.671228273514,5.81339408216565));
#15119=CARTESIAN_POINT('',(-16.,-177.796637399795,5.26109178123563));
#15120=CARTESIAN_POINT('',(-20.,-177.796637399795,5.26109178123563));
#15121=CARTESIAN_POINT('Ctrl Pts',(-16.,-177.796637399795,5.26109178123563));
#15122=CARTESIAN_POINT('Ctrl Pts',(-16.,-178.124937399032,5.26109178123563));
#15123=CARTESIAN_POINT('Ctrl Pts',(-16.,-178.671228273514,5.81339408216565));
#15124=CARTESIAN_POINT('Ctrl Pts',(-20.,-177.520865781906,5.58643658218472));
#15125=CARTESIAN_POINT('Ctrl Pts',(-16.,-177.520865781906,5.58643658218472));
#15126=CARTESIAN_POINT('Ctrl Pts',(-20.,-177.520865781906,5.26109178123563));
#15127=CARTESIAN_POINT('Ctrl Pts',(-16.,-177.520865781906,5.26109178123563));
#15128=CARTESIAN_POINT('Ctrl Pts',(-20.,-177.796637399795,5.26109178123563));
#15129=CARTESIAN_POINT('Ctrl Pts',(-16.,-177.796637399795,5.26109178123563));
#15130=CARTESIAN_POINT('',(-20.,-177.520865781906,5.58643658218472));
#15131=CARTESIAN_POINT('Ctrl Pts',(-20.,-177.520865781906,5.58643658218472));
#15132=CARTESIAN_POINT('Ctrl Pts',(-20.,-177.520865781906,5.26109178123563));
#15133=CARTESIAN_POINT('Ctrl Pts',(-20.,-177.796637399795,5.26109178123563));
#15134=CARTESIAN_POINT('',(-16.,-177.520865781906,5.58643658218472));
#15135=CARTESIAN_POINT('',(-20.,-177.520865781906,5.58643658218472));
#15136=CARTESIAN_POINT('Ctrl Pts',(-16.,-177.520865781906,5.58643658218472));
#15137=CARTESIAN_POINT('Ctrl Pts',(-16.,-177.520865781906,5.26109178123563));
#15138=CARTESIAN_POINT('Ctrl Pts',(-16.,-177.796637399795,5.26109178123563));
#15139=CARTESIAN_POINT('Ctrl Pts',(-20.,-177.597030981186,6.06661547479718));
#15140=CARTESIAN_POINT('Ctrl Pts',(-16.,-177.597030981186,6.06661547479718));
#15141=CARTESIAN_POINT('Ctrl Pts',(-20.,-177.520865781906,5.69666315374463));
#15142=CARTESIAN_POINT('Ctrl Pts',(-16.,-177.520865781906,5.69666315374463));
#15143=CARTESIAN_POINT('Ctrl Pts',(-20.,-177.520865781906,5.58643658218472));
#15144=CARTESIAN_POINT('Ctrl Pts',(-16.,-177.520865781906,5.58643658218472));
#15145=CARTESIAN_POINT('',(-20.,-177.597030981186,6.06661547479718));
#15146=CARTESIAN_POINT('Ctrl Pts',(-20.,-177.597030981186,6.06661547479718));
#15147=CARTESIAN_POINT('Ctrl Pts',(-20.,-177.520865781906,5.69666315374463));
#15148=CARTESIAN_POINT('Ctrl Pts',(-20.,-177.520865781906,5.58643658218472));
#15149=CARTESIAN_POINT('',(-16.,-177.597030981186,6.06661547479718));
#15150=CARTESIAN_POINT('',(-20.,-177.597030981186,6.06661547479718));
#15151=CARTESIAN_POINT('Ctrl Pts',(-16.,-177.597030981186,6.06661547479718));
#15152=CARTESIAN_POINT('Ctrl Pts',(-16.,-177.520865781906,5.69666315374463));
#15153=CARTESIAN_POINT('Ctrl Pts',(-16.,-177.520865781906,5.58643658218472));
#15154=CARTESIAN_POINT('Origin',(-20.,-177.699460371139,6.57822926101773));
#15155=CARTESIAN_POINT('',(-20.,-177.699460371139,6.57822926101773));
#15156=CARTESIAN_POINT('',(-20.,-173.16044791926,-16.0932066155386));
#15157=CARTESIAN_POINT('',(-16.,-177.699460371139,6.57822926101773));
#15158=CARTESIAN_POINT('',(-20.,-177.699460371139,6.57822926101773));
#15159=CARTESIAN_POINT('',(-16.,-177.699460371139,6.57822926101773));
#15160=CARTESIAN_POINT('Ctrl Pts',(-20.,-177.775627954605,7.15812910852521));
#15161=CARTESIAN_POINT('Ctrl Pts',(-16.,-177.775627954605,7.15812910852521));
#15162=CARTESIAN_POINT('Ctrl Pts',(-20.,-177.775627954605,6.95606101808637));
#15163=CARTESIAN_POINT('Ctrl Pts',(-16.,-177.775627954605,6.95606101808637));
#15164=CARTESIAN_POINT('Ctrl Pts',(-20.,-177.699460371139,6.57822926101773));
#15165=CARTESIAN_POINT('Ctrl Pts',(-16.,-177.699460371139,6.57822926101773));
#15166=CARTESIAN_POINT('',(-20.,-177.775627954605,7.15812910852521));
#15167=CARTESIAN_POINT('Ctrl Pts',(-20.,-177.775627954605,7.15812910852521));
#15168=CARTESIAN_POINT('Ctrl Pts',(-20.,-177.775627954605,6.95606101808637));
#15169=CARTESIAN_POINT('Ctrl Pts',(-20.,-177.699460371139,6.57822926101773));
#15170=CARTESIAN_POINT('',(-16.,-177.775627954605,7.15812910852521));
#15171=CARTESIAN_POINT('',(-20.,-177.775627954605,7.15812910852521));
#15172=CARTESIAN_POINT('Ctrl Pts',(-16.,-177.775627954605,7.15812910852521));
#15173=CARTESIAN_POINT('Ctrl Pts',(-16.,-177.775627954605,6.95606101808637));
#15174=CARTESIAN_POINT('Ctrl Pts',(-16.,-177.699460371139,6.57822926101773));
#15175=CARTESIAN_POINT('Ctrl Pts',(-20.,-177.581273897293,7.43098695335477));
#15176=CARTESIAN_POINT('Ctrl Pts',(-16.,-177.581273897293,7.43098695335477));
#15177=CARTESIAN_POINT('Ctrl Pts',(-20.,-177.775627954605,7.43098695335477));
#15178=CARTESIAN_POINT('Ctrl Pts',(-16.,-177.775627954605,7.43098695335477));
#15179=CARTESIAN_POINT('Ctrl Pts',(-20.,-177.775627954605,7.15812910852521));
#15180=CARTESIAN_POINT('Ctrl Pts',(-16.,-177.775627954605,7.15812910852521));
#15181=CARTESIAN_POINT('Ctrl Pts',(-20.,-177.581273897293,7.43098695335477));
#15182=CARTESIAN_POINT('Ctrl Pts',(-20.,-177.775627954605,7.43098695335477));
#15183=CARTESIAN_POINT('Ctrl Pts',(-20.,-177.775627954605,7.15812910852521));
#15184=CARTESIAN_POINT('Ctrl Pts',(-16.,-177.581273897293,7.43098695335477));
#15185=CARTESIAN_POINT('Ctrl Pts',(-16.,-177.775627954605,7.43098695335477));
#15186=CARTESIAN_POINT('Ctrl Pts',(-16.,-177.775627954605,7.15812910852521));
#15187=CARTESIAN_POINT('Ctrl Pts',(-20.,-177.242469175461,7.10798133668988));
#15188=CARTESIAN_POINT('Ctrl Pts',(-16.,-177.242469175461,7.10798133668988));
#15189=CARTESIAN_POINT('Ctrl Pts',(-20.,-177.242469175461,7.25768585262387));
#15190=CARTESIAN_POINT('Ctrl Pts',(-16.,-177.242469175461,7.25768585262387));
#15191=CARTESIAN_POINT('Ctrl Pts',(-20.,-177.153171880844,7.35227723178952));
#15192=CARTESIAN_POINT('Ctrl Pts',(-16.,-177.153171880844,7.35227723178952));
#15193=CARTESIAN_POINT('',(-19.2,-177.203785842307,7.28117066301393));
#15194=CARTESIAN_POINT('Ctrl Pts',(-19.2,-177.203785842298,7.28117066303039));
#15195=CARTESIAN_POINT('Ctrl Pts',(-19.2,-177.190392439165,7.30701937828121));
#15196=CARTESIAN_POINT('Ctrl Pts',(-19.2,-177.17352111868,7.33072156786758));
#15197=CARTESIAN_POINT('Ctrl Pts',(-19.2,-177.153171880844,7.35227723178952));
#15198=CARTESIAN_POINT('',(-20.,-177.203785842307,7.28117066301393));
#15199=CARTESIAN_POINT('Ctrl Pts',(-20.,-177.203785842307,7.28117066301393));
#15200=CARTESIAN_POINT('Ctrl Pts',(-19.7333333333333,-177.203785842307,
7.28117066301393));
#15201=CARTESIAN_POINT('Ctrl Pts',(-19.4666666666667,-177.203785842307,
7.28117066301393));
#15202=CARTESIAN_POINT('Ctrl Pts',(-19.2,-177.203785842307,7.28117066301393));
#15203=CARTESIAN_POINT('',(-20.,-177.242469175461,7.10798133668988));
#15204=CARTESIAN_POINT('Ctrl Pts',(-20.,-177.242469175461,7.10798133668988));
#15205=CARTESIAN_POINT('Ctrl Pts',(-20.,-177.242469175461,7.20651342662346));
#15206=CARTESIAN_POINT('Ctrl Pts',(-20.,-177.203785842307,7.28117066301393));
#15207=CARTESIAN_POINT('',(-16.,-177.242469175461,7.10798133668988));
#15208=CARTESIAN_POINT('',(-20.,-177.242469175461,7.10798133668988));
#15209=CARTESIAN_POINT('Ctrl Pts',(-16.,-177.242469175461,7.10798133668988));
#15210=CARTESIAN_POINT('Ctrl Pts',(-16.,-177.242469175461,7.25768585262387));
#15211=CARTESIAN_POINT('Ctrl Pts',(-16.,-177.153171880844,7.35227723178952));
#15212=CARTESIAN_POINT('Ctrl Pts',(-20.,-177.240859077859,7.04689262534305));
#15213=CARTESIAN_POINT('Ctrl Pts',(-16.,-177.240859077859,7.04689262534305));
#15214=CARTESIAN_POINT('Ctrl Pts',(-20.,-177.242469175461,7.07977023438182));
#15215=CARTESIAN_POINT('Ctrl Pts',(-16.,-177.242469175461,7.07977023438182));
#15216=CARTESIAN_POINT('Ctrl Pts',(-20.,-177.242469175461,7.10798133668988));
#15217=CARTESIAN_POINT('Ctrl Pts',(-16.,-177.242469175461,7.10798133668988));
#15218=CARTESIAN_POINT('Ctrl Pts',(-20.,-177.240859077859,7.04689262534306));
#15219=CARTESIAN_POINT('Ctrl Pts',(-20.,-177.242469175461,7.07977023438182));
#15220=CARTESIAN_POINT('Ctrl Pts',(-20.,-177.242469175461,7.10798133668988));
#15221=CARTESIAN_POINT('Ctrl Pts',(-16.,-177.240859077859,7.04689262534306));
#15222=CARTESIAN_POINT('Ctrl Pts',(-16.,-177.242469175461,7.07977023438182));
#15223=CARTESIAN_POINT('Ctrl Pts',(-16.,-177.242469175461,7.10798133668988));
#15224=CARTESIAN_POINT('Ctrl Pts',(-20.,-177.350150926712,7.22038288173764));
#15225=CARTESIAN_POINT('Ctrl Pts',(-16.,-177.350150926712,7.22038288173764));
#15226=CARTESIAN_POINT('Ctrl Pts',(-20.,-177.294301581369,7.13126573284092));
#15227=CARTESIAN_POINT('Ctrl Pts',(-16.,-177.294301581369,7.13126573284092));
#15228=CARTESIAN_POINT('Ctrl Pts',(-20.,-177.240859077859,7.04689262534305));
#15229=CARTESIAN_POINT('Ctrl Pts',(-16.,-177.240859077859,7.04689262534305));
#15230=CARTESIAN_POINT('Ctrl Pts',(-20.,-177.350150926712,7.22038288173764));
#15231=CARTESIAN_POINT('Ctrl Pts',(-20.,-177.294301581369,7.13126573284091));
#15232=CARTESIAN_POINT('Ctrl Pts',(-20.,-177.240859077859,7.04689262534305));
#15233=CARTESIAN_POINT('Ctrl Pts',(-16.,-177.350150926712,7.22038288173764));
#15234=CARTESIAN_POINT('Ctrl Pts',(-16.,-177.294301581369,7.13126573284091));
#15235=CARTESIAN_POINT('Ctrl Pts',(-16.,-177.240859077859,7.04689262534305));
#15236=CARTESIAN_POINT('Origin',(-16.,-178.241639920318,6.15037296471684));
#15237=CARTESIAN_POINT('Origin',(-20.,-179.947654588821,7.08467204628079));
#15238=CARTESIAN_POINT('',(-20.,-179.947654588821,7.08467204628079));
#15239=CARTESIAN_POINT('',(-20.,-179.729663713577,7.21320141611188));
#15240=CARTESIAN_POINT('',(-20.,-105.457931378533,51.0044791133777));
#15241=CARTESIAN_POINT('',(-16.,-179.947654588821,7.08467204628079));
#15242=CARTESIAN_POINT('',(-20.,-179.947654588821,7.08467204628079));
#15243=CARTESIAN_POINT('',(-16.,-179.729663713577,7.21320141611188));
#15244=CARTESIAN_POINT('',(-16.,-179.729663713577,7.21320141611188));
#15245=CARTESIAN_POINT('',(-20.,-179.729663713577,7.21320141611188));
#15246=CARTESIAN_POINT('Ctrl Pts',(-20.,-179.359523373213,6.16936373987963));
#15247=CARTESIAN_POINT('Ctrl Pts',(-16.,-179.359523373213,6.16936373987963));
#15248=CARTESIAN_POINT('Ctrl Pts',(-20.,-179.655183152713,6.57199708155701));
#15249=CARTESIAN_POINT('Ctrl Pts',(-16.,-179.655183152713,6.57199708155701));
#15250=CARTESIAN_POINT('Ctrl Pts',(-20.,-179.947654588821,7.08467204628079));
#15251=CARTESIAN_POINT('Ctrl Pts',(-16.,-179.947654588821,7.08467204628079));
#15252=CARTESIAN_POINT('Ctrl Pts',(-20.,-179.359523373213,6.16936373987963));
#15253=CARTESIAN_POINT('Ctrl Pts',(-20.,-179.655183152713,6.571997081557));
#15254=CARTESIAN_POINT('Ctrl Pts',(-20.,-179.947654588821,7.08467204628079));
#15255=CARTESIAN_POINT('Ctrl Pts',(-16.,-179.359523373213,6.16936373987963));
#15256=CARTESIAN_POINT('Ctrl Pts',(-16.,-179.655183152713,6.571997081557));
#15257=CARTESIAN_POINT('Ctrl Pts',(-16.,-179.947654588821,7.08467204628079));
#15258=CARTESIAN_POINT('Ctrl Pts',(-20.,-179.340957983139,5.87566841898053));
#15259=CARTESIAN_POINT('Ctrl Pts',(-16.,-179.340957983139,5.87566841898053));
#15260=CARTESIAN_POINT('Ctrl Pts',(-20.,-179.340957983139,6.00760745767094));
#15261=CARTESIAN_POINT('Ctrl Pts',(-16.,-179.340957983139,6.00760745767094));
#15262=CARTESIAN_POINT('Ctrl Pts',(-20.,-179.359523373213,6.16936373987961));
#15263=CARTESIAN_POINT('Ctrl Pts',(-16.,-179.359523373213,6.16936373987961));
#15264=CARTESIAN_POINT('',(-20.,-179.340957983139,5.87566841898053));
#15265=CARTESIAN_POINT('Ctrl Pts',(-20.,-179.340957983139,5.87566841898053));
#15266=CARTESIAN_POINT('Ctrl Pts',(-20.,-179.340957983139,6.00760745767094));
#15267=CARTESIAN_POINT('Ctrl Pts',(-20.,-179.359523373213,6.16936373987961));
#15268=CARTESIAN_POINT('',(-16.,-179.340957983139,5.87566841898053));
#15269=CARTESIAN_POINT('',(-20.,-179.340957983139,5.87566841898053));
#15270=CARTESIAN_POINT('Ctrl Pts',(-16.,-179.340957983139,5.87566841898053));
#15271=CARTESIAN_POINT('Ctrl Pts',(-16.,-179.340957983139,6.00760745767094));
#15272=CARTESIAN_POINT('Ctrl Pts',(-16.,-179.359523373213,6.16936373987961));
#15273=CARTESIAN_POINT('Ctrl Pts',(-20.,-179.539250715378,5.15078325328916));
#15274=CARTESIAN_POINT('Ctrl Pts',(-16.,-179.539250715378,5.15078325328916));
#15275=CARTESIAN_POINT('Ctrl Pts',(-20.,-179.340957983139,5.43180753049939));
#15276=CARTESIAN_POINT('Ctrl Pts',(-16.,-179.340957983139,5.43180753049939));
#15277=CARTESIAN_POINT('Ctrl Pts',(-20.,-179.340957983139,5.87566841898053));
#15278=CARTESIAN_POINT('Ctrl Pts',(-16.,-179.340957983139,5.87566841898053));
#15279=CARTESIAN_POINT('',(-20.,-179.539250715378,5.15078325328916));
#15280=CARTESIAN_POINT('Ctrl Pts',(-20.,-179.539250715378,5.15078325328916));
#15281=CARTESIAN_POINT('Ctrl Pts',(-20.,-179.340957983139,5.43180753049939));
#15282=CARTESIAN_POINT('Ctrl Pts',(-20.,-179.340957983139,5.87566841898053));
#15283=CARTESIAN_POINT('',(-16.,-179.539250715378,5.15078325328916));
#15284=CARTESIAN_POINT('',(-20.,-179.539250715378,5.15078325328916));
#15285=CARTESIAN_POINT('Ctrl Pts',(-16.,-179.539250715378,5.15078325328916));
#15286=CARTESIAN_POINT('Ctrl Pts',(-16.,-179.340957983139,5.43180753049939));
#15287=CARTESIAN_POINT('Ctrl Pts',(-16.,-179.340957983139,5.87566841898053));
#15288=CARTESIAN_POINT('Ctrl Pts',(-20.,-180.052711351517,4.86975897607892));
#15289=CARTESIAN_POINT('Ctrl Pts',(-16.,-180.052711351517,4.86975897607892));
#15290=CARTESIAN_POINT('Ctrl Pts',(-20.,-179.737543447616,4.86975897607892));
#15291=CARTESIAN_POINT('Ctrl Pts',(-16.,-179.737543447616,4.86975897607892));
#15292=CARTESIAN_POINT('Ctrl Pts',(-20.,-179.539250715378,5.15078325328916));
#15293=CARTESIAN_POINT('Ctrl Pts',(-16.,-179.539250715378,5.15078325328916));
#15294=CARTESIAN_POINT('Ctrl Pts',(-20.,-180.052711351517,4.86975897607892));
#15295=CARTESIAN_POINT('Ctrl Pts',(-20.,-179.737543447616,4.86975897607892));
#15296=CARTESIAN_POINT('Ctrl Pts',(-20.,-179.539250715378,5.15078325328916));
#15297=CARTESIAN_POINT('Ctrl Pts',(-16.,-180.052711351517,4.86975897607892));
#15298=CARTESIAN_POINT('Ctrl Pts',(-16.,-179.737543447616,4.86975897607892));
#15299=CARTESIAN_POINT('Ctrl Pts',(-16.,-179.539250715378,5.15078325328916));
#15300=CARTESIAN_POINT('Ctrl Pts',(-20.,-181.279236658218,5.74960161504834));
#15301=CARTESIAN_POINT('Ctrl Pts',(-16.,-181.279236658218,5.74960161504834));
#15302=CARTESIAN_POINT('Ctrl Pts',(-20.,-181.279236658218,5.49221475181668));
#15303=CARTESIAN_POINT('Ctrl Pts',(-16.,-181.279236658218,5.49221475181668));
#15304=CARTESIAN_POINT('Ctrl Pts',(-20.,-180.844568594101,5.18098671493619));
#15305=CARTESIAN_POINT('Ctrl Pts',(-16.,-180.844568594101,5.18098671493619));
#15306=CARTESIAN_POINT('',(-19.2,-181.279236658218,5.74960161504834));
#15307=CARTESIAN_POINT('Ctrl Pts',(-19.2,-181.279236658218,5.74960161504834));
#15308=CARTESIAN_POINT('Ctrl Pts',(-19.2,-181.279236658218,5.5780103728939));
#15309=CARTESIAN_POINT('Ctrl Pts',(-19.2,-181.134347303512,5.38847207285652));
#15310=CARTESIAN_POINT('Ctrl Pts',(-19.2,-180.844568594101,5.18098671493619));
#15311=CARTESIAN_POINT('',(-16.,-181.279236658218,5.74960161504834));
#15312=CARTESIAN_POINT('',(-20.,-181.279236658218,5.74960161504834));
#15313=CARTESIAN_POINT('Ctrl Pts',(-16.,-181.279236658218,5.74960161504834));
#15314=CARTESIAN_POINT('Ctrl Pts',(-16.,-181.279236658218,5.49221475181668));
#15315=CARTESIAN_POINT('Ctrl Pts',(-16.,-180.844568594101,5.18098671493619));
#15316=CARTESIAN_POINT('Ctrl Pts',(-20.,-181.208323820236,5.97547162828534));
#15317=CARTESIAN_POINT('Ctrl Pts',(-16.,-181.208323820236,5.97547162828534));
#15318=CARTESIAN_POINT('Ctrl Pts',(-20.,-181.279236658218,5.8467780476579));
#15319=CARTESIAN_POINT('Ctrl Pts',(-16.,-181.279236658218,5.8467780476579));
#15320=CARTESIAN_POINT('Ctrl Pts',(-20.,-181.279236658218,5.74960161504834));
#15321=CARTESIAN_POINT('Ctrl Pts',(-16.,-181.279236658218,5.74960161504834));
#15322=CARTESIAN_POINT('',(-19.2,-181.247722876908,5.89317022413889));
#15323=CARTESIAN_POINT('Ctrl Pts',(-19.2,-181.247722876908,5.89317022413917));
#15324=CARTESIAN_POINT('Ctrl Pts',(-19.2,-181.268732064448,5.84064526371397));
#15325=CARTESIAN_POINT('Ctrl Pts',(-19.2,-181.279236658218,5.7927890606837));
#15326=CARTESIAN_POINT('Ctrl Pts',(-19.2,-181.279236658218,5.74960161504834));
#15327=CARTESIAN_POINT('',(-20.,-181.247722876908,5.89317022413888));
#15328=CARTESIAN_POINT('Ctrl Pts',(-20.,-181.247722876908,5.89317022413888));
#15329=CARTESIAN_POINT('Ctrl Pts',(-19.7333333333333,-181.247722876908,
5.89317022413888));
#15330=CARTESIAN_POINT('Ctrl Pts',(-19.4666666666667,-181.247722876908,
5.8931702241389));
#15331=CARTESIAN_POINT('Ctrl Pts',(-19.2,-181.247722876908,5.89317022413889));
#15332=CARTESIAN_POINT('',(-20.,-181.208323820236,5.97547162828534));
#15333=CARTESIAN_POINT('Ctrl Pts',(-20.,-181.208323820236,5.97547162828534));
#15334=CARTESIAN_POINT('Ctrl Pts',(-20.,-181.231963709629,5.93256963623095));
#15335=CARTESIAN_POINT('Ctrl Pts',(-20.,-181.247722876908,5.89317022413888));
#15336=CARTESIAN_POINT('',(-16.,-181.208323820236,5.97547162828534));
#15337=CARTESIAN_POINT('',(-20.,-181.208323820236,5.97547162828534));
#15338=CARTESIAN_POINT('Ctrl Pts',(-16.,-181.208323820236,5.97547162828534));
#15339=CARTESIAN_POINT('Ctrl Pts',(-16.,-181.279236658218,5.8467780476579));
#15340=CARTESIAN_POINT('Ctrl Pts',(-16.,-181.279236658218,5.74960161504834));
#15341=CARTESIAN_POINT('Ctrl Pts',(-20.,-180.828811510208,5.54211605844586));
#15342=CARTESIAN_POINT('Ctrl Pts',(-16.,-180.828811510208,5.54211605844586));
#15343=CARTESIAN_POINT('Ctrl Pts',(-20.,-181.095389707687,5.7338430410394));
#15344=CARTESIAN_POINT('Ctrl Pts',(-16.,-181.095389707687,5.7338430410394));
#15345=CARTESIAN_POINT('Ctrl Pts',(-20.,-181.208323820236,5.97547162828534));
#15346=CARTESIAN_POINT('Ctrl Pts',(-16.,-181.208323820236,5.97547162828534));
#15347=CARTESIAN_POINT('',(-20.,-180.828811510208,5.54211605844586));
#15348=CARTESIAN_POINT('Ctrl Pts',(-20.,-180.828811510208,5.54211605844586));
#15349=CARTESIAN_POINT('Ctrl Pts',(-20.,-181.095389707687,5.7338430410394));
#15350=CARTESIAN_POINT('Ctrl Pts',(-20.,-181.208323820236,5.97547162828534));
#15351=CARTESIAN_POINT('',(-16.,-180.828811510208,5.54211605844586));
#15352=CARTESIAN_POINT('',(-20.,-180.828811510208,5.54211605844586));
#15353=CARTESIAN_POINT('Ctrl Pts',(-16.,-180.828811510208,5.54211605844586));
#15354=CARTESIAN_POINT('Ctrl Pts',(-16.,-181.095389707687,5.7338430410394));
#15355=CARTESIAN_POINT('Ctrl Pts',(-16.,-181.208323820236,5.97547162828534));
#15356=CARTESIAN_POINT('Ctrl Pts',(-20.,-180.336362703445,5.35038937387555));
#15357=CARTESIAN_POINT('Ctrl Pts',(-16.,-180.336362703445,5.35038937387555));
#15358=CARTESIAN_POINT('Ctrl Pts',(-20.,-180.562230928543,5.35038937387555));
#15359=CARTESIAN_POINT('Ctrl Pts',(-16.,-180.562230928543,5.35038937387555));
#15360=CARTESIAN_POINT('Ctrl Pts',(-20.,-180.828811510208,5.54211605844586));
#15361=CARTESIAN_POINT('Ctrl Pts',(-16.,-180.828811510208,5.54211605844586));
#15362=CARTESIAN_POINT('',(-20.,-180.336362703445,5.35038937387555));
#15363=CARTESIAN_POINT('Ctrl Pts',(-20.,-180.336362703445,5.35038937387555));
#15364=CARTESIAN_POINT('Ctrl Pts',(-20.,-180.562230928543,5.35038937387555));
#15365=CARTESIAN_POINT('Ctrl Pts',(-20.,-180.828811510208,5.54211605844586));
#15366=CARTESIAN_POINT('',(-16.,-180.336362703445,5.35038937387555));
#15367=CARTESIAN_POINT('',(-20.,-180.336362703445,5.35038937387555));
#15368=CARTESIAN_POINT('Ctrl Pts',(-16.,-180.336362703445,5.35038937387555));
#15369=CARTESIAN_POINT('Ctrl Pts',(-16.,-180.562230928543,5.35038937387555));
#15370=CARTESIAN_POINT('Ctrl Pts',(-16.,-180.828811510208,5.54211605844586));
#15371=CARTESIAN_POINT('Ctrl Pts',(-20.,-179.897753580215,5.9597130542764));
#15372=CARTESIAN_POINT('Ctrl Pts',(-16.,-179.897753580215,5.9597130542764));
#15373=CARTESIAN_POINT('Ctrl Pts',(-20.,-179.897753580215,5.35038937387555));
#15374=CARTESIAN_POINT('Ctrl Pts',(-16.,-179.897753580215,5.35038937387555));
#15375=CARTESIAN_POINT('Ctrl Pts',(-20.,-180.336362703445,5.35038937387555));
#15376=CARTESIAN_POINT('Ctrl Pts',(-16.,-180.336362703445,5.35038937387555));
#15377=CARTESIAN_POINT('',(-20.,-179.897753580215,5.9597130542764));
#15378=CARTESIAN_POINT('Ctrl Pts',(-20.,-179.897753580215,5.9597130542764));
#15379=CARTESIAN_POINT('Ctrl Pts',(-20.,-179.897753580215,5.35038937387555));
#15380=CARTESIAN_POINT('Ctrl Pts',(-20.,-180.336362703445,5.35038937387555));
#15381=CARTESIAN_POINT('',(-16.,-179.897753580215,5.9597130542764));
#15382=CARTESIAN_POINT('',(-20.,-179.897753580215,5.9597130542764));
#15383=CARTESIAN_POINT('Ctrl Pts',(-16.,-179.897753580215,5.9597130542764));
#15384=CARTESIAN_POINT('Ctrl Pts',(-16.,-179.897753580215,5.35038937387555));
#15385=CARTESIAN_POINT('Ctrl Pts',(-16.,-180.336362703445,5.35038937387555));
#15386=CARTESIAN_POINT('Ctrl Pts',(-20.,-180.215546472671,7.5933309322366));
#15387=CARTESIAN_POINT('Ctrl Pts',(-16.,-180.215546472671,7.5933309322366));
#15388=CARTESIAN_POINT('Ctrl Pts',(-20.,-179.897753580215,6.51125599203198));
#15389=CARTESIAN_POINT('Ctrl Pts',(-16.,-179.897753580215,6.51125599203198));
#15390=CARTESIAN_POINT('Ctrl Pts',(-20.,-179.897753580215,5.9597130542764));
#15391=CARTESIAN_POINT('Ctrl Pts',(-16.,-179.897753580215,5.9597130542764));
#15392=CARTESIAN_POINT('',(-20.,-180.215546472671,7.5933309322366));
#15393=CARTESIAN_POINT('Ctrl Pts',(-20.,-180.215546472671,7.5933309322366));
#15394=CARTESIAN_POINT('Ctrl Pts',(-20.,-179.897753580215,6.51125599203198));
#15395=CARTESIAN_POINT('Ctrl Pts',(-20.,-179.897753580215,5.9597130542764));
#15396=CARTESIAN_POINT('',(-16.,-180.215546472671,7.5933309322366));
#15397=CARTESIAN_POINT('',(-20.,-180.215546472671,7.5933309322366));
#15398=CARTESIAN_POINT('Ctrl Pts',(-16.,-180.215546472671,7.5933309322366));
#15399=CARTESIAN_POINT('Ctrl Pts',(-16.,-179.897753580215,6.51125599203198));
#15400=CARTESIAN_POINT('Ctrl Pts',(-16.,-179.897753580215,5.9597130542764));
#15401=CARTESIAN_POINT('Ctrl Pts',(-20.,-180.254942758682,7.72202451286404));
#15402=CARTESIAN_POINT('Ctrl Pts',(-16.,-180.254942758682,7.72202451286404));
#15403=CARTESIAN_POINT('Ctrl Pts',(-20.,-180.228678568008,7.63535339889615));
#15404=CARTESIAN_POINT('Ctrl Pts',(-16.,-180.228678568008,7.63535339889615));
#15405=CARTESIAN_POINT('Ctrl Pts',(-20.,-180.215546472671,7.5933309322366));
#15406=CARTESIAN_POINT('Ctrl Pts',(-16.,-180.215546472671,7.5933309322366));
#15407=CARTESIAN_POINT('',(-20.,-180.254942758682,7.72202451286404));
#15408=CARTESIAN_POINT('Ctrl Pts',(-20.,-180.254942758682,7.72202451286404));
#15409=CARTESIAN_POINT('Ctrl Pts',(-20.,-180.228678568008,7.63535339889615));
#15410=CARTESIAN_POINT('Ctrl Pts',(-20.,-180.215546472671,7.5933309322366));
#15411=CARTESIAN_POINT('',(-16.,-180.254942758682,7.72202451286404));
#15412=CARTESIAN_POINT('',(-20.,-180.254942758682,7.72202451286404));
#15413=CARTESIAN_POINT('Ctrl Pts',(-16.,-180.254942758682,7.72202451286404));
#15414=CARTESIAN_POINT('Ctrl Pts',(-16.,-180.228678568008,7.63535339889615));
#15415=CARTESIAN_POINT('Ctrl Pts',(-16.,-180.215546472671,7.5933309322366));
#15416=CARTESIAN_POINT('Origin',(-20.,-181.730977876785,7.72202451286404));
#15417=CARTESIAN_POINT('',(-20.,-181.730977876785,7.72202451286404));
#15418=CARTESIAN_POINT('',(-20.,-78.3654889383926,7.72202451286404));
#15419=CARTESIAN_POINT('',(-16.,-181.730977876785,7.72202451286404));
#15420=CARTESIAN_POINT('',(-20.,-181.730977876785,7.72202451286404));
#15421=CARTESIAN_POINT('',(-16.,-181.730977876785,7.72202451286404));
#15422=CARTESIAN_POINT('Ctrl Pts',(-20.,-182.136756761673,7.80430455265134));
#15423=CARTESIAN_POINT('Ctrl Pts',(-16.,-182.136756761673,7.80430455265134));
#15424=CARTESIAN_POINT('Ctrl Pts',(-20.,-182.027761324051,7.72202451286404));
#15425=CARTESIAN_POINT('Ctrl Pts',(-16.,-182.027761324051,7.72202451286404));
#15426=CARTESIAN_POINT('Ctrl Pts',(-20.,-181.730977876785,7.72202451286404));
#15427=CARTESIAN_POINT('Ctrl Pts',(-16.,-181.730977876785,7.72202451286404));
#15428=CARTESIAN_POINT('',(-20.,-182.136756761673,7.80430455265134));
#15429=CARTESIAN_POINT('Ctrl Pts',(-20.,-182.136756761673,7.80430455265134));
#15430=CARTESIAN_POINT('Ctrl Pts',(-20.,-182.027761324051,7.72202451286404));
#15431=CARTESIAN_POINT('Ctrl Pts',(-20.,-181.730977876785,7.72202451286404));
#15432=CARTESIAN_POINT('',(-16.,-182.136756761673,7.80430455265134));
#15433=CARTESIAN_POINT('',(-20.,-182.136756761673,7.80430455265134));
#15434=CARTESIAN_POINT('Ctrl Pts',(-16.,-182.136756761673,7.80430455265134));
#15435=CARTESIAN_POINT('Ctrl Pts',(-16.,-182.027761324051,7.72202451286404));
#15436=CARTESIAN_POINT('Ctrl Pts',(-16.,-181.730977876785,7.72202451286404));
#15437=CARTESIAN_POINT('Ctrl Pts',(-20.,-182.311410291794,8.15566678104489));
#15438=CARTESIAN_POINT('Ctrl Pts',(-16.,-182.311410291794,8.15566678104489));
#15439=CARTESIAN_POINT('Ctrl Pts',(-20.,-182.245752199295,7.88658459243863));
#15440=CARTESIAN_POINT('Ctrl Pts',(-16.,-182.245752199295,7.88658459243863));
#15441=CARTESIAN_POINT('Ctrl Pts',(-20.,-182.136756761673,7.80430455265134));
#15442=CARTESIAN_POINT('Ctrl Pts',(-16.,-182.136756761673,7.80430455265134));
#15443=CARTESIAN_POINT('',(-20.,-182.311410291794,8.15566678104489));
#15444=CARTESIAN_POINT('Ctrl Pts',(-20.,-182.311410291794,8.15566678104489));
#15445=CARTESIAN_POINT('Ctrl Pts',(-20.,-182.245752199295,7.88658459243863));
#15446=CARTESIAN_POINT('Ctrl Pts',(-20.,-182.136756761673,7.80430455265134));
#15447=CARTESIAN_POINT('',(-16.,-182.311410291794,8.15566678104489));
#15448=CARTESIAN_POINT('',(-20.,-182.311410291794,8.15566678104489));
#15449=CARTESIAN_POINT('Ctrl Pts',(-16.,-182.311410291794,8.15566678104489));
#15450=CARTESIAN_POINT('Ctrl Pts',(-16.,-182.245752199295,7.88658459243863));
#15451=CARTESIAN_POINT('Ctrl Pts',(-16.,-182.136756761673,7.80430455265134));
#15452=CARTESIAN_POINT('Ctrl Pts',(-20.,-181.754614694717,8.06082953271954));
#15453=CARTESIAN_POINT('Ctrl Pts',(-16.,-181.754614694717,8.06082953271954));
#15454=CARTESIAN_POINT('Ctrl Pts',(-20.,-182.119683607223,8.06082953271954));
#15455=CARTESIAN_POINT('Ctrl Pts',(-16.,-182.119683607223,8.06082953271954));
#15456=CARTESIAN_POINT('Ctrl Pts',(-20.,-182.311410291794,8.15566678104489));
#15457=CARTESIAN_POINT('Ctrl Pts',(-16.,-182.311410291794,8.15566678104489));
#15458=CARTESIAN_POINT('',(-20.,-181.754614694717,8.06082953271954));
#15459=CARTESIAN_POINT('Ctrl Pts',(-20.,-181.754614694717,8.06082953271954));
#15460=CARTESIAN_POINT('Ctrl Pts',(-20.,-182.119683607223,8.06082953271954));
#15461=CARTESIAN_POINT('Ctrl Pts',(-20.,-182.311410291794,8.15566678104489));
#15462=CARTESIAN_POINT('',(-16.,-181.754614694717,8.06082953271954));
#15463=CARTESIAN_POINT('',(-20.,-181.754614694717,8.06082953271954));
#15464=CARTESIAN_POINT('Ctrl Pts',(-16.,-181.754614694717,8.06082953271954));
#15465=CARTESIAN_POINT('Ctrl Pts',(-16.,-182.119683607223,8.06082953271954));
#15466=CARTESIAN_POINT('Ctrl Pts',(-16.,-182.311410291794,8.15566678104489));
#15467=CARTESIAN_POINT('Origin',(-20.,-180.367879255417,8.06082953271954));
#15468=CARTESIAN_POINT('',(-20.,-180.367879255417,8.06082953271954));
#15469=CARTESIAN_POINT('',(-20.,-77.6839396277084,8.06082953271946));
#15470=CARTESIAN_POINT('',(-16.,-180.367879255417,8.06082953271954));
#15471=CARTESIAN_POINT('',(-20.,-180.367879255417,8.06082953271954));
#15472=CARTESIAN_POINT('',(-16.,-180.367879255417,8.06082953271954));
#15473=CARTESIAN_POINT('Ctrl Pts',(-20.,-180.793353899124,8.9459248310098));
#15474=CARTESIAN_POINT('Ctrl Pts',(-16.,-180.793353899124,8.9459248310098));
#15475=CARTESIAN_POINT('Ctrl Pts',(-20.,-180.588495119217,8.68250538168042));
#15476=CARTESIAN_POINT('Ctrl Pts',(-16.,-180.588495119217,8.68250538168042));
#15477=CARTESIAN_POINT('Ctrl Pts',(-20.,-180.367879255417,8.06082953271954));
#15478=CARTESIAN_POINT('Ctrl Pts',(-16.,-180.367879255417,8.06082953271954));
#15479=CARTESIAN_POINT('',(-20.,-180.793353899124,8.9459248310098));
#15480=CARTESIAN_POINT('Ctrl Pts',(-20.,-180.793353899124,8.9459248310098));
#15481=CARTESIAN_POINT('Ctrl Pts',(-20.,-180.588495119217,8.68250538168042));
#15482=CARTESIAN_POINT('Ctrl Pts',(-20.,-180.367879255417,8.06082953271954));
#15483=CARTESIAN_POINT('',(-16.,-180.793353899124,8.9459248310098));
#15484=CARTESIAN_POINT('',(-20.,-180.793353899124,8.9459248310098));
#15485=CARTESIAN_POINT('Ctrl Pts',(-16.,-180.793353899124,8.9459248310098));
#15486=CARTESIAN_POINT('Ctrl Pts',(-16.,-180.588495119217,8.68250538168042));
#15487=CARTESIAN_POINT('Ctrl Pts',(-16.,-180.367879255417,8.06082953271954));
#15488=CARTESIAN_POINT('Ctrl Pts',(-20.,-180.667287691238,8.95117749033063));
#15489=CARTESIAN_POINT('Ctrl Pts',(-16.,-180.667287691238,8.95117749033063));
#15490=CARTESIAN_POINT('Ctrl Pts',(-20.,-180.706683977249,8.95117749033063));
#15491=CARTESIAN_POINT('Ctrl Pts',(-16.,-180.706683977249,8.95117749033063));
#15492=CARTESIAN_POINT('Ctrl Pts',(-20.,-180.793353899124,8.9459248310098));
#15493=CARTESIAN_POINT('Ctrl Pts',(-16.,-180.793353899124,8.9459248310098));
#15494=CARTESIAN_POINT('',(-20.,-180.667287691238,8.95117749033063));
#15495=CARTESIAN_POINT('Ctrl Pts',(-20.,-180.667287691238,8.95117749033063));
#15496=CARTESIAN_POINT('Ctrl Pts',(-20.,-180.706683977249,8.95117749033063));
#15497=CARTESIAN_POINT('Ctrl Pts',(-20.,-180.793353899124,8.9459248310098));
#15498=CARTESIAN_POINT('',(-16.,-180.667287691238,8.95117749033063));
#15499=CARTESIAN_POINT('',(-20.,-180.667287691238,8.95117749033063));
#15500=CARTESIAN_POINT('Ctrl Pts',(-16.,-180.667287691238,8.95117749033063));
#15501=CARTESIAN_POINT('Ctrl Pts',(-16.,-180.706683977249,8.95117749033063));
#15502=CARTESIAN_POINT('Ctrl Pts',(-16.,-180.793353899124,8.9459248310098));
#15503=CARTESIAN_POINT('Ctrl Pts',(-20.,-180.163020475509,8.79970837888806));
#15504=CARTESIAN_POINT('Ctrl Pts',(-16.,-180.163020475509,8.79970837888806));
#15505=CARTESIAN_POINT('Ctrl Pts',(-20.,-180.331107957962,8.95117749033063));
#15506=CARTESIAN_POINT('Ctrl Pts',(-16.,-180.331107957962,8.95117749033063));
#15507=CARTESIAN_POINT('Ctrl Pts',(-20.,-180.667287691238,8.95117749033063));
#15508=CARTESIAN_POINT('Ctrl Pts',(-16.,-180.667287691238,8.95117749033063));
#15509=CARTESIAN_POINT('',(-20.,-180.163020475509,8.79970837888806));
#15510=CARTESIAN_POINT('Ctrl Pts',(-20.,-180.163020475509,8.79970837888806));
#15511=CARTESIAN_POINT('Ctrl Pts',(-20.,-180.331107957962,8.95117749033063));
#15512=CARTESIAN_POINT('Ctrl Pts',(-20.,-180.667287691238,8.95117749033063));
#15513=CARTESIAN_POINT('',(-16.,-180.163020475509,8.79970837888806));
#15514=CARTESIAN_POINT('',(-20.,-180.163020475509,8.79970837888806));
#15515=CARTESIAN_POINT('Ctrl Pts',(-16.,-180.163020475509,8.79970837888806));
#15516=CARTESIAN_POINT('Ctrl Pts',(-16.,-180.331107957962,8.95117749033063));
#15517=CARTESIAN_POINT('Ctrl Pts',(-16.,-180.667287691238,8.95117749033063));
#15518=CARTESIAN_POINT('Ctrl Pts',(-20.,-179.874116762283,8.24258406219571));
#15519=CARTESIAN_POINT('Ctrl Pts',(-16.,-179.874116762283,8.24258406219571));
#15520=CARTESIAN_POINT('Ctrl Pts',(-20.,-179.994930608871,8.6482392674455));
#15521=CARTESIAN_POINT('Ctrl Pts',(-16.,-179.994930608871,8.6482392674455));
#15522=CARTESIAN_POINT('Ctrl Pts',(-20.,-180.163020475509,8.79970837888806));
#15523=CARTESIAN_POINT('Ctrl Pts',(-16.,-180.163020475509,8.79970837888806));
#15524=CARTESIAN_POINT('',(-20.,-179.874116762283,8.24258406219571));
#15525=CARTESIAN_POINT('Ctrl Pts',(-20.,-179.874116762283,8.24258406219571));
#15526=CARTESIAN_POINT('Ctrl Pts',(-20.,-179.994930608871,8.6482392674455));
#15527=CARTESIAN_POINT('Ctrl Pts',(-20.,-180.163020475509,8.79970837888806));
#15528=CARTESIAN_POINT('',(-16.,-179.874116762283,8.24258406219571));
#15529=CARTESIAN_POINT('',(-20.,-179.874116762283,8.24258406219571));
#15530=CARTESIAN_POINT('Ctrl Pts',(-16.,-179.874116762283,8.24258406219571));
#15531=CARTESIAN_POINT('Ctrl Pts',(-16.,-179.994930608871,8.6482392674455));
#15532=CARTESIAN_POINT('Ctrl Pts',(-16.,-180.163020475509,8.79970837888806));
#15533=CARTESIAN_POINT('Origin',(-20.,-179.821588380936,8.06082953271954));
#15534=CARTESIAN_POINT('',(-20.,-179.821588380936,8.06082953271954));
#15535=CARTESIAN_POINT('',(-20.,-170.852067650038,-22.9747930820565));
#15536=CARTESIAN_POINT('',(-16.,-179.821588380936,8.06082953271954));
#15537=CARTESIAN_POINT('',(-20.,-179.821588380936,8.06082953271954));
#15538=CARTESIAN_POINT('',(-16.,-179.821588380936,8.06082953271954));
#15539=CARTESIAN_POINT('Origin',(-20.,-179.425002916458,8.06082953271954));
#15540=CARTESIAN_POINT('',(-20.,-179.425002916458,8.06082953271954));
#15541=CARTESIAN_POINT('',(-20.,-77.212501458229,8.06082953271954));
#15542=CARTESIAN_POINT('',(-16.,-179.425002916458,8.06082953271954));
#15543=CARTESIAN_POINT('',(-20.,-179.425002916458,8.06082953271954));
#15544=CARTESIAN_POINT('',(-16.,-179.425002916458,8.06082953271954));
#15545=CARTESIAN_POINT('Ctrl Pts',(-20.,-179.086198194626,7.99036819992154));
#15546=CARTESIAN_POINT('Ctrl Pts',(-16.,-179.086198194626,7.99036819992154));
#15547=CARTESIAN_POINT('Ctrl Pts',(-20.,-179.186000211838,8.06082953271954));
#15548=CARTESIAN_POINT('Ctrl Pts',(-16.,-179.186000211838,8.06082953271954));
#15549=CARTESIAN_POINT('Ctrl Pts',(-20.,-179.425002916458,8.06082953271954));
#15550=CARTESIAN_POINT('Ctrl Pts',(-16.,-179.425002916458,8.06082953271954));
#15551=CARTESIAN_POINT('',(-20.,-179.086198194626,7.99036819992154));
#15552=CARTESIAN_POINT('Ctrl Pts',(-20.,-179.086198194626,7.99036819992154));
#15553=CARTESIAN_POINT('Ctrl Pts',(-20.,-179.186000211838,8.06082953271954));
#15554=CARTESIAN_POINT('Ctrl Pts',(-20.,-179.425002916458,8.06082953271954));
#15555=CARTESIAN_POINT('',(-16.,-179.086198194626,7.99036819992154));
#15556=CARTESIAN_POINT('',(-20.,-179.086198194626,7.99036819992154));
#15557=CARTESIAN_POINT('Ctrl Pts',(-16.,-179.086198194626,7.99036819992154));
#15558=CARTESIAN_POINT('Ctrl Pts',(-16.,-179.186000211838,8.06082953271954));
#15559=CARTESIAN_POINT('Ctrl Pts',(-16.,-179.425002916458,8.06082953271954));
#15560=CARTESIAN_POINT('Ctrl Pts',(-20.,-178.834063394668,7.64323253688901));
#15561=CARTESIAN_POINT('Ctrl Pts',(-16.,-178.834063394668,7.64323253688901));
#15562=CARTESIAN_POINT('Ctrl Pts',(-20.,-178.986393793228,7.91990686712353));
#15563=CARTESIAN_POINT('Ctrl Pts',(-16.,-178.986393793228,7.91990686712353));
#15564=CARTESIAN_POINT('Ctrl Pts',(-20.,-179.086198194626,7.99036819992154));
#15565=CARTESIAN_POINT('Ctrl Pts',(-16.,-179.086198194626,7.99036819992154));
#15566=CARTESIAN_POINT('',(-20.,-178.834063394668,7.64323253688901));
#15567=CARTESIAN_POINT('Ctrl Pts',(-20.,-178.834063394668,7.64323253688901));
#15568=CARTESIAN_POINT('Ctrl Pts',(-20.,-178.986393793228,7.91990686712353));
#15569=CARTESIAN_POINT('Ctrl Pts',(-20.,-179.086198194626,7.99036819992154));
#15570=CARTESIAN_POINT('',(-16.,-178.834063394668,7.64323253688901));
#15571=CARTESIAN_POINT('',(-20.,-178.834063394668,7.64323253688901));
#15572=CARTESIAN_POINT('Ctrl Pts',(-16.,-178.834063394668,7.64323253688901));
#15573=CARTESIAN_POINT('Ctrl Pts',(-16.,-178.986393793228,7.91990686712353));
#15574=CARTESIAN_POINT('Ctrl Pts',(-16.,-179.086198194626,7.99036819992154));
#15575=CARTESIAN_POINT('Ctrl Pts',(-20.,-179.277924879196,7.72202451286404));
#15576=CARTESIAN_POINT('Ctrl Pts',(-16.,-179.277924879196,7.72202451286404));
#15577=CARTESIAN_POINT('Ctrl Pts',(-20.,-178.999525888565,7.72202451286404));
#15578=CARTESIAN_POINT('Ctrl Pts',(-16.,-178.999525888565,7.72202451286404));
#15579=CARTESIAN_POINT('Ctrl Pts',(-20.,-178.834063394668,7.64323253688901));
#15580=CARTESIAN_POINT('Ctrl Pts',(-16.,-178.834063394668,7.64323253688901));
#15581=CARTESIAN_POINT('',(-20.,-179.277924879196,7.72202451286404));
#15582=CARTESIAN_POINT('Ctrl Pts',(-20.,-179.277924879196,7.72202451286404));
#15583=CARTESIAN_POINT('Ctrl Pts',(-20.,-178.999525888565,7.72202451286404));
#15584=CARTESIAN_POINT('Ctrl Pts',(-20.,-178.834063394668,7.64323253688901));
#15585=CARTESIAN_POINT('',(-16.,-179.277924879196,7.72202451286404));
#15586=CARTESIAN_POINT('',(-20.,-179.277924879196,7.72202451286404));
#15587=CARTESIAN_POINT('Ctrl Pts',(-16.,-179.277924879196,7.72202451286404));
#15588=CARTESIAN_POINT('Ctrl Pts',(-16.,-178.999525888565,7.72202451286404));
#15589=CARTESIAN_POINT('Ctrl Pts',(-16.,-178.834063394668,7.64323253688901));
#15590=CARTESIAN_POINT('Origin',(-20.,-179.721783979538,7.72202451286405));
#15591=CARTESIAN_POINT('',(-20.,-179.721783979538,7.72202451286405));
#15592=CARTESIAN_POINT('',(-20.,-77.3608919897689,7.72202451286379));
#15593=CARTESIAN_POINT('',(-16.,-179.721783979538,7.72202451286405));
#15594=CARTESIAN_POINT('',(-20.,-179.721783979538,7.72202451286405));
#15595=CARTESIAN_POINT('',(-16.,-179.721783979538,7.72202451286405));
#15596=CARTESIAN_POINT('Origin',(-20.,-179.60097013295,7.28079010305493));
#15597=CARTESIAN_POINT('',(-20.,-179.60097013295,7.28079010305493));
#15598=CARTESIAN_POINT('',(-20.,-171.539018641696,-22.1629409642948));
#15599=CARTESIAN_POINT('',(-16.,-179.60097013295,7.28079010305493));
#15600=CARTESIAN_POINT('',(-20.,-179.60097013295,7.28079010305493));
#15601=CARTESIAN_POINT('',(-16.,-179.60097013295,7.28079010305493));
#15602=CARTESIAN_POINT('Ctrl Pts',(-20.,-179.479813369796,6.82033935398521));
#15603=CARTESIAN_POINT('Ctrl Pts',(-16.,-179.479813369796,6.82033935398521));
#15604=CARTESIAN_POINT('Ctrl Pts',(-20.,-179.53096873967,7.03543074892181));
#15605=CARTESIAN_POINT('Ctrl Pts',(-16.,-179.53096873967,7.03543074892181));
#15606=CARTESIAN_POINT('Ctrl Pts',(-20.,-179.60097013295,7.28079010305493));
#15607=CARTESIAN_POINT('Ctrl Pts',(-16.,-179.60097013295,7.28079010305493));
#15608=CARTESIAN_POINT('Ctrl Pts',(-20.,-179.479813369796,6.82033935398521));
#15609=CARTESIAN_POINT('Ctrl Pts',(-20.,-179.53096873967,7.03543074892181));
#15610=CARTESIAN_POINT('Ctrl Pts',(-20.,-179.60097013295,7.28079010305493));
#15611=CARTESIAN_POINT('Ctrl Pts',(-16.,-179.479813369796,6.82033935398521));
#15612=CARTESIAN_POINT('Ctrl Pts',(-16.,-179.53096873967,7.03543074892181));
#15613=CARTESIAN_POINT('Ctrl Pts',(-16.,-179.60097013295,7.28079010305493));
#15614=CARTESIAN_POINT('Ctrl Pts',(-20.,-179.729663713577,7.21320141611188));
#15615=CARTESIAN_POINT('Ctrl Pts',(-16.,-179.729663713577,7.21320141611188));
#15616=CARTESIAN_POINT('Ctrl Pts',(-20.,-179.605738050072,7.00812819720932));
#15617=CARTESIAN_POINT('Ctrl Pts',(-16.,-179.605738050072,7.00812819720932));
#15618=CARTESIAN_POINT('Ctrl Pts',(-20.,-179.479813369795,6.82033935398456));
#15619=CARTESIAN_POINT('Ctrl Pts',(-16.,-179.479813369795,6.82033935398456));
#15620=CARTESIAN_POINT('Ctrl Pts',(-20.,-179.729663713577,7.21320141611188));
#15621=CARTESIAN_POINT('Ctrl Pts',(-20.,-179.605738050072,7.00812819720931));
#15622=CARTESIAN_POINT('Ctrl Pts',(-20.,-179.479813369795,6.82033935398456));
#15623=CARTESIAN_POINT('Ctrl Pts',(-16.,-179.729663713577,7.21320141611188));
#15624=CARTESIAN_POINT('Ctrl Pts',(-16.,-179.605738050072,7.00812819720931));
#15625=CARTESIAN_POINT('Ctrl Pts',(-16.,-179.479813369795,6.82033935398456));
#15626=CARTESIAN_POINT('Origin',(-16.,-180.572736843231,6.91046823320477));
#15627=CARTESIAN_POINT('Ctrl Pts',(-20.,-157.024476512077,4.89733625707715));
#15628=CARTESIAN_POINT('Ctrl Pts',(-16.,-157.024476512077,4.89733625707715));
#15629=CARTESIAN_POINT('Ctrl Pts',(-20.,-156.614758952263,4.83824242410748));
#15630=CARTESIAN_POINT('Ctrl Pts',(-16.,-156.614758952263,4.83824242410748));
#15631=CARTESIAN_POINT('Ctrl Pts',(-20.,-156.394141747358,4.83824242410748));
#15632=CARTESIAN_POINT('Ctrl Pts',(-16.,-156.394141747358,4.83824242410748));
#15633=CARTESIAN_POINT('',(-19.2,-157.024476512077,4.89733625707715));
#15634=CARTESIAN_POINT('',(-19.2,-156.646355882901,4.85157203652511));
#15635=CARTESIAN_POINT('Ctrl Pts',(-19.2,-157.024476512077,4.89733625707715));
#15636=CARTESIAN_POINT('Ctrl Pts',(-19.2,-156.881058658658,4.87665100580636));
#15637=CARTESIAN_POINT('Ctrl Pts',(-19.2,-156.755018448933,4.86139626562234));
#15638=CARTESIAN_POINT('Ctrl Pts',(-19.2,-156.646355882901,4.8515720365251));
#15639=CARTESIAN_POINT('',(-16.,-157.024476512077,4.89733625707715));
#15640=CARTESIAN_POINT('',(-20.,-157.024476512077,4.89733625707715));
#15641=CARTESIAN_POINT('',(-16.,-156.394141747358,4.83824242410748));
#15642=CARTESIAN_POINT('Ctrl Pts',(-16.,-157.024476512077,4.89733625707715));
#15643=CARTESIAN_POINT('Ctrl Pts',(-16.,-156.614758952263,4.83824242410748));
#15644=CARTESIAN_POINT('Ctrl Pts',(-16.,-156.394141747358,4.83824242410748));
#15645=CARTESIAN_POINT('',(-20.,-156.394141747358,4.83824242410748));
#15646=CARTESIAN_POINT('Ctrl Pts',(-19.2,-156.646355882901,4.85157203652511));
#15647=CARTESIAN_POINT('Ctrl Pts',(-19.4666666666667,-156.646355882901,
4.85157203652511));
#15648=CARTESIAN_POINT('Ctrl Pts',(-19.7333333333333,-156.646355882901,
4.8515720365251));
#15649=CARTESIAN_POINT('Ctrl Pts',(-20.,-156.646355882901,4.8515720365251));
#15650=CARTESIAN_POINT('Origin',(-20.,-155.795323534611,6.87895168123334));
#15651=CARTESIAN_POINT('',(-16.,-155.795323534611,6.87895168123334));
#15652=CARTESIAN_POINT('',(-20.,-155.795323534611,6.87895168123334));
#15653=CARTESIAN_POINT('',(-16.,-155.755927546623,6.87895168123334));
#15654=CARTESIAN_POINT('',(-16.,-155.795323534611,6.87895168123334));
#15655=CARTESIAN_POINT('',(-20.,-155.755927546623,6.87895168123334));
#15656=CARTESIAN_POINT('Origin',(-20.,-155.619354977014,5.99385608491986));
#15657=CARTESIAN_POINT('',(-16.,-155.619354977014,5.99385608491986));
#15658=CARTESIAN_POINT('',(-20.,-155.619354977014,5.99385608491986));
#15659=CARTESIAN_POINT('',(-16.,-155.619354977014,5.99385608491986));
#15660=CARTESIAN_POINT('Ctrl Pts',(-20.,-155.535310341719,5.40817011652081));
#15661=CARTESIAN_POINT('Ctrl Pts',(-16.,-155.535310341719,5.40817011652081));
#15662=CARTESIAN_POINT('Ctrl Pts',(-20.,-155.535310341719,5.56050111112683));
#15663=CARTESIAN_POINT('Ctrl Pts',(-16.,-155.535310341719,5.56050111112683));
#15664=CARTESIAN_POINT('Ctrl Pts',(-20.,-155.619354977014,5.99385608491986));
#15665=CARTESIAN_POINT('Ctrl Pts',(-16.,-155.619354977014,5.99385608491986));
#15666=CARTESIAN_POINT('',(-16.,-155.535310341719,5.40817011652081));
#15667=CARTESIAN_POINT('',(-20.,-155.535310341719,5.40817011652081));
#15668=CARTESIAN_POINT('Ctrl Pts',(-16.,-155.535310341719,5.40817011652081));
#15669=CARTESIAN_POINT('Ctrl Pts',(-16.,-155.535310341719,5.56050111112683));
#15670=CARTESIAN_POINT('Ctrl Pts',(-16.,-155.619354977014,5.99385608491986));
#15671=CARTESIAN_POINT('Ctrl Pts',(-20.,-156.394141747358,4.83824242410748));
#15672=CARTESIAN_POINT('Ctrl Pts',(-16.,-156.394141747358,4.83824242410748));
#15673=CARTESIAN_POINT('Ctrl Pts',(-20.,-155.535310341719,4.83824242410748));
#15674=CARTESIAN_POINT('Ctrl Pts',(-16.,-155.535310341719,4.83824242410748));
#15675=CARTESIAN_POINT('Ctrl Pts',(-20.,-155.535310341719,5.40817011652081));
#15676=CARTESIAN_POINT('Ctrl Pts',(-16.,-155.535310341719,5.40817011652081));
#15677=CARTESIAN_POINT('Ctrl Pts',(-16.,-156.394141747358,4.83824242410748));
#15678=CARTESIAN_POINT('Ctrl Pts',(-16.,-155.535310341719,4.83824242410748));
#15679=CARTESIAN_POINT('Ctrl Pts',(-16.,-155.535310341719,5.40817011652081));
#15680=CARTESIAN_POINT('Ctrl Pts',(-20.,-157.599657161835,5.01158405599683));
#15681=CARTESIAN_POINT('Ctrl Pts',(-16.,-157.599657161835,5.01158405599683));
#15682=CARTESIAN_POINT('Ctrl Pts',(-20.,-157.434194071892,4.95643009004682));
#15683=CARTESIAN_POINT('Ctrl Pts',(-16.,-157.434194071892,4.95643009004682));
#15684=CARTESIAN_POINT('Ctrl Pts',(-20.,-157.024476512077,4.89733625707715));
#15685=CARTESIAN_POINT('Ctrl Pts',(-16.,-157.024476512077,4.89733625707715));
#15686=CARTESIAN_POINT('',(-19.2,-157.599657161835,5.01158405599683));
#15687=CARTESIAN_POINT('Ctrl Pts',(-19.2,-157.599657161835,5.01158405599683));
#15688=CARTESIAN_POINT('Ctrl Pts',(-19.2,-157.489348435206,4.97481474536349));
#15689=CARTESIAN_POINT('Ctrl Pts',(-19.2,-157.297621551953,4.93673214572359));
#15690=CARTESIAN_POINT('Ctrl Pts',(-19.2,-157.024476512077,4.89733625707715));
#15691=CARTESIAN_POINT('',(-16.,-157.599657161835,5.01158405599683));
#15692=CARTESIAN_POINT('',(-20.,-157.599657161835,5.01158405599683));
#15693=CARTESIAN_POINT('Ctrl Pts',(-16.,-157.599657161835,5.01158405599683));
#15694=CARTESIAN_POINT('Ctrl Pts',(-16.,-157.434194071892,4.95643009004682));
#15695=CARTESIAN_POINT('Ctrl Pts',(-16.,-157.024476512077,4.89733625707715));
#15696=CARTESIAN_POINT('Ctrl Pts',(-20.,-157.990989966991,5.49746741113751));
#15697=CARTESIAN_POINT('Ctrl Pts',(-16.,-157.990989966991,5.49746741113751));
#15698=CARTESIAN_POINT('Ctrl Pts',(-20.,-157.872802301052,5.10350812730878));
#15699=CARTESIAN_POINT('Ctrl Pts',(-16.,-157.872802301052,5.10350812730878));
#15700=CARTESIAN_POINT('Ctrl Pts',(-20.,-157.599657161835,5.01158405599683));
#15701=CARTESIAN_POINT('Ctrl Pts',(-16.,-157.599657161835,5.01158405599683));
#15702=CARTESIAN_POINT('',(-19.2,-157.990989966991,5.49746741113751));
#15703=CARTESIAN_POINT('Ctrl Pts',(-19.2,-157.990989966991,5.49746741113751));
#15704=CARTESIAN_POINT('Ctrl Pts',(-19.2,-157.912198189698,5.23482788858502));
#15705=CARTESIAN_POINT('Ctrl Pts',(-19.2,-157.781753921313,5.07286677020479));
#15706=CARTESIAN_POINT('Ctrl Pts',(-19.2,-157.599657161835,5.01158405599683));
#15707=CARTESIAN_POINT('',(-16.,-157.990989966991,5.49746741113751));
#15708=CARTESIAN_POINT('',(-20.,-157.990989966991,5.49746741113751));
#15709=CARTESIAN_POINT('Ctrl Pts',(-16.,-157.990989966991,5.49746741113751));
#15710=CARTESIAN_POINT('Ctrl Pts',(-16.,-157.872802301052,5.10350812730878));
#15711=CARTESIAN_POINT('Ctrl Pts',(-16.,-157.599657161835,5.01158405599683));
#15712=CARTESIAN_POINT('Ctrl Pts',(-20.,-156.806485785845,5.25846560058682));
#15713=CARTESIAN_POINT('Ctrl Pts',(-16.,-156.806485785845,5.25846560058682));
#15714=CARTESIAN_POINT('Ctrl Pts',(-20.,-157.478843017223,5.25846560058682));
#15715=CARTESIAN_POINT('Ctrl Pts',(-16.,-157.478843017223,5.25846560058682));
#15716=CARTESIAN_POINT('Ctrl Pts',(-20.,-157.990989966991,5.49746741113751));
#15717=CARTESIAN_POINT('Ctrl Pts',(-16.,-157.990989966991,5.49746741113751));
#15718=CARTESIAN_POINT('',(-19.2,-156.881713701666,5.25922373658397));
#15719=CARTESIAN_POINT('Ctrl Pts',(-19.2,-156.881713701666,5.25922373658397));
#15720=CARTESIAN_POINT('Ctrl Pts',(-19.2,-157.068669524676,5.26301759316931));
#15721=CARTESIAN_POINT('Ctrl Pts',(-19.2,-157.25555133456,5.28124321658018));
#15722=CARTESIAN_POINT('Ctrl Pts',(-19.2,-157.629563774756,5.35670909656449));
#15723=CARTESIAN_POINT('Ctrl Pts',(-19.2,-157.814625601437,5.41516407475489));
#15724=CARTESIAN_POINT('Ctrl Pts',(-19.2,-157.990989966991,5.49746741113751));
#15725=CARTESIAN_POINT('Ctrl Pts',(-20.,-156.881713701666,5.25922373658397));
#15726=CARTESIAN_POINT('Ctrl Pts',(-19.7333333333333,-156.881713701666,
5.25922373658397));
#15727=CARTESIAN_POINT('Ctrl Pts',(-19.4666666666667,-156.881713701666,
5.25922373658397));
#15728=CARTESIAN_POINT('Ctrl Pts',(-19.2,-156.881713701666,5.25922373658397));
#15729=CARTESIAN_POINT('',(-16.,-156.806485785845,5.25846560058682));
#15730=CARTESIAN_POINT('',(-20.,-156.806485785845,5.25846560058682));
#15731=CARTESIAN_POINT('Ctrl Pts',(-16.,-156.806485785845,5.25846560058682));
#15732=CARTESIAN_POINT('Ctrl Pts',(-16.,-157.478843017223,5.25846560058682));
#15733=CARTESIAN_POINT('Ctrl Pts',(-16.,-157.990989966991,5.49746741113751));
#15734=CARTESIAN_POINT('Ctrl Pts',(-20.,-156.128875746134,5.60777593908399));
#15735=CARTESIAN_POINT('Ctrl Pts',(-16.,-156.128875746134,5.60777593908399));
#15736=CARTESIAN_POINT('Ctrl Pts',(-20.,-156.128875746134,5.25846560058682));
#15737=CARTESIAN_POINT('Ctrl Pts',(-16.,-156.128875746134,5.25846560058682));
#15738=CARTESIAN_POINT('Ctrl Pts',(-20.,-156.806485785845,5.25846560058682));
#15739=CARTESIAN_POINT('Ctrl Pts',(-16.,-156.806485785845,5.25846560058682));
#15740=CARTESIAN_POINT('',(-16.,-156.128875746134,5.60777593908399));
#15741=CARTESIAN_POINT('',(-20.,-156.128875746134,5.60777593908399));
#15742=CARTESIAN_POINT('Ctrl Pts',(-16.,-156.128875746134,5.60777593908399));
#15743=CARTESIAN_POINT('Ctrl Pts',(-16.,-156.128875746134,5.25846560058682));
#15744=CARTESIAN_POINT('Ctrl Pts',(-16.,-156.806485785845,5.25846560058682));
#15745=CARTESIAN_POINT('Ctrl Pts',(-20.,-156.213330759409,6.20396782217114));
#15746=CARTESIAN_POINT('Ctrl Pts',(-16.,-156.213330759409,6.20396782217114));
#15747=CARTESIAN_POINT('Ctrl Pts',(-20.,-156.128875746134,5.7837446456918));
#15748=CARTESIAN_POINT('Ctrl Pts',(-16.,-156.128875746134,5.7837446456918));
#15749=CARTESIAN_POINT('Ctrl Pts',(-20.,-156.128875746134,5.60777593908399));
#15750=CARTESIAN_POINT('Ctrl Pts',(-16.,-156.128875746134,5.60777593908399));
#15751=CARTESIAN_POINT('',(-16.,-156.213330759409,6.20396782217114));
#15752=CARTESIAN_POINT('',(-20.,-156.213330759409,6.20396782217114));
#15753=CARTESIAN_POINT('Ctrl Pts',(-16.,-156.213330759409,6.20396782217114));
#15754=CARTESIAN_POINT('Ctrl Pts',(-16.,-156.128875746134,5.7837446456918));
#15755=CARTESIAN_POINT('Ctrl Pts',(-16.,-156.128875746134,5.60777593908399));
#15756=CARTESIAN_POINT('Origin',(-20.,-156.347933544519,6.87895168123334));
#15757=CARTESIAN_POINT('',(-16.,-156.347933544519,6.87895168123334));
#15758=CARTESIAN_POINT('',(-20.,-156.347933544519,6.87895168123334));
#15759=CARTESIAN_POINT('',(-16.,-156.347933544519,6.87895168123334));
#15760=CARTESIAN_POINT('Origin',(-20.,-156.891228093508,6.87895168123334));
#15761=CARTESIAN_POINT('',(-16.,-156.891228093508,6.87895168123334));
#15762=CARTESIAN_POINT('',(-20.,-156.891228093508,6.87895168123334));
#15763=CARTESIAN_POINT('',(-16.,-156.891228093508,6.87895168123334));
#15764=CARTESIAN_POINT('Ctrl Pts',(-20.,-157.544728501442,6.94723774252027));
#15765=CARTESIAN_POINT('Ctrl Pts',(-16.,-157.544728501442,6.94723774252027));
#15766=CARTESIAN_POINT('Ctrl Pts',(-20.,-157.405632122162,6.87895168123334));
#15767=CARTESIAN_POINT('Ctrl Pts',(-16.,-157.405632122162,6.87895168123334));
#15768=CARTESIAN_POINT('Ctrl Pts',(-20.,-156.891228093508,6.87895168123334));
#15769=CARTESIAN_POINT('Ctrl Pts',(-16.,-156.891228093508,6.87895168123334));
#15770=CARTESIAN_POINT('',(-16.,-157.544728501442,6.94723774252027));
#15771=CARTESIAN_POINT('',(-20.,-157.544728501442,6.94723774252027));
#15772=CARTESIAN_POINT('Ctrl Pts',(-16.,-157.544728501442,6.94723774252027));
#15773=CARTESIAN_POINT('Ctrl Pts',(-16.,-157.405632122162,6.87895168123334));
#15774=CARTESIAN_POINT('Ctrl Pts',(-16.,-156.891228093508,6.87895168123334));
#15775=CARTESIAN_POINT('Ctrl Pts',(-20.,-157.862296684387,7.34907616434186));
#15776=CARTESIAN_POINT('Ctrl Pts',(-16.,-157.862296684387,7.34907616434186));
#15777=CARTESIAN_POINT('Ctrl Pts',(-20.,-157.683824880722,7.01552410183042));
#15778=CARTESIAN_POINT('Ctrl Pts',(-16.,-157.683824880722,7.01552410183042));
#15779=CARTESIAN_POINT('Ctrl Pts',(-20.,-157.544728501442,6.94723774252027));
#15780=CARTESIAN_POINT('Ctrl Pts',(-16.,-157.544728501442,6.94723774252027));
#15781=CARTESIAN_POINT('',(-16.,-157.862296684387,7.34907616434186));
#15782=CARTESIAN_POINT('',(-20.,-157.862296684387,7.34907616434186));
#15783=CARTESIAN_POINT('Ctrl Pts',(-16.,-157.862296684387,7.34907616434186));
#15784=CARTESIAN_POINT('Ctrl Pts',(-16.,-157.683824880722,7.01552410183042));
#15785=CARTESIAN_POINT('Ctrl Pts',(-16.,-157.544728501442,6.94723774252027));
#15786=CARTESIAN_POINT('Ctrl Pts',(-20.,-156.95442570627,7.20462460575192));
#15787=CARTESIAN_POINT('Ctrl Pts',(-16.,-156.95442570627,7.20462460575192));
#15788=CARTESIAN_POINT('Ctrl Pts',(-20.,-157.523820086124,7.20462460575192));
#15789=CARTESIAN_POINT('Ctrl Pts',(-16.,-157.523820086124,7.20462460575192));
#15790=CARTESIAN_POINT('Ctrl Pts',(-20.,-157.862296684387,7.34907616434186));
#15791=CARTESIAN_POINT('Ctrl Pts',(-16.,-157.862296684387,7.34907616434186));
#15792=CARTESIAN_POINT('',(-16.,-156.95442570627,7.20462460575192));
#15793=CARTESIAN_POINT('',(-20.,-156.95442570627,7.20462460575192));
#15794=CARTESIAN_POINT('Ctrl Pts',(-16.,-156.95442570627,7.20462460575192));
#15795=CARTESIAN_POINT('Ctrl Pts',(-16.,-157.523820086124,7.20462460575192));
#15796=CARTESIAN_POINT('Ctrl Pts',(-16.,-157.862296684387,7.34907616434186));
#15797=CARTESIAN_POINT('Origin',(-20.,-156.411254240873,7.20462460575192));
#15798=CARTESIAN_POINT('',(-16.,-156.411254240873,7.20462460575192));
#15799=CARTESIAN_POINT('',(-20.,-156.411254240873,7.20462460575192));
#15800=CARTESIAN_POINT('',(-16.,-156.411254240873,7.20462460575192));
#15801=CARTESIAN_POINT('Origin',(-20.,-156.672539545896,8.49943746385663));
#15802=CARTESIAN_POINT('',(-16.,-156.672539545896,8.49943746385663));
#15803=CARTESIAN_POINT('',(-20.,-156.672539545896,8.49943746385663));
#15804=CARTESIAN_POINT('',(-16.,-156.672539545896,8.49943746385663));
#15805=CARTESIAN_POINT('Origin',(-20.,-157.519716306331,8.49943746385663));
#15806=CARTESIAN_POINT('',(-16.,-157.519716306331,8.49943746385663));
#15807=CARTESIAN_POINT('',(-20.,-157.519716306331,8.49943746385663));
#15808=CARTESIAN_POINT('',(-16.,-157.519716306331,8.49943746385663));
#15809=CARTESIAN_POINT('Ctrl Pts',(-20.,-158.218686266544,8.57035000381558));
#15810=CARTESIAN_POINT('Ctrl Pts',(-16.,-158.218686266544,8.57035000381558));
#15811=CARTESIAN_POINT('Ctrl Pts',(-20.,-158.057388647201,8.49943746385663));
#15812=CARTESIAN_POINT('Ctrl Pts',(-16.,-158.057388647201,8.49943746385663));
#15813=CARTESIAN_POINT('Ctrl Pts',(-20.,-157.519716306331,8.49943746385663));
#15814=CARTESIAN_POINT('Ctrl Pts',(-16.,-157.519716306331,8.49943746385663));
#15815=CARTESIAN_POINT('',(-16.,-158.218686266544,8.57035000381558));
#15816=CARTESIAN_POINT('',(-20.,-158.218686266544,8.57035000381558));
#15817=CARTESIAN_POINT('Ctrl Pts',(-16.,-158.218686266544,8.57035000381558));
#15818=CARTESIAN_POINT('Ctrl Pts',(-16.,-158.057388647201,8.49943746385663));
#15819=CARTESIAN_POINT('Ctrl Pts',(-16.,-157.519716306331,8.49943746385663));
#15820=CARTESIAN_POINT('Ctrl Pts',(-20.,-158.587181850078,8.96956224498837));
#15821=CARTESIAN_POINT('Ctrl Pts',(-16.,-158.587181850078,8.96956224498837));
#15822=CARTESIAN_POINT('Ctrl Pts',(-20.,-158.379983885887,8.64126284179776));
#15823=CARTESIAN_POINT('Ctrl Pts',(-16.,-158.379983885887,8.64126284179776));
#15824=CARTESIAN_POINT('Ctrl Pts',(-20.,-158.218686266544,8.57035000381558));
#15825=CARTESIAN_POINT('Ctrl Pts',(-16.,-158.218686266544,8.57035000381558));
#15826=CARTESIAN_POINT('',(-16.,-158.587181850078,8.96956224498837));
#15827=CARTESIAN_POINT('',(-20.,-158.587181850078,8.96956224498837));
#15828=CARTESIAN_POINT('Ctrl Pts',(-16.,-158.587181850078,8.96956224498837));
#15829=CARTESIAN_POINT('Ctrl Pts',(-16.,-158.379983885887,8.64126284179776));
#15830=CARTESIAN_POINT('Ctrl Pts',(-16.,-158.218686266544,8.57035000381558));
#15831=CARTESIAN_POINT('Ctrl Pts',(-20.,-157.384292765262,8.82248390970319));
#15832=CARTESIAN_POINT('Ctrl Pts',(-16.,-157.384292765262,8.82248390970319));
#15833=CARTESIAN_POINT('Ctrl Pts',(-20.,-158.12493620694,8.82248390970319));
#15834=CARTESIAN_POINT('Ctrl Pts',(-16.,-158.12493620694,8.82248390970319));
#15835=CARTESIAN_POINT('Ctrl Pts',(-20.,-158.587181850078,8.96956224498837));
#15836=CARTESIAN_POINT('Ctrl Pts',(-16.,-158.587181850078,8.96956224498837));
#15837=CARTESIAN_POINT('',(-16.,-157.384292765262,8.82248390970319));
#15838=CARTESIAN_POINT('',(-20.,-157.384292765262,8.82248390970319));
#15839=CARTESIAN_POINT('Ctrl Pts',(-16.,-157.384292765262,8.82248390970319));
#15840=CARTESIAN_POINT('Ctrl Pts',(-16.,-158.12493620694,8.82248390970319));
#15841=CARTESIAN_POINT('Ctrl Pts',(-16.,-158.587181850078,8.96956224498837));
#15842=CARTESIAN_POINT('Origin',(-20.,-156.601626856926,8.82248390970319));
#15843=CARTESIAN_POINT('',(-16.,-156.601626856926,8.82248390970319));
#15844=CARTESIAN_POINT('',(-20.,-156.601626856926,8.82248390970319));
#15845=CARTESIAN_POINT('',(-16.,-156.601626856926,8.82248390970319));
#15846=CARTESIAN_POINT('Ctrl Pts',(-20.,-155.501167162063,8.73056013641446));
#15847=CARTESIAN_POINT('Ctrl Pts',(-16.,-155.501167162063,8.73056013641446));
#15848=CARTESIAN_POINT('Ctrl Pts',(-20.,-155.67976204932,8.82248390970319));
#15849=CARTESIAN_POINT('Ctrl Pts',(-16.,-155.67976204932,8.82248390970319));
#15850=CARTESIAN_POINT('Ctrl Pts',(-20.,-156.601626856926,8.82248390970319));
#15851=CARTESIAN_POINT('Ctrl Pts',(-16.,-156.601626856926,8.82248390970319));
#15852=CARTESIAN_POINT('',(-16.,-155.501167162063,8.73056013641446));
#15853=CARTESIAN_POINT('',(-20.,-155.501167162063,8.73056013641446));
#15854=CARTESIAN_POINT('Ctrl Pts',(-16.,-155.501167162063,8.73056013641446));
#15855=CARTESIAN_POINT('Ctrl Pts',(-16.,-155.67976204932,8.82248390970319));
#15856=CARTESIAN_POINT('Ctrl Pts',(-16.,-156.601626856926,8.82248390970319));
#15857=CARTESIAN_POINT('Ctrl Pts',(-20.,-155.141351020637,8.18952281532376));
#15858=CARTESIAN_POINT('Ctrl Pts',(-16.,-155.141351020637,8.18952281532376));
#15859=CARTESIAN_POINT('Ctrl Pts',(-20.,-155.272670781913,8.6097459918031));
#15860=CARTESIAN_POINT('Ctrl Pts',(-16.,-155.272670781913,8.6097459918031));
#15861=CARTESIAN_POINT('Ctrl Pts',(-20.,-155.501167162063,8.73056013641446));
#15862=CARTESIAN_POINT('Ctrl Pts',(-16.,-155.501167162063,8.73056013641446));
#15863=CARTESIAN_POINT('',(-16.,-155.141351020637,8.18952281532376));
#15864=CARTESIAN_POINT('',(-20.,-155.141351020637,8.18952281532376));
#15865=CARTESIAN_POINT('Ctrl Pts',(-16.,-155.141351020637,8.18952281532376));
#15866=CARTESIAN_POINT('Ctrl Pts',(-16.,-155.272670781913,8.6097459918031));
#15867=CARTESIAN_POINT('Ctrl Pts',(-16.,-155.501167162063,8.73056013641446));
#15868=CARTESIAN_POINT('Ctrl Pts',(-20.,-156.042204632166,8.49943746385663));
#15869=CARTESIAN_POINT('Ctrl Pts',(-16.,-156.042204632166,8.49943746385663));
#15870=CARTESIAN_POINT('Ctrl Pts',(-20.,-155.556321500542,8.49943746385663));
#15871=CARTESIAN_POINT('Ctrl Pts',(-16.,-155.556321500542,8.49943746385663));
#15872=CARTESIAN_POINT('Ctrl Pts',(-20.,-155.141351020637,8.18952281532376));
#15873=CARTESIAN_POINT('Ctrl Pts',(-16.,-155.141351020637,8.18952281532376));
#15874=CARTESIAN_POINT('',(-16.,-156.042204632166,8.49943746385663));
#15875=CARTESIAN_POINT('',(-20.,-156.042204632166,8.49943746385663));
#15876=CARTESIAN_POINT('Ctrl Pts',(-16.,-156.042204632166,8.49943746385663));
#15877=CARTESIAN_POINT('Ctrl Pts',(-16.,-155.556321500542,8.49943746385663));
#15878=CARTESIAN_POINT('Ctrl Pts',(-16.,-155.141351020637,8.18952281532376));
#15879=CARTESIAN_POINT('Origin',(-20.,-156.118370129469,8.49943746385663));
#15880=CARTESIAN_POINT('',(-16.,-156.118370129469,8.49943746385663));
#15881=CARTESIAN_POINT('',(-20.,-156.118370129469,8.49943746385663));
#15882=CARTESIAN_POINT('',(-16.,-156.118370129469,8.49943746385663));
#15883=CARTESIAN_POINT('Origin',(-20.,-155.860983415249,7.20462460575192));
#15884=CARTESIAN_POINT('',(-16.,-155.860983415249,7.20462460575192));
#15885=CARTESIAN_POINT('',(-20.,-155.860983415249,7.20462460575192));
#15886=CARTESIAN_POINT('',(-16.,-155.860983415249,7.20462460575192));
#15887=CARTESIAN_POINT('Origin',(-20.,-155.774312301281,7.20462460575192));
#15888=CARTESIAN_POINT('',(-16.,-155.774312301281,7.20462460575192));
#15889=CARTESIAN_POINT('',(-20.,-155.774312301281,7.20462460575192));
#15890=CARTESIAN_POINT('',(-16.,-155.774312301281,7.20462460575192));
#15891=CARTESIAN_POINT('Ctrl Pts',(-20.,-155.478842838409,7.12583262977689));
#15892=CARTESIAN_POINT('Ctrl Pts',(-16.,-155.478842838409,7.12583262977689));
#15893=CARTESIAN_POINT('Ctrl Pts',(-20.,-155.572079851034,7.20462460575192));
#15894=CARTESIAN_POINT('Ctrl Pts',(-16.,-155.572079851034,7.20462460575192));
#15895=CARTESIAN_POINT('Ctrl Pts',(-20.,-155.774312301281,7.20462460575192));
#15896=CARTESIAN_POINT('Ctrl Pts',(-16.,-155.774312301281,7.20462460575192));
#15897=CARTESIAN_POINT('',(-16.,-155.478842838409,7.12583262977689));
#15898=CARTESIAN_POINT('',(-20.,-155.478842838409,7.12583262977689));
#15899=CARTESIAN_POINT('Ctrl Pts',(-16.,-155.478842838409,7.12583262977689));
#15900=CARTESIAN_POINT('Ctrl Pts',(-16.,-155.572079851034,7.20462460575192));
#15901=CARTESIAN_POINT('Ctrl Pts',(-16.,-155.774312301281,7.20462460575192));
#15902=CARTESIAN_POINT('Ctrl Pts',(-20.,-155.241154043677,6.76339019594281));
#15903=CARTESIAN_POINT('Ctrl Pts',(-16.,-155.241154043677,6.76339019594281));
#15904=CARTESIAN_POINT('Ctrl Pts',(-20.,-155.385605825785,7.04704095182507));
#15905=CARTESIAN_POINT('Ctrl Pts',(-16.,-155.385605825785,7.04704095182507));
#15906=CARTESIAN_POINT('Ctrl Pts',(-20.,-155.478842838409,7.12583262977689));
#15907=CARTESIAN_POINT('Ctrl Pts',(-16.,-155.478842838409,7.12583262977689));
#15908=CARTESIAN_POINT('',(-16.,-155.241154043677,6.76339019594281));
#15909=CARTESIAN_POINT('',(-20.,-155.241154043677,6.76339019594281));
#15910=CARTESIAN_POINT('Ctrl Pts',(-16.,-155.241154043677,6.76339019594281));
#15911=CARTESIAN_POINT('Ctrl Pts',(-16.,-155.385605825785,7.04704095182507));
#15912=CARTESIAN_POINT('Ctrl Pts',(-16.,-155.478842838409,7.12583262977689));
#15913=CARTESIAN_POINT('Ctrl Pts',(-20.,-155.755927546623,6.87895168123334));
#15914=CARTESIAN_POINT('Ctrl Pts',(-16.,-155.755927546623,6.87895168123334));
#15915=CARTESIAN_POINT('Ctrl Pts',(-20.,-155.490661619904,6.87895168123334));
#15916=CARTESIAN_POINT('Ctrl Pts',(-16.,-155.490661619904,6.87895168123334));
#15917=CARTESIAN_POINT('Ctrl Pts',(-20.,-155.241154043677,6.76339019594281));
#15918=CARTESIAN_POINT('Ctrl Pts',(-16.,-155.241154043677,6.76339019594281));
#15919=CARTESIAN_POINT('Ctrl Pts',(-16.,-155.755927546623,6.87895168123334));
#15920=CARTESIAN_POINT('Ctrl Pts',(-16.,-155.490661619904,6.87895168123334));
#15921=CARTESIAN_POINT('Ctrl Pts',(-16.,-155.241154043677,6.76339019594281));
#15922=CARTESIAN_POINT('Origin',(-16.,-156.864266435358,6.90390233454793));
#15923=CARTESIAN_POINT('Ctrl Pts',(-20.,-171.590465887192,8.25518239793866));
#15924=CARTESIAN_POINT('Ctrl Pts',(-16.,-171.590465887192,8.25518239793866));
#15925=CARTESIAN_POINT('Ctrl Pts',(-20.,-172.076348646286,8.25518239793866));
#15926=CARTESIAN_POINT('Ctrl Pts',(-16.,-172.076348646286,8.25518239793866));
#15927=CARTESIAN_POINT('Ctrl Pts',(-20.,-172.525462492111,8.43377758321851));
#15928=CARTESIAN_POINT('Ctrl Pts',(-16.,-172.525462492111,8.43377758321851));
#15929=CARTESIAN_POINT('',(-19.2,-171.590465887192,8.25518239793866));
#15930=CARTESIAN_POINT('',(-19.2,-171.769688907594,8.2613435242506));
#15931=CARTESIAN_POINT('Ctrl Pts',(-19.2,-171.590465887192,8.25518239793866));
#15932=CARTESIAN_POINT('Ctrl Pts',(-19.2,-171.65039453394,8.25518239793866));
#15933=CARTESIAN_POINT('Ctrl Pts',(-19.2,-171.710139293555,8.25722008218462));
#15934=CARTESIAN_POINT('Ctrl Pts',(-19.2,-171.769688907594,8.2613435242506));
#15935=CARTESIAN_POINT('',(-16.,-171.590465887192,8.25518239793866));
#15936=CARTESIAN_POINT('',(-20.,-171.590465887192,8.25518239793866));
#15937=CARTESIAN_POINT('',(-16.,-172.525462492111,8.43377758321851));
#15938=CARTESIAN_POINT('Ctrl Pts',(-16.,-171.590465887192,8.25518239793866));
#15939=CARTESIAN_POINT('Ctrl Pts',(-16.,-172.076348646286,8.25518239793866));
#15940=CARTESIAN_POINT('Ctrl Pts',(-16.,-172.525462492111,8.43377758321851));
#15941=CARTESIAN_POINT('',(-20.,-172.525462492111,8.43377758321851));
#15942=CARTESIAN_POINT('',(-20.,-172.525462492111,8.43377758321851));
#15943=CARTESIAN_POINT('',(-20.,-171.769688907594,8.2613435242506));
#15944=CARTESIAN_POINT('Ctrl Pts',(-20.,-171.769688907594,8.2613435242506));
#15945=CARTESIAN_POINT('Ctrl Pts',(-20.,-172.159765081648,8.28835388411599));
#15946=CARTESIAN_POINT('Ctrl Pts',(-20.,-172.525462492111,8.43377758321851));
#15947=CARTESIAN_POINT('Ctrl Pts',(-19.2,-171.769688907594,8.2613435242506));
#15948=CARTESIAN_POINT('Ctrl Pts',(-19.4666666666667,-171.769688907594,
8.2613435242506));
#15949=CARTESIAN_POINT('Ctrl Pts',(-19.7333333333333,-171.769688907594,
8.2613435242506));
#15950=CARTESIAN_POINT('Ctrl Pts',(-20.,-171.769688907594,8.2613435242506));
#15951=CARTESIAN_POINT('Ctrl Pts',(-20.,-173.380354030731,5.58413852510541));
#15952=CARTESIAN_POINT('Ctrl Pts',(-16.,-173.380354030731,5.58413852510541));
#15953=CARTESIAN_POINT('Ctrl Pts',(-20.,-173.704714162948,5.97284514961331));
#15954=CARTESIAN_POINT('Ctrl Pts',(-16.,-173.704714162948,5.97284514961331));
#15955=CARTESIAN_POINT('Ctrl Pts',(-20.,-173.704714162948,6.52964074668973));
#15956=CARTESIAN_POINT('Ctrl Pts',(-16.,-173.704714162948,6.52964074668973));
#15957=CARTESIAN_POINT('',(-20.,-173.380354030731,5.58413852510541));
#15958=CARTESIAN_POINT('',(-20.,-173.704714162948,6.52964074668973));
#15959=CARTESIAN_POINT('Ctrl Pts',(-20.,-173.380354030731,5.58413852510541));
#15960=CARTESIAN_POINT('Ctrl Pts',(-20.,-173.704714162948,5.97284514961331));
#15961=CARTESIAN_POINT('Ctrl Pts',(-20.,-173.704714162948,6.52964074668973));
#15962=CARTESIAN_POINT('',(-16.,-173.380354030731,5.58413852510541));
#15963=CARTESIAN_POINT('',(-20.,-173.380354030731,5.58413852510541));
#15964=CARTESIAN_POINT('',(-16.,-173.704714162948,6.52964074668973));
#15965=CARTESIAN_POINT('Ctrl Pts',(-16.,-173.380354030731,5.58413852510541));
#15966=CARTESIAN_POINT('Ctrl Pts',(-16.,-173.704714162948,5.97284514961331));
#15967=CARTESIAN_POINT('Ctrl Pts',(-16.,-173.704714162948,6.52964074668973));
#15968=CARTESIAN_POINT('',(-20.,-173.704714162948,6.52964074668973));
#15969=CARTESIAN_POINT('Ctrl Pts',(-20.,-172.593749149444,5.19543219862073));
#15970=CARTESIAN_POINT('Ctrl Pts',(-16.,-172.593749149444,5.19543219862073));
#15971=CARTESIAN_POINT('Ctrl Pts',(-20.,-173.055993898514,5.19543219862073));
#15972=CARTESIAN_POINT('Ctrl Pts',(-16.,-173.055993898514,5.19543219862073));
#15973=CARTESIAN_POINT('Ctrl Pts',(-20.,-173.380354030731,5.58413852510541));
#15974=CARTESIAN_POINT('Ctrl Pts',(-16.,-173.380354030731,5.58413852510541));
#15975=CARTESIAN_POINT('',(-20.,-172.593749149444,5.19543219862073));
#15976=CARTESIAN_POINT('Ctrl Pts',(-20.,-172.593749149444,5.19543219862073));
#15977=CARTESIAN_POINT('Ctrl Pts',(-20.,-173.055993898514,5.19543219862073));
#15978=CARTESIAN_POINT('Ctrl Pts',(-20.,-173.380354030731,5.58413852510541));
#15979=CARTESIAN_POINT('',(-16.,-172.593749149444,5.19543219862073));
#15980=CARTESIAN_POINT('',(-20.,-172.593749149444,5.19543219862073));
#15981=CARTESIAN_POINT('Ctrl Pts',(-16.,-172.593749149444,5.19543219862073));
#15982=CARTESIAN_POINT('Ctrl Pts',(-16.,-173.055993898514,5.19543219862073));
#15983=CARTESIAN_POINT('Ctrl Pts',(-16.,-173.380354030731,5.58413852510541));
#15984=CARTESIAN_POINT('Ctrl Pts',(-20.,-171.942402704361,5.50534654913037));
#15985=CARTESIAN_POINT('Ctrl Pts',(-16.,-171.942402704361,5.50534654913037));
#15986=CARTESIAN_POINT('Ctrl Pts',(-20.,-172.207668407562,5.19543219862073));
#15987=CARTESIAN_POINT('Ctrl Pts',(-16.,-172.207668407562,5.19543219862073));
#15988=CARTESIAN_POINT('Ctrl Pts',(-20.,-172.593749149444,5.19543219862073));
#15989=CARTESIAN_POINT('Ctrl Pts',(-16.,-172.593749149444,5.19543219862073));
#15990=CARTESIAN_POINT('',(-20.,-171.942402704361,5.50534654913037));
#15991=CARTESIAN_POINT('Ctrl Pts',(-20.,-171.942402704361,5.50534654913037));
#15992=CARTESIAN_POINT('Ctrl Pts',(-20.,-172.207668407562,5.19543219862073));
#15993=CARTESIAN_POINT('Ctrl Pts',(-20.,-172.593749149444,5.19543219862073));
#15994=CARTESIAN_POINT('',(-16.,-171.942402704361,5.50534654913037));
#15995=CARTESIAN_POINT('',(-20.,-171.942402704361,5.50534654913037));
#15996=CARTESIAN_POINT('Ctrl Pts',(-16.,-171.942402704361,5.50534654913037));
#15997=CARTESIAN_POINT('Ctrl Pts',(-16.,-172.207668407562,5.19543219862073));
#15998=CARTESIAN_POINT('Ctrl Pts',(-16.,-172.593749149444,5.19543219862073));
#15999=CARTESIAN_POINT('Origin',(-20.,-172.244438512924,7.01552410183042));
#16000=CARTESIAN_POINT('',(-20.,-172.244438512924,7.01552410183042));
#16001=CARTESIAN_POINT('',(-20.,-167.776698796602,-15.3231524378561));
#16002=CARTESIAN_POINT('',(-16.,-172.244438512924,7.01552410183042));
#16003=CARTESIAN_POINT('',(-20.,-172.244438512924,7.01552410183042));
#16004=CARTESIAN_POINT('',(-16.,-172.244438512924,7.01552410183042));
#16005=CARTESIAN_POINT('Ctrl Pts',(-20.,-173.04286299527,7.43049461898892));
#16006=CARTESIAN_POINT('Ctrl Pts',(-16.,-173.04286299527,7.43049461898892));
#16007=CARTESIAN_POINT('Ctrl Pts',(-20.,-172.675166710022,7.43049461898892));
#16008=CARTESIAN_POINT('Ctrl Pts',(-16.,-172.675166710022,7.43049461898892));
#16009=CARTESIAN_POINT('Ctrl Pts',(-20.,-172.244438512924,7.01552410183042));
#16010=CARTESIAN_POINT('Ctrl Pts',(-16.,-172.244438512924,7.01552410183042));
#16011=CARTESIAN_POINT('',(-20.,-173.04286299527,7.43049461898892));
#16012=CARTESIAN_POINT('Ctrl Pts',(-20.,-173.04286299527,7.43049461898892));
#16013=CARTESIAN_POINT('Ctrl Pts',(-20.,-172.675166710022,7.43049461898892));
#16014=CARTESIAN_POINT('Ctrl Pts',(-20.,-172.244438512924,7.01552410183042));
#16015=CARTESIAN_POINT('',(-16.,-173.04286299527,7.43049461898892));
#16016=CARTESIAN_POINT('',(-20.,-173.04286299527,7.43049461898892));
#16017=CARTESIAN_POINT('Ctrl Pts',(-16.,-173.04286299527,7.43049461898892));
#16018=CARTESIAN_POINT('Ctrl Pts',(-16.,-172.675166710022,7.43049461898892));
#16019=CARTESIAN_POINT('Ctrl Pts',(-16.,-172.244438512924,7.01552410183042));
#16020=CARTESIAN_POINT('Ctrl Pts',(-20.,-173.520867212417,7.18098689375012));
#16021=CARTESIAN_POINT('Ctrl Pts',(-16.,-173.520867212417,7.18098689375012));
#16022=CARTESIAN_POINT('Ctrl Pts',(-20.,-173.337019069794,7.43049461898892));
#16023=CARTESIAN_POINT('Ctrl Pts',(-16.,-173.337019069794,7.43049461898892));
#16024=CARTESIAN_POINT('Ctrl Pts',(-20.,-173.04286299527,7.43049461898892));
#16025=CARTESIAN_POINT('Ctrl Pts',(-16.,-173.04286299527,7.43049461898892));
#16026=CARTESIAN_POINT('',(-20.,-173.520867212417,7.18098689375012));
#16027=CARTESIAN_POINT('Ctrl Pts',(-20.,-173.520867212417,7.18098689375012));
#16028=CARTESIAN_POINT('Ctrl Pts',(-20.,-173.337019069794,7.43049461898892));
#16029=CARTESIAN_POINT('Ctrl Pts',(-20.,-173.04286299527,7.43049461898892));
#16030=CARTESIAN_POINT('',(-16.,-173.520867212417,7.18098689375012));
#16031=CARTESIAN_POINT('',(-20.,-173.520867212417,7.18098689375012));
#16032=CARTESIAN_POINT('Ctrl Pts',(-16.,-173.520867212417,7.18098689375012));
#16033=CARTESIAN_POINT('Ctrl Pts',(-16.,-173.337019069794,7.43049461898892));
#16034=CARTESIAN_POINT('Ctrl Pts',(-16.,-173.04286299527,7.43049461898892));
#16035=CARTESIAN_POINT('Ctrl Pts',(-20.,-173.704714162948,6.52964074668973));
#16036=CARTESIAN_POINT('Ctrl Pts',(-16.,-173.704714162948,6.52964074668973));
#16037=CARTESIAN_POINT('Ctrl Pts',(-20.,-173.704714162948,6.93147946653455));
#16038=CARTESIAN_POINT('Ctrl Pts',(-16.,-173.704714162948,6.93147946653455));
#16039=CARTESIAN_POINT('Ctrl Pts',(-20.,-173.520867212417,7.18098689375012));
#16040=CARTESIAN_POINT('Ctrl Pts',(-16.,-173.520867212417,7.18098689375012));
#16041=CARTESIAN_POINT('Ctrl Pts',(-20.,-173.704714162948,6.52964074668973));
#16042=CARTESIAN_POINT('Ctrl Pts',(-20.,-173.704714162948,6.93147946653455));
#16043=CARTESIAN_POINT('Ctrl Pts',(-20.,-173.520867212417,7.18098689375012));
#16044=CARTESIAN_POINT('Ctrl Pts',(-16.,-173.704714162948,6.52964074668973));
#16045=CARTESIAN_POINT('Ctrl Pts',(-16.,-173.704714162948,6.93147946653455));
#16046=CARTESIAN_POINT('Ctrl Pts',(-16.,-173.520867212417,7.18098689375012));
#16047=CARTESIAN_POINT('Ctrl Pts',(-20.,-171.603597982529,3.55393458662122));
#16048=CARTESIAN_POINT('Ctrl Pts',(-16.,-171.603597982529,3.55393458662122));
#16049=CARTESIAN_POINT('Ctrl Pts',(-20.,-171.603597982529,3.3989774113664));
#16050=CARTESIAN_POINT('Ctrl Pts',(-16.,-171.603597982529,3.3989774113664));
#16051=CARTESIAN_POINT('Ctrl Pts',(-20.,-171.671884639862,3.27291060743421));
#16052=CARTESIAN_POINT('Ctrl Pts',(-16.,-171.671884639862,3.27291060743421));
#16053=CARTESIAN_POINT('',(-20.,-171.603597982529,3.55393458662122));
#16054=CARTESIAN_POINT('',(-20.,-171.671884639862,3.27291060743421));
#16055=CARTESIAN_POINT('Ctrl Pts',(-20.,-171.603597982529,3.55393458662122));
#16056=CARTESIAN_POINT('Ctrl Pts',(-20.,-171.603597982529,3.3989774113664));
#16057=CARTESIAN_POINT('Ctrl Pts',(-20.,-171.671884639862,3.27291060743421));
#16058=CARTESIAN_POINT('',(-16.,-171.603597982529,3.55393458662122));
#16059=CARTESIAN_POINT('',(-20.,-171.603597982529,3.55393458662122));
#16060=CARTESIAN_POINT('',(-16.,-171.671884639862,3.27291060743421));
#16061=CARTESIAN_POINT('Ctrl Pts',(-16.,-171.603597982529,3.55393458662122));
#16062=CARTESIAN_POINT('Ctrl Pts',(-16.,-171.603597982529,3.3989774113664));
#16063=CARTESIAN_POINT('Ctrl Pts',(-16.,-171.671884639862,3.27291060743421));
#16064=CARTESIAN_POINT('',(-20.,-171.671884639862,3.27291060743421));
#16065=CARTESIAN_POINT('Ctrl Pts',(-20.,-171.66925726712,4.1264890557298));
#16066=CARTESIAN_POINT('Ctrl Pts',(-16.,-171.66925726712,4.1264890557298));
#16067=CARTESIAN_POINT('Ctrl Pts',(-20.,-171.603597982529,3.79818965253919));
#16068=CARTESIAN_POINT('Ctrl Pts',(-16.,-171.603597982529,3.79818965253919));
#16069=CARTESIAN_POINT('Ctrl Pts',(-20.,-171.603597982529,3.55393458662122));
#16070=CARTESIAN_POINT('Ctrl Pts',(-16.,-171.603597982529,3.55393458662122));
#16071=CARTESIAN_POINT('',(-20.,-171.66925726712,4.1264890557298));
#16072=CARTESIAN_POINT('Ctrl Pts',(-20.,-171.66925726712,4.1264890557298));
#16073=CARTESIAN_POINT('Ctrl Pts',(-20.,-171.603597982529,3.79818965253919));
#16074=CARTESIAN_POINT('Ctrl Pts',(-20.,-171.603597982529,3.55393458662122));
#16075=CARTESIAN_POINT('',(-16.,-171.66925726712,4.1264890557298));
#16076=CARTESIAN_POINT('',(-20.,-171.66925726712,4.1264890557298));
#16077=CARTESIAN_POINT('Ctrl Pts',(-16.,-171.66925726712,4.1264890557298));
#16078=CARTESIAN_POINT('Ctrl Pts',(-16.,-171.603597982529,3.79818965253919));
#16079=CARTESIAN_POINT('Ctrl Pts',(-16.,-171.603597982529,3.55393458662122));
#16080=CARTESIAN_POINT('Origin',(-20.,-171.860985143783,5.09825516996472));
#16081=CARTESIAN_POINT('',(-20.,-171.860985143783,5.09825516996472));
#16082=CARTESIAN_POINT('',(-20.,-167.688883092381,-16.0478998349468));
#16083=CARTESIAN_POINT('',(-16.,-171.860985143783,5.09825516996472));
#16084=CARTESIAN_POINT('',(-20.,-171.860985143783,5.09825516996472));
#16085=CARTESIAN_POINT('',(-16.,-171.860985143783,5.09825516996472));
#16086=CARTESIAN_POINT('Ctrl Pts',(-20.,-172.49394594014,4.93541885671704));
#16087=CARTESIAN_POINT('Ctrl Pts',(-16.,-172.49394594014,4.93541885671704));
#16088=CARTESIAN_POINT('Ctrl Pts',(-20.,-172.113118751648,4.93541885671704));
#16089=CARTESIAN_POINT('Ctrl Pts',(-16.,-172.113118751648,4.93541885671704));
#16090=CARTESIAN_POINT('Ctrl Pts',(-20.,-171.860985143783,5.09825516996472));
#16091=CARTESIAN_POINT('Ctrl Pts',(-16.,-171.860985143783,5.09825516996472));
#16092=CARTESIAN_POINT('',(-20.,-172.49394594014,4.93541885671704));
#16093=CARTESIAN_POINT('Ctrl Pts',(-20.,-172.49394594014,4.93541885671704));
#16094=CARTESIAN_POINT('Ctrl Pts',(-20.,-172.113118751648,4.93541885671704));
#16095=CARTESIAN_POINT('Ctrl Pts',(-20.,-171.860985143783,5.09825516996472));
#16096=CARTESIAN_POINT('',(-16.,-172.49394594014,4.93541885671704));
#16097=CARTESIAN_POINT('',(-20.,-172.49394594014,4.93541885671704));
#16098=CARTESIAN_POINT('Ctrl Pts',(-16.,-172.49394594014,4.93541885671704));
#16099=CARTESIAN_POINT('Ctrl Pts',(-16.,-172.113118751648,4.93541885671704));
#16100=CARTESIAN_POINT('Ctrl Pts',(-16.,-171.860985143783,5.09825516996472));
#16101=CARTESIAN_POINT('Ctrl Pts',(-20.,-173.709966524246,5.47120351848691));
#16102=CARTESIAN_POINT('Ctrl Pts',(-16.,-173.709966524246,5.47120351848691));
#16103=CARTESIAN_POINT('Ctrl Pts',(-20.,-173.197819574478,4.93541885671704));
#16104=CARTESIAN_POINT('Ctrl Pts',(-16.,-173.197819574478,4.93541885671704));
#16105=CARTESIAN_POINT('Ctrl Pts',(-20.,-172.49394594014,4.93541885671704));
#16106=CARTESIAN_POINT('Ctrl Pts',(-16.,-172.49394594014,4.93541885671704));
#16107=CARTESIAN_POINT('',(-20.,-173.709966524246,5.47120351848691));
#16108=CARTESIAN_POINT('Ctrl Pts',(-20.,-173.709966524246,5.47120351848691));
#16109=CARTESIAN_POINT('Ctrl Pts',(-20.,-173.197819574478,4.93541885671704));
#16110=CARTESIAN_POINT('Ctrl Pts',(-20.,-172.49394594014,4.93541885671704));
#16111=CARTESIAN_POINT('',(-16.,-173.709966524246,5.47120351848691));
#16112=CARTESIAN_POINT('',(-20.,-173.709966524246,5.47120351848691));
#16113=CARTESIAN_POINT('Ctrl Pts',(-16.,-173.709966524246,5.47120351848691));
#16114=CARTESIAN_POINT('Ctrl Pts',(-16.,-173.197819574478,4.93541885671704));
#16115=CARTESIAN_POINT('Ctrl Pts',(-16.,-172.49394594014,4.93541885671704));
#16116=CARTESIAN_POINT('Ctrl Pts',(-20.,-174.222113474014,6.74500544128507));
#16117=CARTESIAN_POINT('Ctrl Pts',(-16.,-174.222113474014,6.74500544128507));
#16118=CARTESIAN_POINT('Ctrl Pts',(-20.,-174.222113474014,6.00698818025678));
#16119=CARTESIAN_POINT('Ctrl Pts',(-16.,-174.222113474014,6.00698818025678));
#16120=CARTESIAN_POINT('Ctrl Pts',(-20.,-173.709966524246,5.47120351848691));
#16121=CARTESIAN_POINT('Ctrl Pts',(-16.,-173.709966524246,5.47120351848691));
#16122=CARTESIAN_POINT('',(-20.,-174.222113474014,6.74500544128507));
#16123=CARTESIAN_POINT('Ctrl Pts',(-20.,-174.222113474014,6.74500544128507));
#16124=CARTESIAN_POINT('Ctrl Pts',(-20.,-174.222113474014,6.00698818025678));
#16125=CARTESIAN_POINT('Ctrl Pts',(-20.,-173.709966524246,5.47120351848691));
#16126=CARTESIAN_POINT('',(-16.,-174.222113474014,6.74500544128507));
#16127=CARTESIAN_POINT('',(-20.,-174.222113474014,6.74500544128507));
#16128=CARTESIAN_POINT('Ctrl Pts',(-16.,-174.222113474014,6.74500544128507));
#16129=CARTESIAN_POINT('Ctrl Pts',(-16.,-174.222113474014,6.00698818025678));
#16130=CARTESIAN_POINT('Ctrl Pts',(-16.,-173.709966524246,5.47120351848691));
#16131=CARTESIAN_POINT('Ctrl Pts',(-20.,-173.943716867569,7.53423709926694));
#16132=CARTESIAN_POINT('Ctrl Pts',(-16.,-173.943716867569,7.53423709926694));
#16133=CARTESIAN_POINT('Ctrl Pts',(-20.,-174.222113474014,7.21775640306561));
#16134=CARTESIAN_POINT('Ctrl Pts',(-16.,-174.222113474014,7.21775640306561));
#16135=CARTESIAN_POINT('Ctrl Pts',(-20.,-174.222113474014,6.74500544128507));
#16136=CARTESIAN_POINT('Ctrl Pts',(-16.,-174.222113474014,6.74500544128507));
#16137=CARTESIAN_POINT('',(-20.,-173.943716867569,7.53423709926694));
#16138=CARTESIAN_POINT('Ctrl Pts',(-20.,-173.943716867569,7.53423709926694));
#16139=CARTESIAN_POINT('Ctrl Pts',(-20.,-174.222113474014,7.21775640306561));
#16140=CARTESIAN_POINT('Ctrl Pts',(-20.,-174.222113474014,6.74500544128507));
#16141=CARTESIAN_POINT('',(-16.,-173.943716867569,7.53423709926694));
#16142=CARTESIAN_POINT('',(-20.,-173.943716867569,7.53423709926694));
#16143=CARTESIAN_POINT('Ctrl Pts',(-16.,-173.943716867569,7.53423709926694));
#16144=CARTESIAN_POINT('Ctrl Pts',(-16.,-174.222113474014,7.21775640306561));
#16145=CARTESIAN_POINT('Ctrl Pts',(-16.,-174.222113474014,6.74500544128507));
#16146=CARTESIAN_POINT('Ctrl Pts',(-20.,-173.247721775177,7.85071779546826));
#16147=CARTESIAN_POINT('Ctrl Pts',(-16.,-173.247721775177,7.85071779546826));
#16148=CARTESIAN_POINT('Ctrl Pts',(-20.,-173.665317876938,7.85071779546826));
#16149=CARTESIAN_POINT('Ctrl Pts',(-16.,-173.665317876938,7.85071779546826));
#16150=CARTESIAN_POINT('Ctrl Pts',(-20.,-173.943716867569,7.53423709926694));
#16151=CARTESIAN_POINT('Ctrl Pts',(-16.,-173.943716867569,7.53423709926694));
#16152=CARTESIAN_POINT('',(-20.,-173.247721775177,7.85071779546826));
#16153=CARTESIAN_POINT('Ctrl Pts',(-20.,-173.247721775177,7.85071779546826));
#16154=CARTESIAN_POINT('Ctrl Pts',(-20.,-173.665317876938,7.85071779546826));
#16155=CARTESIAN_POINT('Ctrl Pts',(-20.,-173.943716867569,7.53423709926694));
#16156=CARTESIAN_POINT('',(-16.,-173.247721775177,7.85071779546826));
#16157=CARTESIAN_POINT('',(-20.,-173.247721775177,7.85071779546826));
#16158=CARTESIAN_POINT('Ctrl Pts',(-16.,-173.247721775177,7.85071779546826));
#16159=CARTESIAN_POINT('Ctrl Pts',(-16.,-173.665317876938,7.85071779546826));
#16160=CARTESIAN_POINT('Ctrl Pts',(-16.,-173.943716867569,7.53423709926694));
#16161=CARTESIAN_POINT('Ctrl Pts',(-20.,-172.323229892853,7.41998900232404));
#16162=CARTESIAN_POINT('Ctrl Pts',(-16.,-172.323229892853,7.41998900232404));
#16163=CARTESIAN_POINT('Ctrl Pts',(-20.,-172.769717558029,7.85071779546826));
#16164=CARTESIAN_POINT('Ctrl Pts',(-16.,-172.769717558029,7.85071779546826));
#16165=CARTESIAN_POINT('Ctrl Pts',(-20.,-173.247721775177,7.85071779546826));
#16166=CARTESIAN_POINT('Ctrl Pts',(-16.,-173.247721775177,7.85071779546826));
#16167=CARTESIAN_POINT('',(-20.,-172.323229892853,7.41998900232404));
#16168=CARTESIAN_POINT('Ctrl Pts',(-20.,-172.323229892853,7.41998900232404));
#16169=CARTESIAN_POINT('Ctrl Pts',(-20.,-172.769717558029,7.85071779546826));
#16170=CARTESIAN_POINT('Ctrl Pts',(-20.,-173.247721775177,7.85071779546826));
#16171=CARTESIAN_POINT('',(-16.,-172.323229892853,7.41998900232404));
#16172=CARTESIAN_POINT('',(-20.,-172.323229892853,7.41998900232404));
#16173=CARTESIAN_POINT('Ctrl Pts',(-16.,-172.323229892853,7.41998900232404));
#16174=CARTESIAN_POINT('Ctrl Pts',(-16.,-172.769717558029,7.85071779546826));
#16175=CARTESIAN_POINT('Ctrl Pts',(-16.,-173.247721775177,7.85071779546826));
#16176=CARTESIAN_POINT('Origin',(-20.,-172.525462492111,8.43377758321851));
#16177=CARTESIAN_POINT('',(-20.,-167.936793148761,-14.5691437996248));
#16178=CARTESIAN_POINT('',(-16.,-172.525462492111,8.43377758321851));
#16179=CARTESIAN_POINT('Ctrl Pts',(-20.,-171.007406099441,8.3838759785661));
#16180=CARTESIAN_POINT('Ctrl Pts',(-16.,-171.007406099441,8.3838759785661));
#16181=CARTESIAN_POINT('Ctrl Pts',(-20.,-171.199132784012,8.25518239793866));
#16182=CARTESIAN_POINT('Ctrl Pts',(-16.,-171.199132784012,8.25518239793866));
#16183=CARTESIAN_POINT('Ctrl Pts',(-20.,-171.590465887192,8.25518239793866));
#16184=CARTESIAN_POINT('Ctrl Pts',(-16.,-171.590465887192,8.25518239793866));
#16185=CARTESIAN_POINT('',(-19.2,-171.007406099441,8.3838759785661));
#16186=CARTESIAN_POINT('Ctrl Pts',(-19.2,-171.007406099441,8.3838759785661));
#16187=CARTESIAN_POINT('Ctrl Pts',(-19.2,-171.135223889155,8.29808025814781));
#16188=CARTESIAN_POINT('Ctrl Pts',(-19.2,-171.329577151738,8.25518239793866));
#16189=CARTESIAN_POINT('Ctrl Pts',(-19.2,-171.590465887192,8.25518239793866));
#16190=CARTESIAN_POINT('',(-16.,-171.007406099441,8.3838759785661));
#16191=CARTESIAN_POINT('',(-20.,-171.007406099441,8.3838759785661));
#16192=CARTESIAN_POINT('Ctrl Pts',(-16.,-171.007406099441,8.3838759785661));
#16193=CARTESIAN_POINT('Ctrl Pts',(-16.,-171.199132784012,8.25518239793866));
#16194=CARTESIAN_POINT('Ctrl Pts',(-16.,-171.590465887192,8.25518239793866));
#16195=CARTESIAN_POINT('Ctrl Pts',(-20.,-171.182060821655,7.97809798774808));
#16196=CARTESIAN_POINT('Ctrl Pts',(-16.,-171.182060821655,7.97809798774808));
#16197=CARTESIAN_POINT('Ctrl Pts',(-20.,-171.073066576126,8.08709342537015));
#16198=CARTESIAN_POINT('Ctrl Pts',(-16.,-171.073066576126,8.08709342537015));
#16199=CARTESIAN_POINT('Ctrl Pts',(-20.,-171.007406099441,8.3838759785661));
#16200=CARTESIAN_POINT('Ctrl Pts',(-16.,-171.007406099441,8.3838759785661));
#16201=CARTESIAN_POINT('',(-19.2,-171.182060821655,7.97809798774808));
#16202=CARTESIAN_POINT('Ctrl Pts',(-19.2,-171.182060821655,7.97809798774808));
#16203=CARTESIAN_POINT('Ctrl Pts',(-19.2,-171.109397991302,8.05076161282946));
#16204=CARTESIAN_POINT('Ctrl Pts',(-19.2,-171.051179750564,8.18602094310213));
#16205=CARTESIAN_POINT('Ctrl Pts',(-19.2,-171.007406099441,8.3838759785661));
#16206=CARTESIAN_POINT('',(-16.,-171.182060821655,7.97809798774808));
#16207=CARTESIAN_POINT('',(-20.,-171.182060821655,7.97809798774808));
#16208=CARTESIAN_POINT('Ctrl Pts',(-16.,-171.182060821655,7.97809798774808));
#16209=CARTESIAN_POINT('Ctrl Pts',(-16.,-171.073066576126,8.08709342537015));
#16210=CARTESIAN_POINT('Ctrl Pts',(-16.,-171.007406099441,8.3838759785661));
#16211=CARTESIAN_POINT('Ctrl Pts',(-20.,-171.519553049209,7.86910255012601));
#16212=CARTESIAN_POINT('Ctrl Pts',(-16.,-171.519553049209,7.86910255012601));
#16213=CARTESIAN_POINT('Ctrl Pts',(-20.,-171.291056259277,7.86910255012601));
#16214=CARTESIAN_POINT('Ctrl Pts',(-16.,-171.291056259277,7.86910255012601));
#16215=CARTESIAN_POINT('Ctrl Pts',(-20.,-171.182060821655,7.97809798774808));
#16216=CARTESIAN_POINT('Ctrl Pts',(-16.,-171.182060821655,7.97809798774808));
#16217=CARTESIAN_POINT('',(-19.2,-171.519553049209,7.86910255012601));
#16218=CARTESIAN_POINT('Ctrl Pts',(-19.2,-171.519553049209,7.86910255012601));
#16219=CARTESIAN_POINT('Ctrl Pts',(-19.2,-171.367221855921,7.86910255012601));
#16220=CARTESIAN_POINT('Ctrl Pts',(-19.2,-171.254724446736,7.9054343626667));
#16221=CARTESIAN_POINT('Ctrl Pts',(-19.2,-171.182060821655,7.97809798774808));
#16222=CARTESIAN_POINT('',(-16.,-171.519553049209,7.86910255012601));
#16223=CARTESIAN_POINT('',(-20.,-171.519553049209,7.86910255012601));
#16224=CARTESIAN_POINT('Ctrl Pts',(-16.,-171.519553049209,7.86910255012601));
#16225=CARTESIAN_POINT('Ctrl Pts',(-16.,-171.291056259277,7.86910255012601));
#16226=CARTESIAN_POINT('Ctrl Pts',(-16.,-171.182060821655,7.97809798774808));
#16227=CARTESIAN_POINT('Ctrl Pts',(-20.,-171.90300641835,7.91637767610639));
#16228=CARTESIAN_POINT('Ctrl Pts',(-16.,-171.90300641835,7.91637767610639));
#16229=CARTESIAN_POINT('Ctrl Pts',(-20.,-171.674510820511,7.86910255012601));
#16230=CARTESIAN_POINT('Ctrl Pts',(-16.,-171.674510820511,7.86910255012601));
#16231=CARTESIAN_POINT('Ctrl Pts',(-20.,-171.519553049209,7.86910255012601));
#16232=CARTESIAN_POINT('Ctrl Pts',(-16.,-171.519553049209,7.86910255012601));
#16233=CARTESIAN_POINT('',(-19.2,-171.54338423173,7.86937232766444));
#16234=CARTESIAN_POINT('Ctrl Pts',(-19.2,-171.543384231731,7.86937232766444));
#16235=CARTESIAN_POINT('Ctrl Pts',(-19.2,-171.535300621968,7.86919247597215));
#16236=CARTESIAN_POINT('Ctrl Pts',(-19.2,-171.52735689446,7.86910255012601));
#16237=CARTESIAN_POINT('Ctrl Pts',(-19.2,-171.519553049209,7.86910255012601));
#16238=CARTESIAN_POINT('',(-20.,-171.54338423173,7.86937232766444));
#16239=CARTESIAN_POINT('Ctrl Pts',(-20.,-171.54338423173,7.86937232766444));
#16240=CARTESIAN_POINT('Ctrl Pts',(-19.7333333333333,-171.54338423173,7.86937232766444));
#16241=CARTESIAN_POINT('Ctrl Pts',(-19.4666666666667,-171.54338423173,7.86937232766444));
#16242=CARTESIAN_POINT('Ctrl Pts',(-19.2,-171.54338423173,7.86937232766444));
#16243=CARTESIAN_POINT('',(-20.,-171.90300641835,7.91637767610639));
#16244=CARTESIAN_POINT('Ctrl Pts',(-20.,-171.90300641835,7.91637767610639));
#16245=CARTESIAN_POINT('Ctrl Pts',(-20.,-171.691771758163,7.87267379180309));
#16246=CARTESIAN_POINT('Ctrl Pts',(-20.,-171.54338423173,7.86937232766444));
#16247=CARTESIAN_POINT('',(-16.,-171.90300641835,7.91637767610639));
#16248=CARTESIAN_POINT('',(-20.,-171.90300641835,7.91637767610639));
#16249=CARTESIAN_POINT('Ctrl Pts',(-16.,-171.90300641835,7.91637767610639));
#16250=CARTESIAN_POINT('Ctrl Pts',(-16.,-171.674510820511,7.86910255012601));
#16251=CARTESIAN_POINT('Ctrl Pts',(-16.,-171.519553049209,7.86910255012601));
#16252=CARTESIAN_POINT('Origin',(-20.,-171.136099680069,4.06082917509168));
#16253=CARTESIAN_POINT('',(-20.,-171.136099680069,4.06082917509168));
#16254=CARTESIAN_POINT('',(-20.,-167.015197574612,-16.6566024791542));
#16255=CARTESIAN_POINT('',(-16.,-171.136099680069,4.06082917509168));
#16256=CARTESIAN_POINT('',(-20.,-171.136099680069,4.06082917509168));
#16257=CARTESIAN_POINT('',(-16.,-171.136099680069,4.06082917509168));
#16258=CARTESIAN_POINT('Ctrl Pts',(-20.,-171.049428566101,3.43312074003308));
#16259=CARTESIAN_POINT('Ctrl Pts',(-16.,-171.049428566101,3.43312074003308));
#16260=CARTESIAN_POINT('Ctrl Pts',(-20.,-171.049428566101,3.62484742460339));
#16261=CARTESIAN_POINT('Ctrl Pts',(-16.,-171.049428566101,3.62484742460339));
#16262=CARTESIAN_POINT('Ctrl Pts',(-20.,-171.136099680069,4.06082917509168));
#16263=CARTESIAN_POINT('Ctrl Pts',(-16.,-171.136099680069,4.06082917509168));
#16264=CARTESIAN_POINT('',(-20.,-171.049428566101,3.43312074003308));
#16265=CARTESIAN_POINT('Ctrl Pts',(-20.,-171.049428566101,3.43312074003308));
#16266=CARTESIAN_POINT('Ctrl Pts',(-20.,-171.049428566101,3.62484742460339));
#16267=CARTESIAN_POINT('Ctrl Pts',(-20.,-171.136099680069,4.06082917509168));
#16268=CARTESIAN_POINT('',(-16.,-171.049428566101,3.43312074003308));
#16269=CARTESIAN_POINT('',(-20.,-171.049428566101,3.43312074003308));
#16270=CARTESIAN_POINT('Ctrl Pts',(-16.,-171.049428566101,3.43312074003308));
#16271=CARTESIAN_POINT('Ctrl Pts',(-16.,-171.049428566101,3.62484742460339));
#16272=CARTESIAN_POINT('Ctrl Pts',(-16.,-171.136099680069,4.06082917509168));
#16273=CARTESIAN_POINT('Ctrl Pts',(-20.,-171.267419441345,3.18623949346631));
#16274=CARTESIAN_POINT('Ctrl Pts',(-16.,-171.267419441345,3.18623949346631));
#16275=CARTESIAN_POINT('Ctrl Pts',(-20.,-171.049428566101,3.18623949346631));
#16276=CARTESIAN_POINT('Ctrl Pts',(-16.,-171.049428566101,3.18623949346631));
#16277=CARTESIAN_POINT('Ctrl Pts',(-20.,-171.049428566101,3.43312074003308));
#16278=CARTESIAN_POINT('Ctrl Pts',(-16.,-171.049428566101,3.43312074003308));
#16279=CARTESIAN_POINT('',(-20.,-171.267419441345,3.18623949346631));
#16280=CARTESIAN_POINT('Ctrl Pts',(-20.,-171.267419441345,3.18623949346631));
#16281=CARTESIAN_POINT('Ctrl Pts',(-20.,-171.049428566101,3.18623949346631));
#16282=CARTESIAN_POINT('Ctrl Pts',(-20.,-171.049428566101,3.43312074003308));
#16283=CARTESIAN_POINT('',(-16.,-171.267419441345,3.18623949346631));
#16284=CARTESIAN_POINT('',(-20.,-171.267419441345,3.18623949346631));
#16285=CARTESIAN_POINT('Ctrl Pts',(-16.,-171.267419441345,3.18623949346631));
#16286=CARTESIAN_POINT('Ctrl Pts',(-16.,-171.049428566101,3.18623949346631));
#16287=CARTESIAN_POINT('Ctrl Pts',(-16.,-171.049428566101,3.43312074003308));
#16288=CARTESIAN_POINT('Ctrl Pts',(-20.,-171.671884639862,3.27291060743421));
#16289=CARTESIAN_POINT('Ctrl Pts',(-16.,-171.671884639862,3.27291060743421));
#16290=CARTESIAN_POINT('Ctrl Pts',(-20.,-171.406617744568,3.18623949346631));
#16291=CARTESIAN_POINT('Ctrl Pts',(-16.,-171.406617744568,3.18623949346631));
#16292=CARTESIAN_POINT('Ctrl Pts',(-20.,-171.267419441345,3.18623949346631));
#16293=CARTESIAN_POINT('Ctrl Pts',(-16.,-171.267419441345,3.18623949346631));
#16294=CARTESIAN_POINT('Ctrl Pts',(-20.,-171.671884639862,3.27291060743421));
#16295=CARTESIAN_POINT('Ctrl Pts',(-20.,-171.406617744568,3.18623949346631));
#16296=CARTESIAN_POINT('Ctrl Pts',(-20.,-171.267419441345,3.18623949346631));
#16297=CARTESIAN_POINT('Ctrl Pts',(-16.,-171.671884639862,3.27291060743421));
#16298=CARTESIAN_POINT('Ctrl Pts',(-16.,-171.406617744568,3.18623949346631));
#16299=CARTESIAN_POINT('Ctrl Pts',(-16.,-171.267419441345,3.18623949346631));
#16300=CARTESIAN_POINT('Origin',(-16.,-172.614759786728,5.81000853834241));
#16301=CARTESIAN_POINT('Origin',(-20.,-155.,0.));
#16302=CARTESIAN_POINT('',(-19.2,-155.,0.));
#16303=CARTESIAN_POINT('',(-19.2,-155.,0.));
#16304=CARTESIAN_POINT('',(26.921875,-155.,0.));
#16305=CARTESIAN_POINT('',(-20.,-132.5,-38.9711431702998));
#16306=CARTESIAN_POINT('Origin',(-20.,-155.,0.));
#16307=CARTESIAN_POINT('',(-20.,-162.504164949681,12.9975949612251));
#16308=CARTESIAN_POINT('',(-20.,-132.5,-38.9711431702998));
#16309=CARTESIAN_POINT('',(-19.2,-162.504164949681,12.9975949612251));
#16310=CARTESIAN_POINT('',(-20.,-162.504164949681,12.9975949612251));
#16311=CARTESIAN_POINT('',(-19.2,-155.,0.));
#16312=CARTESIAN_POINT('Origin',(-20.,-160.133974596216,0.5));
#16313=CARTESIAN_POINT('',(-20.,-136.883974596216,-39.7701812759764));
#16314=CARTESIAN_POINT('',(-19.2,-160.133974596216,0.5));
#16315=CARTESIAN_POINT('Origin',(-20.,-160.133974596216,0.5));
#16316=CARTESIAN_POINT('',(-20.,-160.133974596216,0.5));
#16317=CARTESIAN_POINT('',(-20.,-136.883974596216,-39.7701812759764));
#16318=CARTESIAN_POINT('',(-19.2,-160.133974596216,0.5));
#16319=CARTESIAN_POINT('',(-20.,-160.133974596216,0.5));
#16320=CARTESIAN_POINT('',(-19.2,-160.133974596216,0.5));
#16321=CARTESIAN_POINT('Origin',(-19.2,-164.752082474841,6.49879748061256));
#16322=CARTESIAN_POINT('',(-19.2,-161.,0.));
#16323=CARTESIAN_POINT('Origin',(-19.2,-164.752082474841,6.49879748061256));
#16324=CARTESIAN_POINT('',(-19.2,-161.,0.));
#16325=CARTESIAN_POINT('',(-19.2,-161.,0.));
#16326=CARTESIAN_POINT('',(-19.2,-161.,0.));
#16327=CARTESIAN_POINT('Origin',(-19.2,-164.752082474841,6.49879748061256));
#16328=CARTESIAN_POINT('',(-19.2,-168.504164949681,12.9975949612251));
#16329=CARTESIAN_POINT('',(-19.2,-161.,0.));
#16330=CARTESIAN_POINT('',(-19.2,-168.499999300329,13.));
#16331=CARTESIAN_POINT('',(-19.2,-168.504164949681,12.9975949612251));
#16332=CARTESIAN_POINT('',(-19.2,-167.350852961086,13.));
#16333=CARTESIAN_POINT('',(-19.2,-124.53699123742,13.));
#16334=CARTESIAN_POINT('',(-19.2,-160.133974596216,0.5));
#16335=CARTESIAN_POINT('Origin',(-20.,-161.,0.));
#16336=CARTESIAN_POINT('',(-20.,-168.504164949681,12.9975949612251));
#16337=CARTESIAN_POINT('',(-20.,-137.75,-40.2701812759764));
#16338=CARTESIAN_POINT('',(-20.,-168.504164949681,12.9975949612251));
#16339=CARTESIAN_POINT('Origin',(-20.,-161.,0.));
#16340=CARTESIAN_POINT('',(-20.,-161.,0.));
#16341=CARTESIAN_POINT('',(26.921875,-161.,2.22044604925031E-15));
#16342=CARTESIAN_POINT('',(-20.,-137.75,-40.2701812759764));
#16343=CARTESIAN_POINT('Origin',(-20.,-161.,0.));
#16344=CARTESIAN_POINT('',(-20.,-137.75,-40.2701812759764));
#16345=CARTESIAN_POINT('Origin',(-20.,25.,0.));
#16346=CARTESIAN_POINT('',(-20.,-142.133974596216,-41.069219381653));
#16347=CARTESIAN_POINT('Origin',(-20.,25.,0.));
#16348=CARTESIAN_POINT('Origin',(-20.,25.,0.));
#16349=CARTESIAN_POINT('',(-20.,-167.,0.));
#16350=CARTESIAN_POINT('',(-20.,-193.6438,0.));
#16351=CARTESIAN_POINT('',(-20.,-166.133974596216,0.5));
#16352=CARTESIAN_POINT('',(-20.,-95.,41.569219381653));
#16353=CARTESIAN_POINT('',(-20.,-142.133974596216,-41.069219381653));
#16354=CARTESIAN_POINT('',(-20.,-142.133974596216,-41.069219381653));
#16355=CARTESIAN_POINT('',(-20.,-173.350852961086,13.));
#16356=CARTESIAN_POINT('',(-20.,-142.133974596216,-41.069219381653));
#16357=CARTESIAN_POINT('',(-20.,-168.499999300329,13.));
#16358=CARTESIAN_POINT('',(-20.,-193.6438,13.));
#16359=CARTESIAN_POINT('',(-20.,-98.754164949681,53.2677762372015));
#16360=CARTESIAN_POINT('Origin',(-20.,-166.133974596216,0.5));
#16361=CARTESIAN_POINT('',(-19.2,-166.133974596216,0.5));
#16362=CARTESIAN_POINT('Origin',(-20.,-166.133974596216,0.5));
#16363=CARTESIAN_POINT('',(-19.2,-166.133974596216,0.5));
#16364=CARTESIAN_POINT('Origin',(-20.,-166.133974596216,0.5));
#16365=CARTESIAN_POINT('',(-19.2,-173.350852961086,13.));
#16366=CARTESIAN_POINT('',(-19.2,-166.133974596216,0.5));
#16367=CARTESIAN_POINT('',(26.921875,-173.350852961086,13.));
#16368=CARTESIAN_POINT('Origin',(-20.,-172.133974596216,0.5));
#16369=CARTESIAN_POINT('',(-20.,-172.133974596216,0.5));
#16370=CARTESIAN_POINT('',(-20.,-147.383974596216,-42.3682574873297));
#16371=CARTESIAN_POINT('',(-19.2,-172.133974596216,0.5));
#16372=CARTESIAN_POINT('',(-20.,-172.133974596216,0.5));
#16373=CARTESIAN_POINT('',(-19.2,-172.133974596216,0.5));
#16374=CARTESIAN_POINT('Origin',(-20.,-172.133974596216,0.5));
#16375=CARTESIAN_POINT('',(-19.2,-179.350852961086,13.));
#16376=CARTESIAN_POINT('',(-19.2,-172.133974596216,0.5));
#16377=CARTESIAN_POINT('',(-20.,-179.350852961086,13.));
#16378=CARTESIAN_POINT('',(26.921875,-179.350852961086,13.));
#16379=CARTESIAN_POINT('',(-20.,-147.383974596216,-42.3682574873297));
#16380=CARTESIAN_POINT('Origin',(-19.2,-176.752082474841,6.49879748061256));
#16381=CARTESIAN_POINT('',(-19.2,-173.,0.));
#16382=CARTESIAN_POINT('',(-19.2,-173.,0.));
#16383=CARTESIAN_POINT('',(-19.2,-173.,0.));
#16384=CARTESIAN_POINT('Origin',(-20.,-173.,0.));
#16385=CARTESIAN_POINT('',(-20.,-173.,0.));
#16386=CARTESIAN_POINT('',(26.921875,-173.,2.22044604925031E-15));
#16387=CARTESIAN_POINT('',(-20.,-148.25,-42.8682574873297));
#16388=CARTESIAN_POINT('Origin',(-20.,-173.,0.));
#16389=CARTESIAN_POINT('',(-19.2,-173.,0.));
#16390=CARTESIAN_POINT('',(-20.,-148.25,-42.8682574873297));
#16391=CARTESIAN_POINT('Origin',(-20.,-173.,0.));
#16392=CARTESIAN_POINT('',(-19.2,-173.,0.));
#16393=CARTESIAN_POINT('',(-20.,-148.25,-42.8682574873297));
#16394=CARTESIAN_POINT('Origin',(-20.,-173.,0.));
#16395=CARTESIAN_POINT('',(-20.,-180.504164949681,12.9975949612251));
#16396=CARTESIAN_POINT('',(-20.,-148.25,-42.8682574873297));
#16397=CARTESIAN_POINT('',(-19.2,-180.504164949681,12.9975949612251));
#16398=CARTESIAN_POINT('',(-20.,-180.504164949681,12.9975949612251));
#16399=CARTESIAN_POINT('',(-19.2,-173.,0.));
#16400=CARTESIAN_POINT('Origin',(-20.,25.,0.));
#16401=CARTESIAN_POINT('',(-20.,-193.6438,0.));
#16402=CARTESIAN_POINT('',(-20.,-178.133974596216,0.5));
#16403=CARTESIAN_POINT('',(-20.,-102.5,44.1672955930064));
#16404=CARTESIAN_POINT('',(-20.,-152.633974596216,-43.6672955930064));
#16405=CARTESIAN_POINT('Origin',(-20.,25.,0.));
#16406=CARTESIAN_POINT('Origin',(-20.,25.,0.));
#16407=CARTESIAN_POINT('',(-20.,-185.350852961086,13.));
#16408=CARTESIAN_POINT('',(-20.,-152.633974596216,-43.6672955930064));
#16409=CARTESIAN_POINT('',(-20.,-180.499999300329,13.));
#16410=CARTESIAN_POINT('',(-20.,-193.6438,13.));
#16411=CARTESIAN_POINT('',(-20.,-106.254164949681,55.8658524485548));
#16412=CARTESIAN_POINT('Origin',(-20.,25.,0.));
#16413=CARTESIAN_POINT('Origin',(-20.,-178.133974596216,0.5));
#16414=CARTESIAN_POINT('',(-19.2,-185.350852961086,13.));
#16415=CARTESIAN_POINT('',(-19.2,-178.133974596216,0.5));
#16416=CARTESIAN_POINT('',(26.921875,-185.350852961086,13.));
#16417=CARTESIAN_POINT('Origin',(-20.,-178.133974596216,0.5));
#16418=CARTESIAN_POINT('',(-19.2,-178.133974596216,0.5));
#16419=CARTESIAN_POINT('',(-20.,-178.133974596216,0.5));
#16420=CARTESIAN_POINT('',(-19.2,-178.133974596216,0.5));
#16421=CARTESIAN_POINT('Origin',(-20.,-154.133974596216,0.5));
#16422=CARTESIAN_POINT('',(-19.2,-161.350852961086,13.));
#16423=CARTESIAN_POINT('',(-19.2,-154.133974596216,0.5));
#16424=CARTESIAN_POINT('',(26.921875,-161.350852961086,13.));
#16425=CARTESIAN_POINT('Origin',(-20.,-154.133974596216,0.5));
#16426=CARTESIAN_POINT('',(-19.2,-154.133974596216,0.5));
#16427=CARTESIAN_POINT('',(-20.,-154.133974596216,0.5));
#16428=CARTESIAN_POINT('',(-19.2,-154.133974596216,0.5));
#16429=CARTESIAN_POINT('Origin',(-19.2,-170.752082474841,6.49879748061256));
#16430=CARTESIAN_POINT('Origin',(-19.2,-170.752082474841,6.49879748061256));
#16431=CARTESIAN_POINT('',(-19.2,-166.133974596216,0.5));
#16432=CARTESIAN_POINT('',(-19.2,-166.133974596216,0.5));
#16433=CARTESIAN_POINT('',(-19.2,-167.,0.));
#16434=CARTESIAN_POINT('',(-19.2,-167.,0.));
#16435=CARTESIAN_POINT('',(-19.2,-167.,0.));
#16436=CARTESIAN_POINT('Origin',(-19.2,-170.752082474841,6.49879748061256));
#16437=CARTESIAN_POINT('',(-19.2,-167.,0.));
#16438=CARTESIAN_POINT('',(-19.2,-174.504164949681,12.9975949612251));
#16439=CARTESIAN_POINT('',(-19.2,-167.,0.));
#16440=CARTESIAN_POINT('',(-19.2,-174.499999300329,13.));
#16441=CARTESIAN_POINT('',(-19.2,-174.504164949681,12.9975949612251));
#16442=CARTESIAN_POINT('',(-19.2,-127.53699123742,13.));
#16443=CARTESIAN_POINT('Origin',(-20.,-167.,0.));
#16444=CARTESIAN_POINT('',(-20.,-174.504164949681,12.9975949612251));
#16445=CARTESIAN_POINT('',(-20.,-143.,-41.569219381653));
#16446=CARTESIAN_POINT('',(-20.,-174.504164949681,12.9975949612251));
#16447=CARTESIAN_POINT('Origin',(-20.,-167.,0.));
#16448=CARTESIAN_POINT('',(-20.,-143.,-41.569219381653));
#16449=CARTESIAN_POINT('Origin',(-20.,25.,0.));
#16450=CARTESIAN_POINT('Origin',(-20.,25.,0.));
#16451=CARTESIAN_POINT('',(-20.,-193.6438,0.));
#16452=CARTESIAN_POINT('',(-20.,-91.25,40.2701812759764));
#16453=CARTESIAN_POINT('Origin',(-20.,25.,0.));
#16454=CARTESIAN_POINT('',(-20.,-167.350852961086,13.));
#16455=CARTESIAN_POINT('',(-20.,-136.883974596216,-39.7701812759764));
#16456=CARTESIAN_POINT('',(-20.,-162.499999300329,13.));
#16457=CARTESIAN_POINT('',(-20.,-193.6438,13.));
#16458=CARTESIAN_POINT('',(-20.,-95.0041649496811,51.9687381315249));
#16459=CARTESIAN_POINT('Origin',(-20.,25.,0.));
#16460=CARTESIAN_POINT('Origin',(-20.,25.,0.));
#16461=CARTESIAN_POINT('Origin',(-19.6,-155.,0.));
#16462=CARTESIAN_POINT('',(26.921875,-155.,0.));
#16463=CARTESIAN_POINT('',(-19.2,-155.,0.));
#16464=CARTESIAN_POINT('Origin',(-19.2,-158.752082474841,6.49879748061256));
#16465=CARTESIAN_POINT('',(-19.2,-162.499999300329,13.));
#16466=CARTESIAN_POINT('',(-19.2,-162.504164949681,12.9975949612251));
#16467=CARTESIAN_POINT('',(-19.2,-121.53699123742,13.));
#16468=CARTESIAN_POINT('Origin',(-19.6,-162.504164949681,12.9975949612251));
#16469=CARTESIAN_POINT('',(27.121875,-162.499999300329,13.));
#16470=CARTESIAN_POINT('Origin',(-20.,-167.,0.));
#16471=CARTESIAN_POINT('',(26.921875,-167.,2.22044604925031E-15));
#16472=CARTESIAN_POINT('',(-20.,-143.,-41.569219381653));
#16473=CARTESIAN_POINT('Origin',(-20.,-166.133974596216,0.5));
#16474=CARTESIAN_POINT('',(-20.,-166.133974596216,0.5));
#16475=CARTESIAN_POINT('Origin',(-19.6,-167.,0.));
#16476=CARTESIAN_POINT('',(26.921875,-167.,2.22044604925031E-15));
#16477=CARTESIAN_POINT('Origin',(-19.6,-174.504164949681,12.9975949612251));
#16478=CARTESIAN_POINT('',(-20.,-174.499999300329,13.));
#16479=CARTESIAN_POINT('',(27.121875,-174.499999300329,13.));
#16480=CARTESIAN_POINT('',(-20.,-102.504164949681,54.5668143428782));
#16481=CARTESIAN_POINT('Origin',(-19.6,-173.,0.));
#16482=CARTESIAN_POINT('',(-20.,-98.75,42.8682574873297));
#16483=CARTESIAN_POINT('',(26.921875,-173.,2.22044604925031E-15));
#16484=CARTESIAN_POINT('Origin',(-19.2,-176.752082474841,6.49879748061256));
#16485=CARTESIAN_POINT('',(-19.2,-180.499999300329,13.));
#16486=CARTESIAN_POINT('',(-19.2,-180.504164949681,12.9975949612251));
#16487=CARTESIAN_POINT('',(-19.2,-130.53699123742,13.));
#16488=CARTESIAN_POINT('Origin',(-19.6,-180.504164949681,12.9975949612251));
#16489=CARTESIAN_POINT('',(27.121875,-180.499999300329,13.));
#16490=CARTESIAN_POINT('Origin',(-20.,-160.133974596216,0.5));
#16491=CARTESIAN_POINT('',(26.921875,-167.350852961086,13.));
#16492=CARTESIAN_POINT('Origin',(-19.6,-161.,0.));
#16493=CARTESIAN_POINT('',(26.921875,-161.,2.22044604925031E-15));
#16494=CARTESIAN_POINT('Origin',(-19.6,-168.504164949681,12.9975949612251));
#16495=CARTESIAN_POINT('',(27.121875,-168.499999300329,13.));
#16496=CARTESIAN_POINT('Origin',(-20.,-179.,0.));
#16497=CARTESIAN_POINT('',(-19.2,-186.504164949681,12.9975949612251));
#16498=CARTESIAN_POINT('',(-20.,-186.504164949681,12.9975949612251));
#16499=CARTESIAN_POINT('',(-19.2,-179.,0.));
#16500=CARTESIAN_POINT('',(-19.2,-179.,0.));
#16501=CARTESIAN_POINT('',(26.921875,-179.,4.44089209850063E-15));
#16502=CARTESIAN_POINT('Origin',(-19.6,-179.,0.));
#16503=CARTESIAN_POINT('',(26.921875,-179.,4.44089209850063E-15));
#16504=CARTESIAN_POINT('',(-19.2,-179.,0.));
#16505=CARTESIAN_POINT('Origin',(-19.2,-182.752082474841,6.49879748061256));
#16506=CARTESIAN_POINT('',(-19.2,-186.499999300329,13.));
#16507=CARTESIAN_POINT('',(-19.2,-186.504164949681,12.9975949612251));
#16508=CARTESIAN_POINT('',(-19.2,-133.53699123742,13.));
#16509=CARTESIAN_POINT('Origin',(-19.6,-186.504164949681,12.9975949612251));
#16510=CARTESIAN_POINT('',(27.121875,-186.499999300329,13.));
#16511=CARTESIAN_POINT('Origin',(-20.,25.,0.));
#16512=CARTESIAN_POINT('',(-20.,-193.6438,0.));
#16513=CARTESIAN_POINT('Origin',(-20.,25.,0.));
#16514=CARTESIAN_POINT('Origin',(-20.,25.,0.));
#16515=CARTESIAN_POINT('Origin',(-20.,25.,0.));
#16516=CARTESIAN_POINT('',(-20.,-193.6438,0.));
#16517=CARTESIAN_POINT('',(-20.,-193.6438,13.));
#16518=CARTESIAN_POINT('Origin',(167.6875,25.,0.));
#16519=CARTESIAN_POINT('',(161.6875,25.,13.));
#16520=CARTESIAN_POINT('',(-20.,25.,13.));
#16521=CARTESIAN_POINT('',(161.6875,25.,0.));
#16522=CARTESIAN_POINT('',(161.6875,25.,0.));
#16523=CARTESIAN_POINT('',(-20.,25.,0.));
#16524=CARTESIAN_POINT('Origin',(73.84375,-84.3219,13.));
#16525=CARTESIAN_POINT('',(132.6875,-193.6438,13.));
#16526=CARTESIAN_POINT('',(167.6875,-193.6438,13.));
#16527=CARTESIAN_POINT('',(132.6875,-183.6438,13.));
#16528=CARTESIAN_POINT('',(132.6875,-138.98285,13.));
#16529=CARTESIAN_POINT('',(-10.,-183.6438,13.));
#16530=CARTESIAN_POINT('',(157.6875,-183.6438,13.));
#16531=CARTESIAN_POINT('',(-10.,15.,13.));
#16532=CARTESIAN_POINT('',(-10.,-183.6438,13.));
#16533=CARTESIAN_POINT('',(157.6875,15.,13.));
#16534=CARTESIAN_POINT('',(-10.,15.,13.));
#16535=CARTESIAN_POINT('',(157.6875,-183.6438,13.));
#16536=CARTESIAN_POINT('',(157.6875,15.,13.));
#16537=CARTESIAN_POINT('',(152.6875,-183.6438,13.));
#16538=CARTESIAN_POINT('',(157.6875,-183.6438,13.));
#16539=CARTESIAN_POINT('',(152.6875,-193.6438,13.));
#16540=CARTESIAN_POINT('',(152.6875,-133.98285,13.));
#16541=CARTESIAN_POINT('',(161.6875,-193.6438,13.));
#16542=CARTESIAN_POINT('',(167.6875,-193.6438,13.));
#16543=CARTESIAN_POINT('',(167.6875,-187.6438,13.));
#16544=CARTESIAN_POINT('Origin',(161.6875,-187.6438,13.));
#16545=CARTESIAN_POINT('',(167.6875,19.,13.));
#16546=CARTESIAN_POINT('',(167.6875,25.,13.));
#16547=CARTESIAN_POINT('Origin',(161.6875,19.,13.));
#16548=CARTESIAN_POINT('Origin',(161.6875,19.,0.));
#16549=CARTESIAN_POINT('',(167.6875,19.,0.));
#16550=CARTESIAN_POINT('',(167.6875,19.,0.));
#16551=CARTESIAN_POINT('Origin',(161.6875,19.,0.));
#16552=CARTESIAN_POINT('Origin',(167.6875,-193.6438,0.));
#16553=CARTESIAN_POINT('',(167.6875,-187.6438,0.));
#16554=CARTESIAN_POINT('',(167.6875,-187.6438,0.));
#16555=CARTESIAN_POINT('',(167.6875,25.,0.));
#16556=CARTESIAN_POINT('Origin',(161.6875,-187.6438,0.));
#16557=CARTESIAN_POINT('',(161.6875,-193.6438,0.));
#16558=CARTESIAN_POINT('',(161.6875,-193.6438,0.));
#16559=CARTESIAN_POINT('Origin',(161.6875,-187.6438,0.));
#16560=CARTESIAN_POINT('Origin',(-20.,-193.6438,0.));
#16561=CARTESIAN_POINT('',(152.6875,-193.6438,5.5));
#16562=CARTESIAN_POINT('',(152.6875,-193.6438,6.5));
#16563=CARTESIAN_POINT('',(132.6875,-193.6438,5.5));
#16564=CARTESIAN_POINT('',(61.34375,-193.6438,5.5));
#16565=CARTESIAN_POINT('',(132.6875,-193.6438,6.5));
#16566=CARTESIAN_POINT('',(167.6875,-193.6438,0.));
#16567=CARTESIAN_POINT('Origin',(-20.,25.,0.));
#16568=CARTESIAN_POINT('Origin',(152.6875,-183.6438,13.));
#16569=CARTESIAN_POINT('',(152.6875,-183.6438,5.5));
#16570=CARTESIAN_POINT('',(152.6875,-183.6438,6.5));
#16571=CARTESIAN_POINT('',(152.6875,-183.6438,5.5));
#16572=CARTESIAN_POINT('Origin',(132.6875,-193.6438,13.));
#16573=CARTESIAN_POINT('',(132.6875,-183.6438,5.5));
#16574=CARTESIAN_POINT('',(132.6875,-193.6438,5.5));
#16575=CARTESIAN_POINT('',(132.6875,-183.6438,6.5));
#16576=CARTESIAN_POINT('Origin',(142.6875,-188.6438,5.5));
#16577=CARTESIAN_POINT('',(150.1875,-183.6438,5.5));
#16578=CARTESIAN_POINT('Origin',(157.6875,15.,0.));
#16579=CARTESIAN_POINT('',(157.6875,-183.6438,3.));
#16580=CARTESIAN_POINT('',(157.6875,15.,3.));
#16581=CARTESIAN_POINT('',(157.6875,15.,3.));
#16582=CARTESIAN_POINT('',(157.6875,-183.6438,0.));
#16583=CARTESIAN_POINT('',(157.6875,15.,0.));
#16584=CARTESIAN_POINT('Origin',(157.6875,-183.6438,0.));
#16585=CARTESIAN_POINT('',(-10.,-183.6438,3.));
#16586=CARTESIAN_POINT('',(157.6875,-183.6438,3.));
#16587=CARTESIAN_POINT('',(-10.,-183.6438,0.));
#16588=CARTESIAN_POINT('Origin',(-10.,15.,0.));
#16589=CARTESIAN_POINT('',(-10.,15.,3.));
#16590=CARTESIAN_POINT('',(-10.,15.,3.));
#16591=CARTESIAN_POINT('',(-10.,15.,0.));
#16592=CARTESIAN_POINT('Origin',(-10.,-183.6438,0.));
#16593=CARTESIAN_POINT('',(-10.,-183.6438,3.));
#16594=CARTESIAN_POINT('Origin',(73.84375,-84.3219,3.));
#16595=CARTESIAN_POINT('Origin',(73.84375,-84.3219,0.));
#16596=UNCERTAINTY_MEASURE_WITH_UNIT(LENGTH_MEASURE(0.01),#16600,
'DISTANCE_ACCURACY_VALUE',
'Maximum model space distance between geometric entities at asserted c
onnectivities');
#16597=UNCERTAINTY_MEASURE_WITH_UNIT(LENGTH_MEASURE(0.01),#16600,
'DISTANCE_ACCURACY_VALUE',
'Maximum model space distance between geometric entities at asserted c
onnectivities');
#16598=(
GEOMETRIC_REPRESENTATION_CONTEXT(3)
GLOBAL_UNCERTAINTY_ASSIGNED_CONTEXT((#16596))
GLOBAL_UNIT_ASSIGNED_CONTEXT((#16600,#16602,#16603))
REPRESENTATION_CONTEXT('','3D')
);
#16599=(
GEOMETRIC_REPRESENTATION_CONTEXT(3)
GLOBAL_UNCERTAINTY_ASSIGNED_CONTEXT((#16597))
GLOBAL_UNIT_ASSIGNED_CONTEXT((#16600,#16602,#16603))
REPRESENTATION_CONTEXT('','3D')
);
#16600=(
LENGTH_UNIT()
NAMED_UNIT(*)
SI_UNIT(.MILLI.,.METRE.)
);
#16601=(
LENGTH_UNIT()
NAMED_UNIT(*)
SI_UNIT($,.METRE.)
);
#16602=(
NAMED_UNIT(*)
PLANE_ANGLE_UNIT()
SI_UNIT($,.RADIAN.)
);
#16603=(
NAMED_UNIT(*)
SI_UNIT($,.STERADIAN.)
SOLID_ANGLE_UNIT()
);
#16604=SHAPE_DEFINITION_REPRESENTATION(#16605,#16606);
#16605=PRODUCT_DEFINITION_SHAPE('',$,#16608);
#16606=SHAPE_REPRESENTATION('',(#9766),#16598);
#16607=PRODUCT_DEFINITION_CONTEXT('part definition',#16612,'design');
#16608=PRODUCT_DEFINITION('2026-04-16-18-11-24-138',
'EasySplit-Right v6',#16609,#16607);
#16609=PRODUCT_DEFINITION_FORMATION('',$,#16614);
#16610=PRODUCT_RELATED_PRODUCT_CATEGORY('EasySplit-Right v6',
'EasySplit-Right v6',(#16614));
#16611=APPLICATION_PROTOCOL_DEFINITION('international standard',
'automotive_design',2009,#16612);
#16612=APPLICATION_CONTEXT(
'Core Data for Automotive Mechanical Design Process');
#16613=PRODUCT_CONTEXT('part definition',#16612,'mechanical');
#16614=PRODUCT('2026-04-16-18-11-24-138','EasySplit-Right v6',$,(#16613));
#16615=PRESENTATION_STYLE_ASSIGNMENT((#16616));
#16616=SURFACE_STYLE_USAGE(.BOTH.,#16617);
#16617=SURFACE_SIDE_STYLE('',(#16618));
#16618=SURFACE_STYLE_FILL_AREA(#16619);
#16619=FILL_AREA_STYLE('Steel - Satin',(#16620));
#16620=FILL_AREA_STYLE_COLOUR('Steel - Satin',#16621);
#16621=COLOUR_RGB('Steel - Satin',0.627450980392157,0.627450980392157,0.627450980392157);
ENDSEC;
END-ISO-10303-21;
